Tiempo(s),Pitch(rad),Roll(rad),Yaw(rad)
0.0,-0.054,-0.054,-2.11
0.05,-0.053,-0.054,-2.11
0.6,-0.053,-0.054,-2.11
0.65,-0.053,-0.054,-2.11
1.2,-0.053,-0.054,-2.11
1.26,-0.053,-0.054,-2.11
1.31,-0.054,-0.054,-2.11
1.86,-0.054,-0.054,-2.11
1.91,-0.053,-0.054,-2.11
1.96,-0.054,-0.054,-2.11
2.51,-0.053,-0.054,-2.11
2.56,-0.053,-0.054,-2.11
2.61,-0.053,-0.054,-2.11
3.16,-0.054,-0.054,-2.11
3.21,-0.053,-0.054,-2.11
3.76,-0.054,-0.054,-2.11
3.81,-0.053,-0.054,-2.11
3.86,-0.054,-0.054,-2.11
4.41,-0.053,-0.054,-2.11
4.46,-0.054,-0.054,-2.11
5.02,-0.053,-0.054,-2.109
5.07,-0.053,-0.054,-2.109
5.12,-0.053,-0.054,-2.109
5.67,-0.053,-0.054,-2.109
5.72,-0.053,-0.054,-2.109
5.77,-0.053,-0.054,-2.109
6.32,-0.053,-0.054,-2.109
6.37,-0.053,-0.054,-2.109
6.42,-0.053,-0.054,-2.109
6.97,-0.053,-0.054,-2.109
7.02,-0.053,-0.054,-2.109
7.57,-0.053,-0.053,-2.109
7.63,-0.053,-0.054,-2.109
7.68,-0.054,-0.054,-2.112
8.23,-0.055,-0.054,-2.128
8.28,-0.057,-0.054,-2.172
8.83,-0.054,-0.051,-2.225
8.88,-0.06,-0.053,-2.217
8.93,-0.071,-0.052,-2.197
9.48,-0.089,-0.052,-2.167
9.53,-0.064,-0.054,-2.1
9.58,-0.096,-0.057,-2.065
10.13,-0.083,-0.055,-2.067
10.19,-0.066,-0.054,-2.067
10.24,-0.08,-0.055,-2.055
10.79,-0.073,-0.055,-2.035
10.84,-0.057,-0.055,-2.045
10.89,-0.058,-0.055,-2.049
11.44,-0.057,-0.054,-2.05
11.49,-0.057,-0.054,-2.052
12.04,-0.057,-0.054,-2.054
12.59,-0.057,-0.054,-2.054
12.65,-0.057,-0.054,-2.056
12.7,-0.057,-0.054,-2.057
12.75,-0.057,-0.054,-2.058
13.3,-0.057,-0.054,-2.059
13.35,-0.057,-0.054,-2.06
13.4,-0.057,-0.054,-2.061
13.95,-0.057,-0.054,-2.061
14.0,-0.057,-0.054,-2.062
14.05,-0.056,-0.053,-2.062
14.6,-0.056,-0.053,-2.063
14.65,-0.056,-0.053,-2.064
14.7,-0.056,-0.053,-2.063
15.26,-0.056,-0.053,-2.064
15.31,-0.056,-0.053,-2.065
15.86,-0.056,-0.053,-2.066
15.91,-0.056,-0.053,-2.067
16.46,-0.056,-0.053,-2.068
16.51,-0.056,-0.053,-2.068
16.56,-0.056,-0.053,-2.069
17.11,-0.056,-0.053,-2.07
17.16,-0.056,-0.053,-2.071
17.21,-0.056,-0.053,-2.071
17.76,-0.056,-0.053,-2.072
17.82,-0.056,-0.053,-2.072
17.87,-0.056,-0.053,-2.073
18.42,-0.056,-0.053,-2.073
18.47,-0.056,-0.053,-2.074
19.02,-0.056,-0.053,-2.075
19.07,-0.056,-0.053,-2.075
19.13,-0.056,-0.053,-2.076
19.68,-0.056,-0.053,-2.076
19.73,-0.056,-0.053,-2.077
20.28,-0.056,-0.053,-2.077
20.33,-0.056,-0.053,-2.078
20.38,-0.056,-0.052,-2.078
20.93,-0.056,-0.052,-2.079
20.98,-0.056,-0.053,-2.079
21.03,-0.056,-0.053,-2.079
21.59,-0.056,-0.053,-2.08
21.64,-0.056,-0.053,-2.08
21.69,-0.056,-0.053,-2.081
22.24,-0.056,-0.053,-2.081
22.29,-0.056,-0.053,-2.081
22.84,-0.056,-0.053,-2.082
22.89,-0.056,-0.053,-2.082
22.94,-0.056,-0.053,-2.082
23.49,-0.056,-0.053,-2.083
23.55,-0.056,-0.053,-2.083
23.6,-0.056,-0.053,-2.083
24.15,-0.055,-0.053,-2.084
24.2,-0.055,-0.053,-2.084
24.75,-0.056,-0.052,-2.085
24.8,-0.055,-0.052,-2.085
24.85,-0.055,-0.052,-2.085
25.41,-0.055,-0.052,-2.085
25.46,-0.055,-0.052,-2.085
25.51,-0.055,-0.052,-2.086
26.06,-0.055,-0.052,-2.086
26.11,-0.055,-0.052,-2.086
26.17,-0.055,-0.052,-2.086
26.72,-0.055,-0.052,-2.087
26.77,-0.055,-0.052,-2.087
27.32,-0.055,-0.052,-2.087
27.37,-0.055,-0.052,-2.087
27.92,-0.055,-0.052,-2.087
27.97,-0.055,-0.052,-2.087
28.03,-0.055,-0.052,-2.087
28.58,-0.055,-0.052,-2.088
28.63,-0.055,-0.052,-2.088
28.68,-0.055,-0.052,-2.088
29.23,-0.055,-0.052,-2.088
29.28,-0.055,-0.052,-2.088
29.33,-0.055,-0.052,-2.088
29.88,-0.055,-0.052,-2.089
29.93,-0.055,-0.052,-2.089
29.98,-0.055,-0.052,-2.089
30.54,-0.055,-0.052,-2.089
30.59,-0.055,-0.052,-2.09
31.14,-0.055,-0.052,-2.089
31.19,-0.055,-0.053,-2.089
31.24,-0.055,-0.052,-2.09
31.79,-0.055,-0.052,-2.09
31.84,-0.055,-0.052,-2.089
32.39,-0.055,-0.052,-2.09
32.44,-0.055,-0.052,-2.09
32.49,-0.055,-0.052,-2.089
33.05,-0.055,-0.053,-2.089
33.1,-0.055,-0.052,-2.09
33.15,-0.055,-0.052,-2.09
33.7,-0.055,-0.053,-2.09
33.75,-0.055,-0.052,-2.09
34.3,-0.055,-0.052,-2.091
34.36,-0.055,-0.052,-2.091
34.41,-0.055,-0.053,-2.091
34.96,-0.055,-0.053,-2.091
35.01,-0.055,-0.053,-2.091
35.56,-0.055,-0.053,-2.091
35.61,-0.055,-0.052,-2.091
35.67,-0.055,-0.053,-2.092
35.72,-0.055,-0.053,-2.092
36.27,-0.055,-0.053,-2.092
36.32,-0.055,-0.053,-2.092
36.87,-0.055,-0.053,-2.092
36.92,-0.055,-0.053,-2.092
36.97,-0.055,-0.053,-2.092
37.53,-0.055,-0.053,-2.092
37.58,-0.055,-0.053,-2.092
37.63,-0.055,-0.052,-2.092
38.18,-0.055,-0.052,-2.092
38.23,-0.055,-0.052,-2.093
38.78,-0.055,-0.052,-2.093
38.83,-0.055,-0.052,-2.093
38.88,-0.055,-0.052,-2.093
39.43,-0.055,-0.052,-2.093
39.48,-0.055,-0.052,-2.093
39.53,-0.055,-0.052,-2.093
40.08,-0.055,-0.052,-2.093
40.14,-0.055,-0.052,-2.093
40.69,-0.055,-0.052,-2.093
40.74,-0.055,-0.052,-2.093
40.79,-0.055,-0.052,-2.093
41.34,-0.055,-0.052,-2.093
41.39,-0.055,-0.052,-2.093
41.94,-0.055,-0.052,-2.093
41.99,-0.055,-0.052,-2.093
42.04,-0.055,-0.052,-2.093
42.6,-0.055,-0.052,-2.093
42.65,-0.055,-0.052,-2.093
42.7,-0.055,-0.052,-2.093
43.25,-0.055,-0.052,-2.093
43.3,-0.056,-0.052,-2.093
43.35,-0.055,-0.052,-2.093
43.9,-0.052,-0.051,-2.097
43.95,-0.052,-0.051,-2.097
44.5,-0.053,-0.051,-2.112
44.55,-0.055,-0.051,-2.127
44.6,-0.055,-0.051,-2.127
45.16,-0.054,-0.051,-2.128
45.21,-0.055,-0.051,-2.127
45.76,-0.054,-0.051,-2.126
45.81,-0.057,-0.051,-2.118
45.86,-0.057,-0.051,-2.094
46.41,-0.055,-0.052,-2.086
46.46,-0.054,-0.052,-2.089
46.51,-0.054,-0.052,-2.089
47.06,-0.054,-0.052,-2.089
47.11,-0.054,-0.052,-2.09
47.66,-0.054,-0.052,-2.09
47.71,-0.054,-0.052,-2.09
47.77,-0.054,-0.052,-2.09
48.32,-0.054,-0.052,-2.09
48.37,-0.054,-0.052,-2.09
48.42,-0.054,-0.052,-2.091
48.97,-0.054,-0.052,-2.091
49.02,-0.054,-0.052,-2.091
49.57,-0.054,-0.052,-2.091
49.62,-0.054,-0.052,-2.091
49.67,-0.054,-0.052,-2.091
50.22,-0.053,-0.052,-2.091
50.27,-0.053,-0.052,-2.091
50.32,-0.053,-0.052,-2.091
50.88,-0.053,-0.052,-2.091
50.93,-0.053,-0.052,-2.092
51.48,-0.053,-0.052,-2.092
51.53,-0.053,-0.052,-2.092
51.58,-0.053,-0.052,-2.092
52.13,-0.053,-0.052,-2.092
52.18,-0.053,-0.052,-2.092
52.23,-0.053,-0.052,-2.092
52.78,-0.053,-0.052,-2.092
52.83,-0.053,-0.052,-2.092
53.39,-0.053,-0.052,-2.093
53.44,-0.053,-0.052,-2.093
53.49,-0.053,-0.052,-2.093
54.04,-0.053,-0.052,-2.093
54.09,-0.053,-0.052,-2.093
54.14,-0.053,-0.052,-2.093
54.69,-0.053,-0.052,-2.093
54.74,-0.053,-0.052,-2.093
54.79,-0.053,-0.052,-2.093
55.34,-0.053,-0.052,-2.093
55.39,-0.053,-0.052,-2.093
55.45,-0.053,-0.052,-2.094
56.0,-0.053,-0.052,-2.093
56.05,-0.053,-0.052,-2.094
56.6,-0.053,-0.052,-2.094
56.65,-0.053,-0.052,-2.094
57.2,-0.053,-0.052,-2.094
57.25,-0.053,-0.052,-2.094
57.3,-0.053,-0.052,-2.094
57.85,-0.053,-0.052,-2.094
57.9,-0.053,-0.052,-2.094
57.96,-0.053,-0.052,-2.094
58.51,-0.053,-0.052,-2.094
58.56,-0.053,-0.052,-2.094
58.61,-0.053,-0.052,-2.095
59.16,-0.053,-0.052,-2.095
59.21,-0.053,-0.052,-2.094
59.76,-0.053,-0.052,-2.095
59.81,-0.053,-0.051,-2.095
59.86,-0.053,-0.051,-2.094
60.42,-0.053,-0.051,-2.094
60.47,-0.053,-0.051,-2.094
61.02,-0.053,-0.051,-2.094
61.07,-0.053,-0.051,-2.094
61.12,-0.053,-0.051,-2.094
61.67,-0.053,-0.051,-2.094
61.72,-0.053,-0.052,-2.094
61.77,-0.053,-0.051,-2.094
62.32,-0.053,-0.051,-2.094
62.37,-0.053,-0.052,-2.094
62.42,-0.053,-0.052,-2.094
62.98,-0.053,-0.052,-2.094
63.03,-0.053,-0.052,-2.094
63.58,-0.053,-0.052,-2.094
63.63,-0.053,-0.052,-2.094
63.68,-0.053,-0.051,-2.094
64.23,-0.053,-0.051,-2.094
64.28,-0.053,-0.051,-2.094
64.33,-0.053,-0.051,-2.094
64.88,-0.053,-0.051,-2.094
64.93,-0.053,-0.051,-2.094
65.48,-0.053,-0.051,-2.094
65.53,-0.053,-0.051,-2.094
65.59,-0.053,-0.051,-2.094
66.14,-0.053,-0.051,-2.094
66.19,-0.053,-0.051,-2.094
66.24,-0.053,-0.051,-2.094
66.79,-0.053,-0.051,-2.094
66.84,-0.053,-0.051,-2.094
67.39,-0.053,-0.051,-2.094
67.44,-0.053,-0.051,-2.095
67.49,-0.053,-0.051,-2.095
68.05,-0.053,-0.051,-2.095
68.1,-0.053,-0.051,-2.095
68.65,-0.053,-0.051,-2.095
68.7,-0.053,-0.051,-2.095
68.75,-0.053,-0.051,-2.095
69.3,-0.053,-0.051,-2.095
69.35,-0.053,-0.051,-2.095
69.4,-0.053,-0.052,-2.095
69.95,-0.053,-0.052,-2.094
70.0,-0.053,-0.051,-2.094
70.05,-0.053,-0.051,-2.094
70.6,-0.053,-0.051,-2.094
70.66,-0.053,-0.051,-2.094
70.71,-0.053,-0.051,-2.094
71.26,-0.053,-0.051,-2.094
71.31,-0.053,-0.051,-2.095
71.86,-0.053,-0.051,-2.095
71.91,-0.053,-0.051,-2.095
72.46,-0.053,-0.052,-2.095
72.51,-0.053,-0.051,-2.095
72.56,-0.053,-0.052,-2.094
73.11,-0.053,-0.052,-2.094
73.16,-0.053,-0.052,-2.094
73.22,-0.053,-0.052,-2.095
73.77,-0.053,-0.052,-2.095
73.82,-0.053,-0.052,-2.095
73.87,-0.053,-0.052,-2.095
74.42,-0.053,-0.052,-2.095
74.47,-0.053,-0.052,-2.095
74.52,-0.053,-0.052,-2.095
75.07,-0.053,-0.052,-2.094
75.12,-0.053,-0.052,-2.094
75.67,-0.053,-0.052,-2.094
75.73,-0.053,-0.052,-2.094
76.28,-0.053,-0.052,-2.093
76.33,-0.053,-0.051,-2.094
76.38,-0.053,-0.051,-2.094
76.93,-0.053,-0.052,-2.093
76.98,-0.053,-0.052,-2.093
77.03,-0.053,-0.051,-2.094
77.58,-0.053,-0.052,-2.094
77.63,-0.053,-0.051,-2.094
77.68,-0.053,-0.052,-2.094
78.24,-0.053,-0.052,-2.094
78.29,-0.053,-0.052,-2.094
78.34,-0.053,-0.052,-2.094
78.89,-0.053,-0.052,-2.094
78.94,-0.053,-0.052,-2.094
79.49,-0.053,-0.052,-2.094
79.54,-0.053,-0.052,-2.094
80.09,-0.053,-0.052,-2.094
80.14,-0.053,-0.052,-2.094
80.19,-0.053,-0.052,-2.093
80.75,-0.053,-0.052,-2.093
80.8,-0.053,-0.052,-2.093
80.85,-0.053,-0.052,-2.094
81.4,-0.053,-0.052,-2.094
81.45,-0.053,-0.052,-2.094
81.5,-0.053,-0.052,-2.095
82.05,-0.053,-0.052,-2.095
82.1,-0.053,-0.052,-2.095
82.15,-0.053,-0.052,-2.094
82.71,-0.053,-0.052,-2.094
82.76,-0.053,-0.052,-2.094
83.31,-0.053,-0.052,-2.094
83.36,-0.053,-0.052,-2.094
83.41,-0.053,-0.052,-2.093
83.96,-0.053,-0.051,-2.093
84.01,-0.053,-0.052,-2.093
84.56,-0.053,-0.051,-2.093
84.61,-0.053,-0.052,-2.093
84.66,-0.053,-0.052,-2.092
85.22,-0.053,-0.052,-2.092
85.27,-0.053,-0.052,-2.092
85.32,-0.053,-0.052,-2.092
85.87,-0.053,-0.052,-2.092
85.92,-0.053,-0.052,-2.092
85.97,-0.053,-0.052,-2.092
86.52,-0.053,-0.052,-2.092
86.58,-0.053,-0.052,-2.092
87.13,-0.053,-0.052,-2.092
87.18,-0.053,-0.052,-2.093
87.23,-0.053,-0.052,-2.093
87.78,-0.053,-0.052,-2.093
87.83,-0.053,-0.052,-2.093
88.38,-0.053,-0.052,-2.093
88.43,-0.053,-0.052,-2.094
88.48,-0.053,-0.052,-2.094
89.04,-0.053,-0.052,-2.094
89.09,-0.053,-0.052,-2.093
89.14,-0.053,-0.052,-2.093
89.69,-0.053,-0.052,-2.093
89.74,-0.053,-0.052,-2.093
89.79,-0.053,-0.052,-2.092
90.34,-0.053,-0.052,-2.092
90.39,-0.053,-0.052,-2.092
90.94,-0.053,-0.052,-2.092
90.99,-0.053,-0.052,-2.092
91.55,-0.053,-0.052,-2.091
91.6,-0.053,-0.052,-2.091
91.65,-0.053,-0.052,-2.091
92.2,-0.053,-0.052,-2.091
92.25,-0.053,-0.052,-2.091
92.3,-0.052,-0.052,-2.091
92.85,-0.053,-0.052,-2.091
92.9,-0.052,-0.052,-2.091
92.95,-0.053,-0.052,-2.091
93.5,-0.052,-0.052,-2.091
93.56,-0.053,-0.052,-2.091
94.11,-0.053,-0.052,-2.091
94.16,-0.053,-0.052,-2.091
94.21,-0.053,-0.052,-2.091
94.76,-0.053,-0.052,-2.09
94.81,-0.053,-0.052,-2.09
94.86,-0.053,-0.052,-2.09
95.42,-0.053,-0.051,-2.09
95.47,-0.053,-0.052,-2.09
96.02,-0.053,-0.052,-2.09
96.07,-0.053,-0.052,-2.089
96.12,-0.053,-0.052,-2.089
96.67,-0.053,-0.052,-2.089
96.72,-0.053,-0.052,-2.089
96.77,-0.053,-0.052,-2.089
97.32,-0.053,-0.052,-2.088
97.37,-0.053,-0.052,-2.089
97.42,-0.053,-0.052,-2.089
97.98,-0.053,-0.052,-2.09
98.03,-0.053,-0.052,-2.09
98.58,-0.053,-0.052,-2.09
98.63,-0.053,-0.052,-2.09
98.68,-0.053,-0.052,-2.09
99.23,-0.053,-0.052,-2.09
99.28,-0.053,-0.052,-2.09
99.33,-0.053,-0.052,-2.09
99.89,-0.053,-0.052,-2.09
99.94,-0.052,-0.052,-2.09
100.49,-0.052,-0.052,-2.09
100.54,-0.052,-0.052,-2.089
100.59,-0.052,-0.052,-2.089
101.14,-0.052,-0.052,-2.089
101.19,-0.052,-0.052,-2.089
101.24,-0.052,-0.052,-2.089
101.8,-0.052,-0.052,-2.088
101.85,-0.052,-0.052,-2.088
102.4,-0.052,-0.052,-2.088
102.45,-0.052,-0.052,-2.088
102.5,-0.052,-0.052,-2.088
103.05,-0.052,-0.052,-2.088
103.1,-0.052,-0.052,-2.087
103.15,-0.052,-0.052,-2.087
103.7,-0.052,-0.052,-2.087
103.75,-0.052,-0.052,-2.087
104.3,-0.052,-0.051,-2.087
104.36,-0.052,-0.052,-2.087
104.91,-0.052,-0.052,-2.086
104.96,-0.052,-0.052,-2.086
105.01,-0.052,-0.052,-2.086
105.06,-0.052,-0.052,-2.086
105.61,-0.052,-0.051,-2.086
105.66,-0.053,-0.051,-2.086
106.21,-0.053,-0.052,-2.086
106.26,-0.053,-0.051,-2.085
106.32,-0.053,-0.051,-2.085
106.87,-0.053,-0.051,-2.085
106.92,-0.053,-0.051,-2.085
106.97,-0.053,-0.051,-2.085
107.52,-0.053,-0.051,-2.085
107.57,-0.053,-0.051,-2.085
108.12,-0.053,-0.051,-2.084
108.17,-0.053,-0.051,-2.084
108.22,-0.053,-0.051,-2.084
108.77,-0.053,-0.051,-2.084
108.82,-0.053,-0.051,-2.084
109.37,-0.053,-0.051,-2.084
109.42,-0.053,-0.051,-2.084
109.48,-0.052,-0.051,-2.084
110.03,-0.053,-0.051,-2.084
110.08,-0.053,-0.051,-2.084
110.13,-0.053,-0.051,-2.083
110.68,-0.052,-0.051,-2.083
110.73,-0.052,-0.051,-2.083
110.78,-0.052,-0.051,-2.083
111.33,-0.052,-0.051,-2.083
111.38,-0.052,-0.051,-2.083
111.93,-0.052,-0.051,-2.082
111.98,-0.052,-0.051,-2.082
112.03,-0.052,-0.051,-2.082
112.59,-0.052,-0.051,-2.082
112.64,-0.052,-0.051,-2.082
113.19,-0.052,-0.051,-2.082
113.24,-0.052,-0.051,-2.082
113.29,-0.052,-0.051,-2.081
113.84,-0.052,-0.051,-2.081
113.89,-0.052,-0.051,-2.081
113.94,-0.052,-0.051,-2.08
114.49,-0.053,-0.051,-2.081
114.54,-0.052,-0.051,-2.08
114.59,-0.052,-0.051,-2.08
115.15,-0.052,-0.051,-2.08
115.2,-0.052,-0.051,-2.08
115.75,-0.053,-0.051,-2.08
115.8,-0.052,-0.051,-2.079
115.85,-0.052,-0.051,-2.08
116.4,-0.052,-0.051,-2.079
116.45,-0.052,-0.051,-2.079
117.0,-0.053,-0.051,-2.079
117.05,-0.052,-0.051,-2.079
117.1,-0.052,-0.051,-2.079
117.65,-0.052,-0.051,-2.078
117.71,-0.053,-0.051,-2.078
117.76,-0.052,-0.051,-2.078
118.31,-0.052,-0.051,-2.078
118.36,-0.053,-0.051,-2.078
118.41,-0.052,-0.051,-2.078
118.96,-0.053,-0.052,-2.076
119.01,-0.053,-0.051,-2.078
119.56,-0.052,-0.051,-2.078
119.61,-0.052,-0.051,-2.076
119.66,-0.052,-0.051,-2.078
120.21,-0.053,-0.051,-2.077
120.26,-0.052,-0.051,-2.077
120.82,-0.053,-0.051,-2.077
120.87,-0.052,-0.051,-2.077
120.92,-0.053,-0.051,-2.077
121.47,-0.053,-0.051,-2.077
121.52,-0.052,-0.051,-2.077
121.57,-0.053,-0.051,-2.077
122.12,-0.052,-0.051,-2.077
122.17,-0.052,-0.051,-2.077
122.72,-0.053,-0.051,-2.076
122.77,-0.053,-0.051,-2.076
122.82,-0.052,-0.051,-2.076
122.87,-0.052,-0.051,-2.076
123.43,-0.052,-0.051,-2.076
123.48,-0.053,-0.051,-2.076
124.03,-0.052,-0.051,-2.075
124.08,-0.052,-0.051,-2.076
124.63,-0.052,-0.051,-2.076
124.68,-0.052,-0.051,-2.075
124.73,-0.052,-0.051,-2.075
125.28,-0.052,-0.051,-2.075
125.33,-0.052,-0.051,-2.075
125.38,-0.052,-0.051,-2.075
125.93,-0.052,-0.051,-2.075
125.99,-0.052,-0.051,-2.075
126.04,-0.052,-0.051,-2.075
126.59,-0.052,-0.051,-2.075
126.64,-0.052,-0.051,-2.074
127.19,-0.052,-0.051,-2.074
127.24,-0.052,-0.051,-2.074
127.29,-0.052,-0.051,-2.075
127.84,-0.053,-0.05,-2.075
127.9,-0.052,-0.051,-2.074
128.45,-0.052,-0.051,-2.074
128.5,-0.052,-0.051,-2.074
128.55,-0.052,-0.051,-2.074
129.1,-0.052,-0.051,-2.074
129.15,-0.052,-0.051,-2.074
129.2,-0.053,-0.052,-2.073
129.75,-0.052,-0.051,-2.074
129.8,-0.052,-0.052,-2.073
129.85,-0.053,-0.051,-2.075
130.4,-0.052,-0.051,-2.074
130.45,-0.052,-0.051,-2.073
130.5,-0.051,-0.051,-2.072
131.06,-0.052,-0.051,-2.073
131.11,-0.052,-0.051,-2.073
131.66,-0.052,-0.051,-2.073
131.71,-0.052,-0.051,-2.073
132.26,-0.052,-0.051,-2.073
132.31,-0.052,-0.051,-2.073
132.36,-0.053,-0.051,-2.074
132.91,-0.051,-0.051,-2.073
132.96,-0.052,-0.05,-2.073
133.01,-0.053,-0.051,-2.074
133.56,-0.052,-0.051,-2.074
133.61,-0.053,-0.051,-2.073
133.66,-0.052,-0.052,-2.072
134.22,-0.053,-0.051,-2.073
134.27,-0.052,-0.051,-2.072
134.32,-0.051,-0.051,-2.071
134.87,-0.053,-0.051,-2.071
134.92,-0.052,-0.051,-2.072
135.47,-0.052,-0.051,-2.071
135.52,-0.052,-0.051,-2.072
135.57,-0.051,-0.051,-2.072
136.12,-0.052,-0.051,-2.071
136.17,-0.052,-0.05,-2.071
136.72,-0.052,-0.051,-2.07
136.78,-0.053,-0.051,-2.071
136.83,-0.053,-0.051,-2.07
137.38,-0.053,-0.051,-2.07
137.43,-0.053,-0.051,-2.07
137.48,-0.053,-0.051,-2.07
138.03,-0.052,-0.051,-2.069
138.08,-0.052,-0.05,-2.07
138.13,-0.052,-0.051,-2.069
138.68,-0.052,-0.051,-2.07
138.73,-0.053,-0.05,-2.07
139.29,-0.052,-0.051,-2.07
139.34,-0.052,-0.051,-2.069
139.39,-0.053,-0.051,-2.069
139.94,-0.052,-0.051,-2.07
139.99,-0.052,-0.051,-2.069
140.54,-0.052,-0.051,-2.07
140.59,-0.053,-0.051,-2.069
140.65,-0.052,-0.051,-2.069
141.2,-0.052,-0.051,-2.069
141.25,-0.052,-0.051,-2.069
141.3,-0.052,-0.051,-2.069
141.85,-0.052,-0.051,-2.069
141.9,-0.052,-0.051,-2.069
141.95,-0.052,-0.051,-2.069
142.5,-0.052,-0.051,-2.069
142.55,-0.052,-0.051,-2.069
143.11,-0.052,-0.051,-2.068
143.16,-0.052,-0.051,-2.069
143.71,-0.052,-0.051,-2.069
143.76,-0.052,-0.052,-2.069
143.81,-0.052,-0.051,-2.069
144.36,-0.053,-0.051,-2.07
144.41,-0.052,-0.051,-2.069
144.46,-0.053,-0.051,-2.069
145.01,-0.052,-0.051,-2.07
145.07,-0.051,-0.051,-2.069
145.12,-0.051,-0.052,-2.068
145.67,-0.051,-0.052,-2.069
145.72,-0.051,-0.052,-2.069
145.77,-0.051,-0.051,-2.07
146.32,-0.051,-0.051,-2.07
146.37,-0.051,-0.051,-2.069
146.92,-0.051,-0.051,-2.071
146.97,-0.052,-0.051,-2.07
147.02,-0.051,-0.051,-2.069
147.57,-0.051,-0.051,-2.07
147.62,-0.051,-0.051,-2.069
148.17,-0.05,-0.052,-2.07
148.22,-0.051,-0.051,-2.069
148.28,-0.051,-0.052,-2.069
148.83,-0.051,-0.051,-2.07
148.88,-0.051,-0.051,-2.071
148.93,-0.05,-0.051,-2.071
149.48,-0.05,-0.052,-2.072
149.53,-0.052,-0.051,-2.071
149.58,-0.053,-0.051,-2.073
150.13,-0.052,-0.051,-2.071
150.18,-0.054,-0.051,-2.073
150.74,-0.053,-0.051,-2.072
150.79,-0.054,-0.052,-2.071
151.34,-0.053,-0.051,-2.071
151.39,-0.053,-0.052,-2.072
151.44,-0.052,-0.051,-2.072
151.99,-0.052,-0.051,-2.073
152.04,-0.052,-0.051,-2.072
152.09,-0.052,-0.051,-2.072
152.64,-0.052,-0.051,-2.073
152.69,-0.053,-0.051,-2.072
152.75,-0.053,-0.051,-2.072
153.3,-0.053,-0.051,-2.072
153.35,-0.053,-0.051,-2.072
153.4,-0.052,-0.051,-2.072
153.95,-0.053,-0.051,-2.073
154.0,-0.052,-0.051,-2.073
154.55,-0.052,-0.051,-2.073
154.6,-0.052,-0.051,-2.073
155.15,-0.052,-0.051,-2.073
155.2,-0.052,-0.051,-2.073
155.26,-0.052,-0.051,-2.073
155.81,-0.052,-0.051,-2.073
155.86,-0.052,-0.051,-2.073
155.91,-0.052,-0.051,-2.073
156.46,-0.052,-0.051,-2.073
156.51,-0.052,-0.051,-2.073
156.56,-0.052,-0.051,-2.073
157.11,-0.052,-0.051,-2.073
157.16,-0.052,-0.051,-2.073
157.21,-0.052,-0.051,-2.073
157.76,-0.052,-0.051,-2.073
157.81,-0.052,-0.051,-2.073
158.37,-0.052,-0.051,-2.073
158.42,-0.052,-0.051,-2.073
158.47,-0.052,-0.051,-2.074
159.02,-0.052,-0.051,-2.074
159.07,-0.052,-0.052,-2.074
159.12,-0.052,-0.052,-2.074
159.67,-0.052,-0.052,-2.074
159.72,-0.052,-0.052,-2.074
160.27,-0.052,-0.051,-2.074
160.32,-0.052,-0.052,-2.074
160.38,-0.052,-0.052,-2.074
160.93,-0.052,-0.052,-2.074
160.98,-0.052,-0.052,-2.074
161.03,-0.052,-0.052,-2.074
161.58,-0.052,-0.052,-2.074
161.63,-0.052,-0.052,-2.074
162.18,-0.052,-0.052,-2.074
162.23,-0.052,-0.052,-2.074
162.28,-0.052,-0.052,-2.073
162.83,-0.052,-0.052,-2.073
162.88,-0.052,-0.052,-2.073
162.93,-0.052,-0.052,-2.073
163.49,-0.052,-0.052,-2.073
163.54,-0.052,-0.051,-2.073
164.09,-0.052,-0.052,-2.073
164.14,-0.052,-0.052,-2.073
164.19,-0.052,-0.052,-2.073
164.74,-0.052,-0.052,-2.073
164.79,-0.052,-0.052,-2.073
164.84,-0.052,-0.052,-2.073
165.39,-0.052,-0.051,-2.073
165.44,-0.052,-0.052,-2.073
165.49,-0.052,-0.051,-2.073
166.05,-0.052,-0.051,-2.072
166.1,-0.052,-0.051,-2.072
166.65,-0.052,-0.051,-2.072
166.7,-0.052,-0.052,-2.072
166.75,-0.052,-0.052,-2.072
167.3,-0.052,-0.052,-2.072
167.35,-0.052,-0.051,-2.072
167.9,-0.052,-0.052,-2.072
167.95,-0.052,-0.051,-2.072
168.0,-0.052,-0.051,-2.072
168.56,-0.052,-0.051,-2.071
168.61,-0.052,-0.051,-2.071
168.66,-0.052,-0.051,-2.071
169.21,-0.052,-0.051,-2.071
169.26,-0.052,-0.051,-2.071
169.81,-0.052,-0.051,-2.071
169.86,-0.052,-0.051,-2.071
169.91,-0.052,-0.051,-2.071
170.46,-0.052,-0.051,-2.071
170.51,-0.052,-0.052,-2.07
171.07,-0.052,-0.051,-2.07
171.12,-0.052,-0.051,-2.07
171.17,-0.052,-0.051,-2.07
171.72,-0.052,-0.051,-2.07
171.77,-0.052,-0.051,-2.07
171.82,-0.052,-0.051,-2.07
172.37,-0.052,-0.051,-2.07
172.42,-0.052,-0.051,-2.069
172.47,-0.052,-0.051,-2.069
173.03,-0.052,-0.051,-2.069
173.08,-0.052,-0.051,-2.069
173.63,-0.052,-0.051,-2.069
173.68,-0.052,-0.051,-2.069
173.73,-0.052,-0.051,-2.069
174.28,-0.052,-0.051,-2.069
174.33,-0.052,-0.051,-2.068
174.38,-0.052,-0.051,-2.068
174.93,-0.052,-0.051,-2.068
174.98,-0.052,-0.051,-2.068
175.53,-0.052,-0.051,-2.068
175.59,-0.052,-0.051,-2.068
175.64,-0.052,-0.051,-2.068
176.19,-0.052,-0.051,-2.068
176.24,-0.052,-0.051,-2.068
176.29,-0.052,-0.051,-2.068
176.84,-0.052,-0.051,-2.067
176.89,-0.052,-0.051,-2.067
177.44,-0.052,-0.051,-2.067
177.49,-0.052,-0.051,-2.067
177.54,-0.052,-0.051,-2.067
178.09,-0.052,-0.051,-2.067
178.14,-0.052,-0.051,-2.067
178.2,-0.052,-0.051,-2.067
178.75,-0.052,-0.051,-2.067
178.8,-0.052,-0.051,-2.067
179.35,-0.052,-0.051,-2.067
179.4,-0.052,-0.051,-2.067
179.45,-0.052,-0.051,-2.067
180.01,-0.052,-0.051,-2.067
180.06,-0.052,-0.051,-2.067
180.11,-0.052,-0.051,-2.067
180.66,-0.052,-0.051,-2.067
180.71,-0.052,-0.051,-2.067
180.76,-0.052,-0.052,-2.067
181.31,-0.052,-0.051,-2.067
181.36,-0.052,-0.052,-2.067
181.91,-0.052,-0.051,-2.067
181.96,-0.052,-0.052,-2.067
182.01,-0.052,-0.052,-2.067
182.56,-0.052,-0.051,-2.067
182.61,-0.052,-0.052,-2.067
182.66,-0.052,-0.052,-2.067
183.22,-0.052,-0.051,-2.067
183.27,-0.052,-0.051,-2.067
183.82,-0.052,-0.051,-2.067
183.87,-0.052,-0.052,-2.067
183.92,-0.052,-0.051,-2.067
184.47,-0.052,-0.051,-2.067
184.52,-0.052,-0.052,-2.067
185.07,-0.052,-0.052,-2.067
185.12,-0.052,-0.052,-2.067
185.17,-0.052,-0.052,-2.067
185.73,-0.052,-0.052,-2.068
185.78,-0.052,-0.052,-2.068
185.83,-0.052,-0.052,-2.068
186.38,-0.052,-0.052,-2.068
186.43,-0.052,-0.051,-2.068
186.98,-0.052,-0.052,-2.068
187.03,-0.052,-0.052,-2.068
187.08,-0.052,-0.052,-2.068
187.63,-0.052,-0.052,-2.068
187.68,-0.052,-0.052,-2.068
187.74,-0.052,-0.052,-2.068
188.29,-0.052,-0.052,-2.068
188.34,-0.052,-0.052,-2.068
188.89,-0.052,-0.052,-2.069
188.94,-0.052,-0.052,-2.069
188.99,-0.052,-0.052,-2.069
189.54,-0.052,-0.051,-2.069
189.59,-0.052,-0.051,-2.069
189.64,-0.052,-0.052,-2.069
190.19,-0.052,-0.052,-2.069
190.24,-0.052,-0.052,-2.069
190.8,-0.052,-0.051,-2.069
190.85,-0.052,-0.051,-2.069
190.9,-0.052,-0.051,-2.07
191.45,-0.052,-0.051,-2.07
191.5,-0.052,-0.052,-2.07
191.55,-0.052,-0.051,-2.07
192.1,-0.052,-0.051,-2.07
192.15,-0.052,-0.051,-2.07
192.7,-0.052,-0.052,-2.07
192.75,-0.052,-0.051,-2.07
192.8,-0.052,-0.052,-2.07
193.36,-0.052,-0.051,-2.07
193.41,-0.052,-0.052,-2.07
193.46,-0.052,-0.051,-2.071
194.01,-0.052,-0.051,-2.071
194.06,-0.052,-0.051,-2.071
194.61,-0.052,-0.051,-2.071
194.66,-0.052,-0.051,-2.071
194.71,-0.052,-0.051,-2.071
195.26,-0.052,-0.051,-2.071
195.31,-0.052,-0.051,-2.071
195.36,-0.052,-0.051,-2.071
195.91,-0.052,-0.051,-2.071
195.96,-0.052,-0.051,-2.071
196.51,-0.052,-0.051,-2.071
196.56,-0.052,-0.051,-2.071
196.62,-0.052,-0.051,-2.071
197.17,-0.052,-0.052,-2.071
197.22,-0.052,-0.051,-2.071
197.27,-0.052,-0.052,-2.071
197.82,-0.052,-0.052,-2.071
197.87,-0.052,-0.051,-2.071
197.92,-0.052,-0.051,-2.071
198.47,-0.052,-0.052,-2.071
198.52,-0.052,-0.051,-2.072
199.07,-0.052,-0.052,-2.072
199.12,-0.052,-0.051,-2.072
199.17,-0.052,-0.051,-2.072
199.72,-0.052,-0.051,-2.072
199.78,-0.052,-0.052,-2.072
200.33,-0.052,-0.052,-2.072
200.38,-0.051,-0.052,-2.072
200.43,-0.052,-0.052,-2.072
200.98,-0.051,-0.052,-2.072
201.03,-0.052,-0.052,-2.072
201.08,-0.052,-0.052,-2.072
201.63,-0.052,-0.052,-2.072
201.68,-0.052,-0.051,-2.072
202.23,-0.052,-0.052,-2.072
202.28,-0.052,-0.052,-2.072
202.33,-0.052,-0.052,-2.072
202.89,-0.052,-0.052,-2.072
202.94,-0.052,-0.052,-2.072
202.99,-0.051,-0.052,-2.072
203.54,-0.052,-0.052,-2.072
203.59,-0.051,-0.052,-2.072
204.14,-0.051,-0.052,-2.072
204.19,-0.052,-0.052,-2.072
204.24,-0.051,-0.052,-2.071
204.79,-0.052,-0.052,-2.071
204.84,-0.051,-0.052,-2.071
204.89,-0.052,-0.052,-2.071
205.44,-0.051,-0.052,-2.071
205.49,-0.052,-0.052,-2.071
205.55,-0.051,-0.052,-2.071
206.1,-0.052,-0.052,-2.071
206.15,-0.052,-0.051,-2.071
206.7,-0.052,-0.052,-2.071
206.75,-0.051,-0.051,-2.071
206.8,-0.052,-0.052,-2.071
207.35,-0.052,-0.052,-2.071
207.4,-0.052,-0.052,-2.071
207.95,-0.052,-0.051,-2.071
208.0,-0.052,-0.051,-2.071
208.06,-0.052,-0.052,-2.071
208.61,-0.052,-0.051,-2.071
208.66,-0.052,-0.051,-2.071
208.71,-0.052,-0.052,-2.071
209.26,-0.052,-0.052,-2.071
209.31,-0.052,-0.051,-2.071
209.36,-0.052,-0.051,-2.071
209.91,-0.052,-0.051,-2.071
209.96,-0.052,-0.051,-2.071
210.52,-0.052,-0.052,-2.071
210.57,-0.052,-0.051,-2.071
210.62,-0.052,-0.051,-2.071
211.17,-0.052,-0.052,-2.071
211.22,-0.052,-0.052,-2.071
211.77,-0.052,-0.052,-2.071
211.82,-0.052,-0.052,-2.071
211.87,-0.052,-0.052,-2.071
212.42,-0.052,-0.052,-2.071
212.47,-0.052,-0.052,-2.071
212.52,-0.052,-0.051,-2.071
213.08,-0.052,-0.051,-2.071
213.13,-0.052,-0.051,-2.071
213.18,-0.052,-0.051,-2.072
213.73,-0.052,-0.051,-2.072
213.78,-0.052,-0.051,-2.072
214.33,-0.052,-0.051,-2.072
214.38,-0.052,-0.051,-2.072
214.43,-0.052,-0.052,-2.072
214.99,-0.052,-0.052,-2.072
215.04,-0.052,-0.052,-2.072
215.59,-0.052,-0.051,-2.072
215.65,-0.052,-0.051,-2.072
215.7,-0.052,-0.051,-2.072
216.25,-0.052,-0.051,-2.072
216.3,-0.052,-0.051,-2.072
216.35,-0.051,-0.051,-2.072
216.9,-0.051,-0.051,-2.072
216.95,-0.051,-0.051,-2.072
217.0,-0.052,-0.051,-2.072
217.56,-0.051,-0.051,-2.072
217.61,-0.051,-0.051,-2.072
217.66,-0.051,-0.051,-2.071
218.21,-0.051,-0.051,-2.071
218.76,-0.051,-0.051,-2.071
218.81,-0.051,-0.051,-2.071
218.86,-0.051,-0.051,-2.071
219.41,-0.051,-0.051,-2.071
219.47,-0.052,-0.052,-2.071
219.52,-0.051,-0.052,-2.071
220.07,-0.051,-0.051,-2.071
220.12,-0.051,-0.051,-2.071
220.17,-0.051,-0.052,-2.071
220.72,-0.051,-0.052,-2.071
220.77,-0.052,-0.051,-2.071
220.82,-0.051,-0.051,-2.071
221.37,-0.052,-0.051,-2.071
221.42,-0.052,-0.052,-2.071
221.97,-0.052,-0.052,-2.071
222.02,-0.052,-0.051,-2.071
222.08,-0.052,-0.052,-2.071
222.63,-0.052,-0.051,-2.071
222.68,-0.052,-0.051,-2.071
223.23,-0.052,-0.051,-2.07
223.28,-0.052,-0.052,-2.07
223.33,-0.052,-0.051,-2.07
223.88,-0.052,-0.051,-2.07
223.93,-0.052,-0.051,-2.07
223.98,-0.052,-0.051,-2.07
224.54,-0.052,-0.051,-2.07
224.6,-0.052,-0.051,-2.07
224.65,-0.052,-0.051,-2.07
225.2,-0.052,-0.052,-2.07
225.25,-0.052,-0.051,-2.07
225.3,-0.052,-0.051,-2.07
225.85,-0.052,-0.052,-2.07
225.9,-0.052,-0.051,-2.07
226.45,-0.052,-0.051,-2.07
226.51,-0.052,-0.052,-2.07
226.56,-0.052,-0.052,-2.07
227.11,-0.052,-0.051,-2.07
227.16,-0.051,-0.051,-2.07
227.71,-0.052,-0.052,-2.07
227.76,-0.051,-0.051,-2.07
227.81,-0.052,-0.052,-2.07
228.36,-0.051,-0.051,-2.07
228.41,-0.051,-0.051,-2.07
228.46,-0.051,-0.051,-2.07
229.01,-0.051,-0.051,-2.07
229.06,-0.051,-0.051,-2.07
229.11,-0.051,-0.051,-2.071
229.67,-0.051,-0.051,-2.071
229.72,-0.051,-0.051,-2.071
230.27,-0.051,-0.051,-2.071
230.32,-0.051,-0.051,-2.071
230.87,-0.051,-0.051,-2.071
230.92,-0.051,-0.051,-2.071
230.97,-0.051,-0.051,-2.071
231.52,-0.052,-0.051,-2.071
231.57,-0.051,-0.051,-2.071
231.62,-0.051,-0.051,-2.071
232.17,-0.051,-0.051,-2.071
232.22,-0.051,-0.051,-2.071
232.27,-0.051,-0.051,-2.071
232.83,-0.052,-0.051,-2.071
232.88,-0.051,-0.052,-2.071
233.43,-0.052,-0.051,-2.071
233.48,-0.051,-0.051,-2.071
233.53,-0.052,-0.051,-2.071
234.08,-0.051,-0.051,-2.071
234.13,-0.051,-0.051,-2.071
234.18,-0.052,-0.052,-2.071
234.73,-0.052,-0.051,-2.071
234.78,-0.052,-0.051,-2.071
235.33,-0.052,-0.052,-2.071
235.38,-0.052,-0.051,-2.071
235.44,-0.052,-0.052,-2.071
235.99,-0.052,-0.051,-2.071
236.04,-0.052,-0.051,-2.072
236.09,-0.052,-0.051,-2.072
236.64,-0.052,-0.051,-2.072
236.69,-0.052,-0.051,-2.072
236.74,-0.052,-0.051,-2.072
237.29,-0.052,-0.051,-2.072
237.34,-0.052,-0.051,-2.072
237.89,-0.052,-0.052,-2.072
237.95,-0.052,-0.052,-2.072
238.0,-0.052,-0.052,-2.072
238.55,-0.052,-0.051,-2.071
238.6,-0.052,-0.052,-2.071
239.15,-0.052,-0.052,-2.071
239.2,-0.052,-0.052,-2.071
239.25,-0.052,-0.052,-2.071
239.8,-0.052,-0.052,-2.071
239.85,-0.052,-0.052,-2.071
239.9,-0.052,-0.052,-2.071
240.45,-0.052,-0.052,-2.071
240.5,-0.052,-0.052,-2.071
240.55,-0.052,-0.052,-2.071
241.11,-0.052,-0.052,-2.071
241.66,-0.052,-0.052,-2.071
241.71,-0.052,-0.052,-2.071
241.76,-0.052,-0.052,-2.071
242.31,-0.052,-0.052,-2.071
242.36,-0.052,-0.052,-2.071
242.41,-0.052,-0.052,-2.071
242.96,-0.052,-0.052,-2.071
243.01,-0.052,-0.052,-2.072
243.06,-0.052,-0.052,-2.072
243.61,-0.052,-0.052,-2.071
243.66,-0.052,-0.052,-2.072
243.71,-0.052,-0.052,-2.072
244.27,-0.052,-0.052,-2.071
244.32,-0.052,-0.052,-2.071
244.87,-0.052,-0.052,-2.071
244.92,-0.052,-0.052,-2.071
244.97,-0.052,-0.052,-2.071
245.52,-0.052,-0.052,-2.071
245.57,-0.052,-0.052,-2.071
245.62,-0.052,-0.052,-2.071
246.17,-0.052,-0.051,-2.071
246.22,-0.052,-0.051,-2.071
246.77,-0.052,-0.051,-2.071
246.82,-0.052,-0.051,-2.071
246.87,-0.052,-0.052,-2.071
247.43,-0.052,-0.052,-2.071
247.48,-0.052,-0.052,-2.071
247.53,-0.052,-0.052,-2.071
248.08,-0.052,-0.051,-2.071
248.13,-0.052,-0.051,-2.071
248.68,-0.052,-0.052,-2.071
248.73,-0.052,-0.052,-2.071
248.78,-0.052,-0.051,-2.071
249.33,-0.052,-0.052,-2.071
249.38,-0.052,-0.051,-2.071
249.43,-0.052,-0.051,-2.071
249.98,-0.051,-0.052,-2.071
250.03,-0.052,-0.052,-2.071
250.59,-0.052,-0.052,-2.071
250.64,-0.052,-0.052,-2.071
250.69,-0.052,-0.052,-2.071
251.24,-0.052,-0.052,-2.071
251.29,-0.052,-0.052,-2.071
251.34,-0.052,-0.052,-2.071
251.89,-0.052,-0.052,-2.071
251.94,-0.052,-0.052,-2.071
251.99,-0.052,-0.052,-2.071
252.54,-0.052,-0.052,-2.07
252.59,-0.052,-0.051,-2.07
253.15,-0.052,-0.052,-2.07
253.2,-0.052,-0.052,-2.07
253.25,-0.052,-0.051,-2.07
253.8,-0.052,-0.051,-2.07
253.85,-0.052,-0.051,-2.07
254.4,-0.052,-0.051,-2.07
254.45,-0.052,-0.051,-2.07
254.5,-0.052,-0.051,-2.07
255.05,-0.052,-0.051,-2.07
255.1,-0.052,-0.052,-2.07
255.15,-0.052,-0.052,-2.07
255.7,-0.052,-0.052,-2.07
255.75,-0.052,-0.051,-2.07
255.8,-0.052,-0.052,-2.07
256.36,-0.052,-0.051,-2.07
256.41,-0.052,-0.052,-2.07
256.96,-0.052,-0.051,-2.07
257.01,-0.052,-0.051,-2.07
257.06,-0.052,-0.051,-2.07
257.61,-0.052,-0.051,-2.07
257.66,-0.052,-0.051,-2.07
257.71,-0.052,-0.051,-2.07
258.27,-0.052,-0.052,-2.07
258.32,-0.052,-0.052,-2.07
258.87,-0.052,-0.051,-2.07
258.93,-0.052,-0.052,-2.07
258.98,-0.052,-0.051,-2.07
259.53,-0.052,-0.052,-2.07
259.58,-0.052,-0.052,-2.07
260.13,-0.052,-0.052,-2.07
260.18,-0.052,-0.052,-2.07
260.23,-0.052,-0.051,-2.07
260.78,-0.052,-0.052,-2.07
260.83,-0.052,-0.052,-2.07
260.88,-0.052,-0.051,-2.07
261.43,-0.052,-0.052,-2.07
261.48,-0.052,-0.051,-2.07
261.54,-0.052,-0.052,-2.07
262.09,-0.052,-0.052,-2.07
262.14,-0.052,-0.052,-2.07
262.69,-0.052,-0.051,-2.07
262.74,-0.052,-0.052,-2.07
262.79,-0.051,-0.051,-2.07
263.34,-0.051,-0.051,-2.071
263.39,-0.051,-0.051,-2.071
263.44,-0.051,-0.051,-2.071
263.99,-0.051,-0.051,-2.071
264.05,-0.051,-0.051,-2.071
264.61,-0.051,-0.052,-2.071
264.66,-0.051,-0.051,-2.071
264.71,-0.051,-0.052,-2.071
265.26,-0.051,-0.051,-2.071
265.31,-0.051,-0.052,-2.071
265.37,-0.051,-0.051,-2.071
265.92,-0.051,-0.052,-2.071
265.97,-0.051,-0.052,-2.071
266.52,-0.051,-0.052,-2.071
266.57,-0.051,-0.052,-2.071
266.62,-0.051,-0.052,-2.071
267.17,-0.051,-0.052,-2.071
267.22,-0.051,-0.052,-2.071
267.77,-0.051,-0.052,-2.071
267.83,-0.051,-0.052,-2.071
267.88,-0.051,-0.052,-2.071
268.43,-0.051,-0.052,-2.071
268.48,-0.051,-0.052,-2.071
268.53,-0.051,-0.052,-2.071
269.08,-0.051,-0.052,-2.071
269.13,-0.051,-0.052,-2.071
269.18,-0.051,-0.052,-2.071
269.73,-0.051,-0.052,-2.071
269.78,-0.051,-0.052,-2.071
269.83,-0.051,-0.052,-2.071
270.38,-0.051,-0.052,-2.072
270.43,-0.052,-0.052,-2.072
271.0,-0.051,-0.052,-2.072
271.05,-0.051,-0.051,-2.072
271.6,-0.051,-0.052,-2.072
271.65,-0.051,-0.052,-2.072
271.7,-0.051,-0.051,-2.072
272.25,-0.051,-0.051,-2.072
272.3,-0.051,-0.051,-2.072
272.35,-0.051,-0.051,-2.072
272.9,-0.051,-0.051,-2.072
272.95,-0.051,-0.051,-2.072
273.01,-0.051,-0.051,-2.072
273.56,-0.051,-0.052,-2.072
273.61,-0.051,-0.051,-2.072
273.66,-0.051,-0.052,-2.072
274.21,-0.051,-0.051,-2.072
274.26,-0.051,-0.052,-2.073
274.81,-0.051,-0.052,-2.073
274.86,-0.051,-0.052,-2.073
275.41,-0.051,-0.052,-2.073
275.46,-0.051,-0.052,-2.073
275.51,-0.051,-0.052,-2.073
276.07,-0.051,-0.052,-2.073
276.12,-0.051,-0.052,-2.073
276.17,-0.051,-0.052,-2.073
276.72,-0.051,-0.052,-2.073
276.77,-0.051,-0.052,-2.073
276.82,-0.051,-0.052,-2.073
277.37,-0.051,-0.052,-2.073
277.42,-0.051,-0.052,-2.073
277.47,-0.051,-0.052,-2.073
278.02,-0.051,-0.052,-2.073
278.08,-0.051,-0.052,-2.073
278.63,-0.051,-0.052,-2.073
278.68,-0.051,-0.052,-2.073
278.73,-0.051,-0.052,-2.073
279.28,-0.051,-0.052,-2.073
279.33,-0.051,-0.052,-2.073
279.88,-0.051,-0.052,-2.073
279.93,-0.051,-0.052,-2.073
279.98,-0.051,-0.052,-2.073
280.53,-0.051,-0.052,-2.073
280.58,-0.051,-0.052,-2.073
280.63,-0.051,-0.051,-2.073
281.19,-0.051,-0.052,-2.073
281.24,-0.051,-0.051,-2.073
281.29,-0.051,-0.052,-2.073
281.84,-0.051,-0.052,-2.073
281.89,-0.051,-0.052,-2.073
282.44,-0.051,-0.052,-2.073
282.49,-0.051,-0.052,-2.073
283.04,-0.051,-0.052,-2.073
283.1,-0.051,-0.052,-2.073
283.15,-0.051,-0.052,-2.073
283.7,-0.051,-0.052,-2.073
283.75,-0.051,-0.052,-2.073
283.8,-0.051,-0.052,-2.073
284.35,-0.051,-0.052,-2.073
284.4,-0.051,-0.052,-2.073
284.45,-0.051,-0.052,-2.073
285.0,-0.051,-0.052,-2.073
285.05,-0.051,-0.052,-2.073
285.1,-0.051,-0.052,-2.073
285.66,-0.051,-0.052,-2.073
285.71,-0.051,-0.052,-2.073
286.26,-0.051,-0.052,-2.073
286.31,-0.051,-0.052,-2.073
286.36,-0.051,-0.052,-2.073
286.91,-0.051,-0.052,-2.073
286.97,-0.051,-0.052,-2.073
287.52,-0.051,-0.052,-2.073
287.57,-0.051,-0.052,-2.073
287.62,-0.051,-0.052,-2.073
288.17,-0.051,-0.052,-2.074
288.22,-0.051,-0.051,-2.074
288.27,-0.051,-0.052,-2.074
288.82,-0.051,-0.052,-2.074
288.87,-0.051,-0.052,-2.074
288.92,-0.051,-0.052,-2.074
289.47,-0.051,-0.052,-2.074
289.52,-0.051,-0.052,-2.074
290.07,-0.051,-0.052,-2.074
290.13,-0.051,-0.052,-2.074
290.18,-0.051,-0.051,-2.074
290.73,-0.051,-0.052,-2.074
290.78,-0.051,-0.052,-2.074
291.33,-0.051,-0.051,-2.074
291.38,-0.051,-0.052,-2.074
291.43,-0.051,-0.052,-2.074
291.98,-0.051,-0.052,-2.074
292.03,-0.051,-0.052,-2.074
292.08,-0.051,-0.052,-2.074
292.64,-0.051,-0.052,-2.074
292.69,-0.051,-0.051,-2.074
292.74,-0.051,-0.052,-2.074
293.29,-0.051,-0.051,-2.074
293.34,-0.051,-0.052,-2.074
293.89,-0.051,-0.051,-2.074
293.94,-0.051,-0.052,-2.074
293.99,-0.051,-0.052,-2.074
294.54,-0.051,-0.052,-2.074
294.59,-0.051,-0.052,-2.074
295.14,-0.051,-0.052,-2.074
295.19,-0.051,-0.052,-2.074
295.24,-0.051,-0.052,-2.074
295.8,-0.051,-0.052,-2.074
295.85,-0.051,-0.052,-2.074
295.9,-0.051,-0.052,-2.074
296.45,-0.051,-0.052,-2.074
296.5,-0.051,-0.052,-2.074
296.55,-0.051,-0.052,-2.074
297.1,-0.051,-0.052,-2.074
297.15,-0.051,-0.052,-2.074
297.7,-0.051,-0.052,-2.074
297.75,-0.051,-0.052,-2.074
297.8,-0.051,-0.052,-2.074
298.35,-0.051,-0.052,-2.074
298.4,-0.051,-0.052,-2.074
298.96,-0.051,-0.052,-2.074
299.01,-0.051,-0.052,-2.074
299.06,-0.051,-0.052,-2.074
299.61,-0.051,-0.051,-2.074
299.66,-0.051,-0.052,-2.074
299.71,-0.051,-0.052,-2.074
300.26,-0.051,-0.051,-2.074
300.31,-0.051,-0.052,-2.074
300.36,-0.051,-0.052,-2.074
300.91,-0.051,-0.052,-2.074
301.46,-0.051,-0.052,-2.074
301.51,-0.051,-0.052,-2.074
301.56,-0.051,-0.051,-2.074
301.62,-0.051,-0.051,-2.074
302.17,-0.051,-0.051,-2.074
302.22,-0.051,-0.051,-2.074
302.27,-0.051,-0.051,-2.074
302.82,-0.051,-0.052,-2.074
302.87,-0.051,-0.051,-2.074
303.42,-0.051,-0.052,-2.074
303.47,-0.051,-0.052,-2.074
303.52,-0.051,-0.052,-2.074
304.07,-0.051,-0.052,-2.074
304.12,-0.051,-0.052,-2.074
304.17,-0.051,-0.052,-2.074
304.72,-0.051,-0.052,-2.074
304.78,-0.051,-0.052,-2.074
305.33,-0.051,-0.052,-2.074
305.38,-0.051,-0.052,-2.074
305.93,-0.051,-0.052,-2.074
305.98,-0.051,-0.052,-2.074
306.03,-0.051,-0.052,-2.074
306.58,-0.051,-0.052,-2.074
306.63,-0.051,-0.052,-2.074
306.68,-0.051,-0.052,-2.074
307.23,-0.051,-0.052,-2.074
307.28,-0.051,-0.052,-2.074
307.33,-0.051,-0.052,-2.074
307.89,-0.051,-0.052,-2.074
307.94,-0.051,-0.052,-2.074
308.49,-0.051,-0.051,-2.074
308.54,-0.051,-0.051,-2.074
308.59,-0.051,-0.052,-2.074
309.14,-0.051,-0.052,-2.074
309.19,-0.051,-0.052,-2.074
309.24,-0.051,-0.052,-2.074
309.79,-0.051,-0.052,-2.074
309.84,-0.051,-0.052,-2.074
310.39,-0.051,-0.052,-2.074
310.45,-0.051,-0.052,-2.074
310.5,-0.051,-0.052,-2.074
311.05,-0.052,-0.051,-2.074
311.1,-0.052,-0.051,-2.074
311.15,-0.052,-0.051,-2.074
311.7,-0.052,-0.051,-2.074
311.75,-0.052,-0.051,-2.074
311.8,-0.052,-0.051,-2.074
312.35,-0.052,-0.051,-2.074
312.4,-0.052,-0.051,-2.074
312.95,-0.052,-0.051,-2.074
313.0,-0.052,-0.051,-2.074
313.05,-0.052,-0.051,-2.074
313.6,-0.052,-0.051,-2.074
313.66,-0.052,-0.051,-2.074
314.21,-0.052,-0.051,-2.074
314.26,-0.052,-0.051,-2.074
314.31,-0.052,-0.051,-2.074
314.86,-0.052,-0.051,-2.074
314.91,-0.052,-0.051,-2.074
314.96,-0.052,-0.051,-2.074
315.51,-0.052,-0.051,-2.074
315.56,-0.052,-0.051,-2.074
315.61,-0.052,-0.051,-2.074
316.16,-0.052,-0.051,-2.074
316.21,-0.052,-0.051,-2.074
316.77,-0.052,-0.051,-2.074
316.82,-0.052,-0.051,-2.074
316.87,-0.052,-0.051,-2.074
317.42,-0.052,-0.051,-2.074
317.47,-0.052,-0.051,-2.074
318.02,-0.052,-0.051,-2.074
318.07,-0.052,-0.051,-2.074
318.12,-0.052,-0.051,-2.074
318.67,-0.052,-0.051,-2.074
318.72,-0.052,-0.051,-2.074
318.77,-0.052,-0.051,-2.074
319.34,-0.052,-0.051,-2.074
319.39,-0.052,-0.051,-2.074
319.44,-0.052,-0.051,-2.074
319.99,-0.052,-0.051,-2.074
320.04,-0.052,-0.051,-2.074
320.59,-0.052,-0.051,-2.074
320.64,-0.052,-0.051,-2.074
320.69,-0.052,-0.051,-2.073
321.24,-0.052,-0.051,-2.073
321.29,-0.052,-0.051,-2.073
321.34,-0.052,-0.051,-2.073
321.9,-0.052,-0.051,-2.073
321.95,-0.052,-0.051,-2.073
322.5,-0.052,-0.051,-2.073
322.55,-0.052,-0.051,-2.073
322.6,-0.052,-0.051,-2.073
323.15,-0.052,-0.051,-2.073
323.2,-0.052,-0.051,-2.073
323.25,-0.052,-0.051,-2.073
323.8,-0.052,-0.051,-2.073
323.85,-0.052,-0.051,-2.073
324.4,-0.052,-0.051,-2.073
324.45,-0.052,-0.051,-2.073
324.5,-0.052,-0.051,-2.073
325.06,-0.052,-0.051,-2.073
325.11,-0.052,-0.051,-2.073
325.16,-0.052,-0.051,-2.073
325.71,-0.052,-0.051,-2.073
325.76,-0.052,-0.051,-2.073
326.31,-0.052,-0.051,-2.073
326.36,-0.052,-0.051,-2.073
326.41,-0.052,-0.051,-2.073
326.96,-0.052,-0.051,-2.073
327.01,-0.052,-0.051,-2.073
327.06,-0.052,-0.051,-2.073
327.61,-0.052,-0.051,-2.072
327.67,-0.052,-0.051,-2.072
328.22,-0.052,-0.051,-2.072
328.27,-0.052,-0.051,-2.072
328.32,-0.052,-0.051,-2.072
328.87,-0.052,-0.051,-2.072
328.92,-0.052,-0.051,-2.072
329.47,-0.052,-0.051,-2.072
329.52,-0.052,-0.051,-2.072
329.57,-0.052,-0.051,-2.072
330.12,-0.052,-0.051,-2.072
330.17,-0.052,-0.051,-2.072
330.23,-0.052,-0.051,-2.072
330.78,-0.052,-0.051,-2.072
330.83,-0.052,-0.051,-2.072
330.88,-0.052,-0.051,-2.072
331.43,-0.052,-0.051,-2.072
331.48,-0.052,-0.051,-2.072
332.03,-0.052,-0.051,-2.072
332.08,-0.052,-0.051,-2.072
332.13,-0.052,-0.051,-2.072
332.68,-0.052,-0.051,-2.072
332.73,-0.052,-0.051,-2.072
332.79,-0.052,-0.051,-2.072
333.34,-0.052,-0.051,-2.072
333.39,-0.052,-0.051,-2.072
333.94,-0.052,-0.051,-2.072
333.99,-0.052,-0.051,-2.072
334.04,-0.052,-0.051,-2.072
334.59,-0.052,-0.051,-2.072
334.64,-0.052,-0.051,-2.072
334.69,-0.052,-0.051,-2.072
335.25,-0.052,-0.051,-2.072
335.3,-0.052,-0.051,-2.072
335.85,-0.052,-0.051,-2.072
335.9,-0.052,-0.051,-2.072
335.95,-0.052,-0.051,-2.072
336.5,-0.052,-0.051,-2.072
336.55,-0.052,-0.051,-2.072
337.1,-0.052,-0.051,-2.072
337.15,-0.052,-0.051,-2.072
337.2,-0.052,-0.051,-2.072
337.25,-0.052,-0.051,-2.072
337.8,-0.052,-0.051,-2.072
337.85,-0.052,-0.051,-2.072
338.41,-0.052,-0.051,-2.072
338.46,-0.052,-0.051,-2.072
338.51,-0.052,-0.051,-2.072
339.06,-0.052,-0.051,-2.072
339.11,-0.052,-0.051,-2.072
339.66,-0.052,-0.051,-2.072
339.71,-0.052,-0.051,-2.072
339.76,-0.052,-0.051,-2.072
340.31,-0.052,-0.051,-2.072
340.36,-0.052,-0.051,-2.072
340.42,-0.052,-0.051,-2.072
340.97,-0.052,-0.051,-2.072
341.02,-0.052,-0.051,-2.072
341.57,-0.052,-0.051,-2.072
341.62,-0.052,-0.051,-2.072
341.67,-0.052,-0.051,-2.072
342.22,-0.052,-0.051,-2.072
342.27,-0.052,-0.051,-2.072
342.32,-0.052,-0.051,-2.072
342.88,-0.052,-0.051,-2.072
342.93,-0.052,-0.051,-2.072
343.48,-0.052,-0.051,-2.072
343.53,-0.052,-0.051,-2.072
343.58,-0.052,-0.051,-2.072
344.13,-0.052,-0.051,-2.072
344.18,-0.052,-0.051,-2.072
344.23,-0.052,-0.051,-2.072
344.78,-0.052,-0.051,-2.072
344.83,-0.052,-0.051,-2.072
344.88,-0.052,-0.051,-2.072
345.43,-0.052,-0.051,-2.072
345.49,-0.052,-0.051,-2.072
346.04,-0.052,-0.051,-2.072
346.09,-0.052,-0.051,-2.072
346.14,-0.052,-0.052,-2.072
346.69,-0.052,-0.052,-2.072
346.74,-0.051,-0.051,-2.072
347.29,-0.051,-0.052,-2.072
347.34,-0.051,-0.052,-2.072
347.39,-0.051,-0.051,-2.072
347.94,-0.052,-0.052,-2.072
347.99,-0.052,-0.052,-2.072
348.04,-0.052,-0.052,-2.072
348.6,-0.052,-0.052,-2.073
348.65,-0.051,-0.052,-2.073
348.7,-0.052,-0.052,-2.073
349.25,-0.051,-0.052,-2.073
349.3,-0.052,-0.052,-2.073
349.85,-0.052,-0.052,-2.073
349.9,-0.052,-0.052,-2.073
349.95,-0.052,-0.052,-2.073
350.5,-0.052,-0.052,-2.073
350.55,-0.051,-0.052,-2.073
351.1,-0.051,-0.052,-2.073
351.15,-0.051,-0.051,-2.073
351.2,-0.052,-0.052,-2.073
351.76,-0.051,-0.052,-2.073
351.81,-0.052,-0.051,-2.073
351.86,-0.052,-0.052,-2.073
352.41,-0.052,-0.052,-2.073
352.46,-0.052,-0.052,-2.073
352.51,-0.051,-0.052,-2.073
353.06,-0.052,-0.052,-2.073
353.11,-0.051,-0.052,-2.073
353.66,-0.052,-0.052,-2.073
353.71,-0.051,-0.052,-2.073
353.77,-0.051,-0.052,-2.074
354.32,-0.051,-0.052,-2.074
354.37,-0.051,-0.052,-2.074
354.92,-0.051,-0.052,-2.074
354.97,-0.051,-0.052,-2.074
355.02,-0.051,-0.052,-2.074
355.57,-0.052,-0.052,-2.074
355.62,-0.051,-0.052,-2.074
355.67,-0.051,-0.052,-2.074
356.22,-0.051,-0.052,-2.074
356.28,-0.051,-0.052,-2.074
356.33,-0.051,-0.052,-2.074
356.88,-0.051,-0.052,-2.074
356.93,-0.051,-0.052,-2.074
357.48,-0.051,-0.052,-2.074
357.53,-0.051,-0.051,-2.074
358.08,-0.051,-0.052,-2.074
358.13,-0.051,-0.051,-2.074
358.18,-0.051,-0.052,-2.074
358.74,-0.051,-0.052,-2.074
358.79,-0.051,-0.052,-2.074
358.84,-0.052,-0.052,-2.074
359.39,-0.051,-0.052,-2.074
359.44,-0.051,-0.052,-2.074
359.49,-0.051,-0.051,-2.074
360.04,-0.052,-0.051,-2.074
360.09,-0.052,-0.051,-2.074
360.14,-0.052,-0.051,-2.074
360.69,-0.052,-0.051,-2.075
360.74,-0.052,-0.051,-2.075
361.29,-0.052,-0.051,-2.075
361.35,-0.052,-0.051,-2.075
361.4,-0.052,-0.051,-2.075
361.95,-0.052,-0.051,-2.075
362.0,-0.052,-0.051,-2.075
362.55,-0.052,-0.051,-2.075
362.6,-0.052,-0.051,-2.075
362.65,-0.052,-0.051,-2.075
363.2,-0.052,-0.051,-2.075
363.25,-0.052,-0.051,-2.075
363.3,-0.052,-0.051,-2.075
363.85,-0.052,-0.051,-2.075
363.9,-0.052,-0.051,-2.075
363.95,-0.052,-0.051,-2.075
364.5,-0.052,-0.051,-2.075
364.56,-0.052,-0.051,-2.075
365.11,-0.052,-0.051,-2.075
365.16,-0.052,-0.051,-2.075
365.71,-0.052,-0.051,-2.075
365.76,-0.052,-0.051,-2.075
365.81,-0.052,-0.051,-2.075
366.36,-0.052,-0.051,-2.075
366.41,-0.052,-0.051,-2.075
366.46,-0.052,-0.051,-2.075
367.01,-0.052,-0.051,-2.075
367.06,-0.052,-0.051,-2.075
367.11,-0.052,-0.051,-2.075
367.67,-0.052,-0.051,-2.075
367.72,-0.052,-0.051,-2.075
367.77,-0.052,-0.051,-2.075
368.32,-0.052,-0.051,-2.075
368.37,-0.052,-0.051,-2.075
368.93,-0.052,-0.051,-2.075
368.99,-0.052,-0.051,-2.075
369.04,-0.052,-0.051,-2.075
369.59,-0.052,-0.051,-2.075
369.64,-0.052,-0.051,-2.075
370.19,-0.052,-0.051,-2.075
370.24,-0.051,-0.051,-2.075
370.29,-0.052,-0.051,-2.075
370.84,-0.052,-0.051,-2.075
370.89,-0.052,-0.051,-2.076
370.94,-0.052,-0.051,-2.075
371.49,-0.052,-0.051,-2.075
371.54,-0.052,-0.051,-2.075
371.59,-0.052,-0.051,-2.075
372.15,-0.052,-0.051,-2.075
372.2,-0.052,-0.051,-2.075
372.75,-0.052,-0.051,-2.075
372.8,-0.052,-0.051,-2.075
372.85,-0.052,-0.051,-2.075
373.4,-0.052,-0.051,-2.075
373.45,-0.052,-0.051,-2.075
373.5,-0.052,-0.051,-2.075
374.06,-0.052,-0.051,-2.075
374.11,-0.052,-0.051,-2.075
374.66,-0.052,-0.051,-2.075
374.71,-0.052,-0.051,-2.075
374.76,-0.052,-0.051,-2.075
375.31,-0.052,-0.051,-2.075
375.36,-0.052,-0.051,-2.075
375.41,-0.052,-0.051,-2.075
375.96,-0.052,-0.051,-2.075
376.01,-0.052,-0.051,-2.075
376.57,-0.052,-0.051,-2.075
376.62,-0.052,-0.051,-2.075
376.67,-0.052,-0.051,-2.075
377.23,-0.052,-0.051,-2.075
377.28,-0.052,-0.051,-2.075
377.33,-0.052,-0.051,-2.075
377.88,-0.052,-0.051,-2.075
377.93,-0.052,-0.051,-2.075
378.48,-0.052,-0.051,-2.075
378.53,-0.052,-0.051,-2.075
378.58,-0.052,-0.051,-2.075
379.13,-0.052,-0.051,-2.075
379.19,-0.052,-0.051,-2.075
379.24,-0.052,-0.051,-2.075
379.79,-0.052,-0.051,-2.075
379.84,-0.052,-0.051,-2.075
380.39,-0.052,-0.051,-2.075
380.44,-0.052,-0.051,-2.075
380.99,-0.052,-0.051,-2.075
381.04,-0.052,-0.051,-2.075
381.09,-0.052,-0.051,-2.075
381.64,-0.052,-0.051,-2.075
381.7,-0.052,-0.051,-2.075
381.75,-0.052,-0.051,-2.075
382.3,-0.052,-0.051,-2.075
382.35,-0.052,-0.051,-2.075
382.4,-0.052,-0.051,-2.075
382.95,-0.052,-0.051,-2.074
383.0,-0.052,-0.051,-2.074
383.55,-0.052,-0.051,-2.074
383.6,-0.052,-0.051,-2.074
383.65,-0.052,-0.051,-2.074
383.7,-0.052,-0.051,-2.074
384.26,-0.052,-0.051,-2.074
384.31,-0.052,-0.051,-2.074
384.86,-0.052,-0.051,-2.074
384.91,-0.052,-0.051,-2.074
384.96,-0.052,-0.051,-2.074
385.51,-0.052,-0.051,-2.074
385.56,-0.052,-0.051,-2.074
386.11,-0.052,-0.051,-2.074
386.16,-0.052,-0.051,-2.074
386.21,-0.052,-0.051,-2.074
386.76,-0.052,-0.051,-2.074
386.82,-0.052,-0.051,-2.074
386.87,-0.052,-0.051,-2.074
387.42,-0.052,-0.051,-2.074
387.47,-0.052,-0.051,-2.074
388.02,-0.052,-0.051,-2.074
388.07,-0.052,-0.051,-2.074
388.12,-0.052,-0.051,-2.074
388.67,-0.052,-0.051,-2.074
388.72,-0.052,-0.051,-2.074
388.77,-0.052,-0.051,-2.074
389.32,-0.052,-0.051,-2.074
389.37,-0.052,-0.051,-2.074
389.92,-0.052,-0.051,-2.074
389.97,-0.052,-0.051,-2.074
390.03,-0.052,-0.051,-2.074
390.58,-0.052,-0.051,-2.074
390.63,-0.052,-0.051,-2.074
390.68,-0.052,-0.051,-2.074
391.23,-0.052,-0.051,-2.074
391.28,-0.052,-0.051,-2.074
391.83,-0.052,-0.051,-2.074
391.88,-0.052,-0.051,-2.074
391.93,-0.052,-0.051,-2.074
392.49,-0.052,-0.051,-2.074
392.54,-0.052,-0.051,-2.074
392.59,-0.052,-0.051,-2.074
393.14,-0.052,-0.051,-2.074
393.19,-0.052,-0.051,-2.074
393.74,-0.052,-0.051,-2.074
393.79,-0.052,-0.051,-2.074
393.84,-0.052,-0.051,-2.074
394.4,-0.052,-0.051,-2.074
394.45,-0.052,-0.051,-2.074
394.5,-0.052,-0.051,-2.074
395.05,-0.052,-0.051,-2.074
395.1,-0.052,-0.051,-2.074
395.15,-0.052,-0.051,-2.074
395.7,-0.052,-0.051,-2.074
395.75,-0.052,-0.051,-2.074
396.3,-0.052,-0.051,-2.074
396.35,-0.052,-0.051,-2.074
396.41,-0.052,-0.051,-2.074
396.96,-0.052,-0.051,-2.074
397.01,-0.052,-0.051,-2.074
397.56,-0.052,-0.051,-2.074
397.61,-0.052,-0.051,-2.074
397.66,-0.052,-0.051,-2.074
398.21,-0.052,-0.051,-2.074
398.26,-0.052,-0.051,-2.074
398.31,-0.052,-0.051,-2.074
398.87,-0.052,-0.051,-2.074
398.92,-0.052,-0.051,-2.074
398.97,-0.052,-0.051,-2.074
399.52,-0.052,-0.051,-2.074
399.57,-0.052,-0.051,-2.074
400.12,-0.052,-0.051,-2.074
400.17,-0.052,-0.051,-2.074
400.22,-0.052,-0.051,-2.074
400.77,-0.052,-0.051,-2.074
400.82,-0.052,-0.051,-2.074
401.37,-0.052,-0.051,-2.074
401.42,-0.052,-0.051,-2.074
401.48,-0.052,-0.051,-2.074
402.03,-0.052,-0.051,-2.073
402.08,-0.052,-0.051,-2.073
402.13,-0.052,-0.051,-2.073
402.68,-0.052,-0.051,-2.073
402.73,-0.051,-0.051,-2.073
402.78,-0.051,-0.051,-2.074
403.33,-0.053,-0.051,-2.075
403.38,-0.05,-0.051,-2.073
403.93,-0.051,-0.051,-2.074
403.98,-0.052,-0.051,-2.073
404.04,-0.052,-0.051,-2.074
404.59,-0.052,-0.051,-2.073
404.64,-0.051,-0.05,-2.073
405.19,-0.051,-0.05,-2.072
405.24,-0.053,-0.052,-2.072
405.29,-0.052,-0.051,-2.071
405.84,-0.051,-0.05,-2.073
405.89,-0.053,-0.051,-2.073
405.94,-0.051,-0.051,-2.073
406.5,-0.053,-0.051,-2.073
406.55,-0.052,-0.051,-2.073
407.1,-0.052,-0.051,-2.073
407.15,-0.052,-0.051,-2.073
407.2,-0.052,-0.051,-2.073
407.75,-0.052,-0.051,-2.073
407.81,-0.052,-0.051,-2.073
407.86,-0.052,-0.051,-2.073
408.41,-0.052,-0.051,-2.073
408.46,-0.052,-0.051,-2.073
408.51,-0.052,-0.051,-2.073
409.07,-0.052,-0.051,-2.073
409.12,-0.052,-0.051,-2.073
409.17,-0.052,-0.051,-2.073
409.72,-0.052,-0.051,-2.073
409.77,-0.052,-0.051,-2.073
410.32,-0.052,-0.051,-2.073
410.37,-0.052,-0.051,-2.073
410.92,-0.052,-0.051,-2.073
410.97,-0.052,-0.051,-2.073
411.02,-0.052,-0.051,-2.072
411.57,-0.052,-0.051,-2.072
411.62,-0.052,-0.051,-2.072
411.67,-0.052,-0.051,-2.072
412.23,-0.052,-0.051,-2.072
412.28,-0.052,-0.051,-2.072
412.33,-0.052,-0.051,-2.072
412.88,-0.052,-0.051,-2.072
412.93,-0.052,-0.051,-2.072
413.48,-0.052,-0.051,-2.072
413.53,-0.052,-0.051,-2.072
413.58,-0.052,-0.051,-2.072
414.13,-0.052,-0.051,-2.072
414.18,-0.052,-0.051,-2.072
414.73,-0.052,-0.051,-2.072
414.78,-0.052,-0.051,-2.072
414.83,-0.052,-0.051,-2.072
415.39,-0.052,-0.051,-2.072
415.44,-0.052,-0.051,-2.072
415.49,-0.052,-0.051,-2.072
416.04,-0.052,-0.051,-2.072
416.09,-0.052,-0.051,-2.072
416.14,-0.052,-0.051,-2.072
416.69,-0.052,-0.051,-2.072
416.74,-0.052,-0.051,-2.072
417.29,-0.052,-0.051,-2.072
417.34,-0.052,-0.051,-2.072
417.4,-0.052,-0.051,-2.072
417.95,-0.052,-0.051,-2.072
418.0,-0.052,-0.051,-2.072
418.05,-0.052,-0.051,-2.072
418.6,-0.052,-0.051,-2.072
418.65,-0.052,-0.051,-2.072
419.21,-0.052,-0.051,-2.072
419.26,-0.052,-0.051,-2.072
419.31,-0.052,-0.051,-2.072
419.86,-0.052,-0.051,-2.072
419.91,-0.052,-0.051,-2.072
419.96,-0.052,-0.051,-2.072
420.51,-0.052,-0.051,-2.072
420.56,-0.052,-0.051,-2.072
421.11,-0.052,-0.051,-2.072
421.16,-0.052,-0.051,-2.072
421.21,-0.052,-0.051,-2.072
421.77,-0.052,-0.051,-2.072
421.82,-0.052,-0.051,-2.072
422.37,-0.052,-0.051,-2.072
422.42,-0.052,-0.051,-2.072
422.47,-0.052,-0.051,-2.072
423.02,-0.052,-0.051,-2.072
423.07,-0.052,-0.051,-2.072
423.12,-0.052,-0.051,-2.072
423.67,-0.052,-0.051,-2.072
423.72,-0.052,-0.051,-2.072
423.77,-0.052,-0.051,-2.072
424.32,-0.052,-0.051,-2.072
424.38,-0.052,-0.051,-2.072
424.43,-0.052,-0.051,-2.072
424.98,-0.052,-0.051,-2.072
425.03,-0.052,-0.051,-2.072
425.58,-0.052,-0.051,-2.072
425.63,-0.052,-0.051,-2.072
426.18,-0.052,-0.051,-2.072
426.23,-0.052,-0.051,-2.072
426.28,-0.052,-0.051,-2.072
426.83,-0.052,-0.051,-2.072
426.88,-0.052,-0.051,-2.072
426.93,-0.052,-0.051,-2.072
427.48,-0.052,-0.051,-2.072
427.53,-0.052,-0.051,-2.072
427.59,-0.052,-0.051,-2.072
428.14,-0.052,-0.051,-2.072
428.19,-0.052,-0.051,-2.072
428.24,-0.052,-0.051,-2.072
428.79,-0.052,-0.051,-2.072
428.84,-0.052,-0.051,-2.072
429.39,-0.052,-0.051,-2.072
429.44,-0.052,-0.051,-2.072
429.49,-0.052,-0.051,-2.072
430.04,-0.052,-0.051,-2.072
430.09,-0.052,-0.051,-2.072
430.64,-0.052,-0.051,-2.072
430.69,-0.052,-0.051,-2.072
430.74,-0.052,-0.051,-2.072
431.3,-0.052,-0.051,-2.073
431.35,-0.052,-0.051,-2.073
431.4,-0.052,-0.051,-2.073
431.95,-0.052,-0.051,-2.073
432.0,-0.052,-0.052,-2.073
432.05,-0.051,-0.052,-2.073
432.6,-0.052,-0.052,-2.073
433.15,-0.051,-0.052,-2.073
433.2,-0.052,-0.052,-2.073
433.25,-0.052,-0.052,-2.073
433.8,-0.052,-0.051,-2.073
433.85,-0.052,-0.052,-2.073
433.91,-0.052,-0.052,-2.073
434.46,-0.052,-0.052,-2.073
434.51,-0.052,-0.052,-2.073
434.56,-0.052,-0.052,-2.073
435.11,-0.052,-0.052,-2.073
435.16,-0.052,-0.052,-2.073
435.21,-0.052,-0.052,-2.073
435.76,-0.052,-0.052,-2.073
435.81,-0.052,-0.052,-2.073
436.36,-0.052,-0.052,-2.073
436.41,-0.052,-0.052,-2.073
436.46,-0.052,-0.052,-2.073
437.02,-0.052,-0.052,-2.073
437.07,-0.052,-0.052,-2.073
437.12,-0.052,-0.052,-2.073
437.67,-0.052,-0.052,-2.073
437.72,-0.052,-0.052,-2.073
438.27,-0.052,-0.052,-2.073
438.32,-0.052,-0.052,-2.073
438.37,-0.052,-0.052,-2.073
438.92,-0.052,-0.052,-2.073
438.97,-0.052,-0.052,-2.073
439.02,-0.052,-0.052,-2.073
439.57,-0.052,-0.052,-2.073
439.62,-0.052,-0.052,-2.073
439.68,-0.052,-0.052,-2.073
440.23,-0.052,-0.052,-2.073
440.28,-0.052,-0.052,-2.073
440.83,-0.052,-0.052,-2.073
440.88,-0.052,-0.052,-2.073
440.93,-0.052,-0.052,-2.073
441.48,-0.052,-0.052,-2.073
441.53,-0.052,-0.052,-2.073
442.08,-0.052,-0.052,-2.073
442.13,-0.052,-0.052,-2.073
442.18,-0.052,-0.052,-2.073
442.74,-0.052,-0.052,-2.073
442.79,-0.052,-0.052,-2.073
442.84,-0.052,-0.052,-2.073
443.39,-0.052,-0.052,-2.073
443.44,-0.052,-0.052,-2.073
443.49,-0.052,-0.051,-2.073
444.05,-0.052,-0.051,-2.073
444.1,-0.052,-0.052,-2.073
444.65,-0.052,-0.052,-2.073
444.7,-0.052,-0.052,-2.073
445.25,-0.052,-0.052,-2.073
445.3,-0.052,-0.052,-2.073
445.35,-0.052,-0.052,-2.073
445.91,-0.052,-0.052,-2.073
445.96,-0.052,-0.052,-2.073
446.01,-0.052,-0.052,-2.073
446.56,-0.051,-0.052,-2.073
446.61,-0.052,-0.051,-2.073
446.66,-0.051,-0.051,-2.073
447.21,-0.052,-0.052,-2.073
447.26,-0.051,-0.051,-2.073
447.81,-0.052,-0.052,-2.073
447.86,-0.052,-0.051,-2.073
447.91,-0.052,-0.051,-2.073
448.47,-0.052,-0.051,-2.073
448.52,-0.051,-0.052,-2.073
448.57,-0.052,-0.052,-2.073
449.12,-0.052,-0.052,-2.073
449.17,-0.052,-0.052,-2.073
449.72,-0.052,-0.052,-2.073
449.77,-0.052,-0.052,-2.073
449.82,-0.052,-0.052,-2.073
450.38,-0.052,-0.052,-2.072
450.43,-0.052,-0.052,-2.072
450.48,-0.052,-0.052,-2.072
451.03,-0.052,-0.052,-2.072
451.08,-0.052,-0.052,-2.072
451.13,-0.052,-0.052,-2.072
451.68,-0.052,-0.052,-2.072
451.73,-0.052,-0.052,-2.072
452.28,-0.052,-0.052,-2.072
452.34,-0.052,-0.052,-2.072
452.39,-0.052,-0.052,-2.072
452.94,-0.052,-0.052,-2.072
452.99,-0.052,-0.051,-2.072
453.54,-0.047,-0.052,-2.073
453.59,-0.052,-0.052,-2.072
453.64,-0.051,-0.05,-2.072
454.19,-0.049,-0.05,-2.073
454.24,-0.05,-0.051,-2.073
454.29,-0.05,-0.051,-2.072
454.84,-0.05,-0.051,-2.073
454.89,-0.051,-0.051,-2.073
454.95,-0.05,-0.051,-2.073
455.5,-0.051,-0.051,-2.073
455.55,-0.051,-0.051,-2.073
456.1,-0.051,-0.051,-2.073
456.15,-0.051,-0.051,-2.073
456.7,-0.051,-0.051,-2.073
456.75,-0.05,-0.051,-2.073
456.8,-0.051,-0.051,-2.073
457.35,-0.05,-0.051,-2.073
457.4,-0.051,-0.051,-2.073
457.45,-0.051,-0.051,-2.073
458.0,-0.051,-0.051,-2.073
458.05,-0.051,-0.051,-2.073
458.11,-0.051,-0.051,-2.073
458.66,-0.051,-0.051,-2.072
458.71,-0.051,-0.051,-2.072
458.76,-0.051,-0.051,-2.072
459.31,-0.051,-0.051,-2.073
459.36,-0.051,-0.051,-2.072
459.91,-0.051,-0.051,-2.072
459.96,-0.051,-0.051,-2.072
460.01,-0.051,-0.051,-2.072
460.56,-0.051,-0.051,-2.072
460.61,-0.05,-0.051,-2.072
460.66,-0.051,-0.051,-2.072
461.21,-0.051,-0.051,-2.072
461.27,-0.051,-0.051,-2.072
461.83,-0.05,-0.051,-2.072
461.88,-0.051,-0.051,-2.072
461.93,-0.051,-0.051,-2.072
462.48,-0.051,-0.051,-2.072
462.53,-0.051,-0.051,-2.072
462.58,-0.05,-0.051,-2.072
463.13,-0.051,-0.051,-2.072
463.18,-0.051,-0.051,-2.072
463.73,-0.051,-0.051,-2.072
463.79,-0.051,-0.051,-2.072
463.84,-0.051,-0.051,-2.072
464.39,-0.051,-0.051,-2.072
464.44,-0.051,-0.051,-2.072
464.49,-0.051,-0.051,-2.072
465.04,-0.051,-0.051,-2.072
465.09,-0.051,-0.051,-2.072
465.64,-0.051,-0.051,-2.072
465.69,-0.051,-0.051,-2.072
465.75,-0.051,-0.051,-2.072
466.3,-0.051,-0.051,-2.072
466.35,-0.051,-0.051,-2.072
466.4,-0.051,-0.051,-2.072
466.95,-0.051,-0.051,-2.072
467.0,-0.051,-0.051,-2.072
467.55,-0.051,-0.051,-2.072
467.6,-0.051,-0.051,-2.072
467.66,-0.051,-0.051,-2.072
468.21,-0.051,-0.051,-2.072
468.26,-0.051,-0.051,-2.072
468.81,-0.051,-0.051,-2.071
468.86,-0.051,-0.051,-2.071
468.91,-0.051,-0.051,-2.071
469.46,-0.05,-0.051,-2.071
469.51,-0.05,-0.051,-2.071
469.56,-0.05,-0.051,-2.071
470.13,-0.05,-0.051,-2.071
470.18,-0.05,-0.051,-2.071
470.73,-0.05,-0.051,-2.071
470.78,-0.05,-0.051,-2.071
470.83,-0.051,-0.051,-2.071
471.38,-0.05,-0.051,-2.071
471.43,-0.05,-0.051,-2.071
471.48,-0.05,-0.051,-2.071
472.03,-0.05,-0.051,-2.071
472.08,-0.05,-0.051,-2.071
472.13,-0.05,-0.051,-2.071
472.68,-0.05,-0.051,-2.071
472.73,-0.05,-0.051,-2.071
473.28,-0.05,-0.051,-2.071
473.34,-0.05,-0.051,-2.071
473.39,-0.05,-0.051,-2.071
473.94,-0.051,-0.051,-2.071
473.99,-0.051,-0.051,-2.071
474.54,-0.051,-0.051,-2.071
474.59,-0.051,-0.051,-2.071
474.64,-0.051,-0.051,-2.071
475.19,-0.051,-0.051,-2.071
475.24,-0.051,-0.051,-2.071
475.29,-0.051,-0.051,-2.071
475.84,-0.051,-0.051,-2.071
475.89,-0.051,-0.051,-2.071
475.94,-0.051,-0.051,-2.071
476.49,-0.051,-0.051,-2.071
476.55,-0.051,-0.051,-2.071
476.6,-0.051,-0.051,-2.071
477.15,-0.051,-0.051,-2.071
477.2,-0.051,-0.051,-2.071
477.75,-0.051,-0.051,-2.071
477.8,-0.051,-0.051,-2.071
477.85,-0.051,-0.051,-2.071
478.4,-0.051,-0.051,-2.071
478.45,-0.051,-0.051,-2.071
479.0,-0.051,-0.051,-2.071
479.05,-0.051,-0.051,-2.071
479.1,-0.051,-0.051,-2.071
479.65,-0.051,-0.051,-2.071
479.7,-0.051,-0.051,-2.071
479.76,-0.051,-0.051,-2.071
480.31,-0.051,-0.051,-2.071
480.36,-0.051,-0.051,-2.071
480.91,-0.051,-0.051,-2.071
480.96,-0.051,-0.051,-2.071
481.01,-0.051,-0.051,-2.071
481.56,-0.051,-0.051,-2.071
481.61,-0.051,-0.051,-2.071
481.66,-0.051,-0.051,-2.071
482.21,-0.051,-0.051,-2.071
482.26,-0.051,-0.051,-2.071
482.81,-0.051,-0.051,-2.071
482.87,-0.051,-0.051,-2.071
482.92,-0.051,-0.051,-2.071
483.47,-0.051,-0.051,-2.071
483.52,-0.051,-0.051,-2.071
483.57,-0.051,-0.051,-2.071
484.12,-0.051,-0.051,-2.071
484.17,-0.051,-0.051,-2.071
484.22,-0.051,-0.051,-2.071
484.77,-0.051,-0.051,-2.071
484.82,-0.051,-0.051,-2.071
485.38,-0.051,-0.051,-2.071
485.43,-0.051,-0.051,-2.071
485.98,-0.051,-0.051,-2.071
486.03,-0.051,-0.051,-2.071
486.08,-0.051,-0.051,-2.072
486.63,-0.051,-0.051,-2.072
486.68,-0.051,-0.051,-2.072
486.73,-0.051,-0.051,-2.072
487.28,-0.051,-0.051,-2.072
487.33,-0.051,-0.051,-2.072
487.39,-0.051,-0.051,-2.072
487.94,-0.051,-0.051,-2.072
487.99,-0.051,-0.051,-2.072
488.04,-0.051,-0.051,-2.072
488.59,-0.051,-0.051,-2.072
488.64,-0.051,-0.051,-2.072
489.19,-0.051,-0.051,-2.072
489.24,-0.051,-0.051,-2.072
489.29,-0.051,-0.051,-2.072
489.84,-0.051,-0.051,-2.072
489.89,-0.051,-0.051,-2.072
490.44,-0.051,-0.051,-2.072
490.49,-0.051,-0.051,-2.072
490.54,-0.051,-0.051,-2.072
491.1,-0.051,-0.051,-2.072
491.15,-0.051,-0.051,-2.072
491.2,-0.051,-0.051,-2.072
491.75,-0.051,-0.051,-2.072
491.8,-0.051,-0.051,-2.072
491.85,-0.051,-0.051,-2.072
492.4,-0.051,-0.051,-2.072
492.45,-0.051,-0.051,-2.072
493.0,-0.051,-0.051,-2.072
493.05,-0.051,-0.051,-2.072
493.1,-0.051,-0.051,-2.072
493.66,-0.051,-0.051,-2.072
493.71,-0.051,-0.051,-2.072
494.26,-0.051,-0.051,-2.072
494.31,-0.051,-0.051,-2.072
494.36,-0.051,-0.051,-2.072
494.91,-0.051,-0.051,-2.072
494.96,-0.051,-0.051,-2.072
495.01,-0.051,-0.051,-2.072
495.56,-0.051,-0.051,-2.072
495.61,-0.051,-0.051,-2.072
495.66,-0.051,-0.051,-2.072
496.21,-0.051,-0.051,-2.072
496.26,-0.051,-0.051,-2.072
496.81,-0.051,-0.051,-2.072
496.87,-0.051,-0.051,-2.072
497.42,-0.051,-0.051,-2.072
497.47,-0.051,-0.051,-2.072
497.52,-0.051,-0.051,-2.072
498.07,-0.051,-0.051,-2.072
498.12,-0.051,-0.051,-2.073
498.17,-0.05,-0.051,-2.073
498.72,-0.05,-0.051,-2.073
498.77,-0.05,-0.051,-2.073
498.82,-0.051,-0.051,-2.073
499.37,-0.051,-0.051,-2.073
499.42,-0.051,-0.051,-2.073
499.47,-0.051,-0.051,-2.073
500.03,-0.051,-0.051,-2.073
500.08,-0.051,-0.051,-2.073
500.63,-0.051,-0.051,-2.073
500.68,-0.051,-0.051,-2.073
500.73,-0.051,-0.051,-2.073
501.28,-0.051,-0.051,-2.073
501.33,-0.051,-0.051,-2.073
501.89,-0.051,-0.051,-2.073
501.94,-0.051,-0.051,-2.073
501.99,-0.051,-0.051,-2.073
502.54,-0.051,-0.051,-2.073
502.59,-0.051,-0.051,-2.073
502.64,-0.051,-0.051,-2.073
503.19,-0.051,-0.051,-2.073
503.24,-0.051,-0.051,-2.073
503.3,-0.051,-0.051,-2.073
503.85,-0.051,-0.051,-2.073
503.9,-0.051,-0.051,-2.073
504.45,-0.051,-0.051,-2.073
504.5,-0.051,-0.051,-2.073
504.55,-0.051,-0.051,-2.073
505.1,-0.051,-0.051,-2.073
505.15,-0.051,-0.051,-2.073
505.7,-0.051,-0.051,-2.073
505.76,-0.051,-0.051,-2.073
505.81,-0.051,-0.051,-2.073
506.36,-0.05,-0.051,-2.073
506.41,-0.051,-0.051,-2.073
506.46,-0.05,-0.051,-2.073
507.01,-0.05,-0.051,-2.073
507.06,-0.05,-0.051,-2.073
507.11,-0.051,-0.051,-2.073
507.66,-0.05,-0.051,-2.073
507.71,-0.05,-0.051,-2.073
507.76,-0.05,-0.051,-2.073
508.31,-0.051,-0.051,-2.073
508.36,-0.051,-0.051,-2.073
508.92,-0.051,-0.051,-2.073
508.97,-0.051,-0.051,-2.073
509.52,-0.051,-0.051,-2.073
509.57,-0.051,-0.051,-2.073
509.62,-0.051,-0.051,-2.073
510.17,-0.051,-0.051,-2.073
510.22,-0.051,-0.051,-2.073
510.27,-0.051,-0.052,-2.073
510.82,-0.051,-0.051,-2.073
510.87,-0.051,-0.051,-2.073
510.92,-0.051,-0.051,-2.073
511.48,-0.051,-0.052,-2.073
511.53,-0.051,-0.052,-2.073
512.08,-0.051,-0.052,-2.073
512.13,-0.051,-0.051,-2.073
512.18,-0.051,-0.052,-2.073
512.73,-0.051,-0.051,-2.073
512.78,-0.051,-0.052,-2.073
512.83,-0.051,-0.051,-2.073
513.38,-0.051,-0.051,-2.073
513.43,-0.051,-0.051,-2.073
513.98,-0.051,-0.051,-2.073
514.04,-0.051,-0.052,-2.073
514.09,-0.051,-0.051,-2.073
514.64,-0.051,-0.051,-2.073
514.69,-0.051,-0.051,-2.073
514.74,-0.051,-0.051,-2.073
515.29,-0.051,-0.052,-2.073
515.34,-0.051,-0.051,-2.073
515.39,-0.051,-0.051,-2.073
515.94,-0.051,-0.051,-2.073
515.99,-0.051,-0.051,-2.073
516.54,-0.051,-0.051,-2.073
516.6,-0.051,-0.051,-2.073
517.15,-0.051,-0.051,-2.073
517.2,-0.051,-0.051,-2.073
517.25,-0.051,-0.051,-2.073
517.8,-0.051,-0.051,-2.073
517.85,-0.051,-0.051,-2.073
517.9,-0.051,-0.051,-2.073
0.01,-0.051,-0.051,-2.073,0.0,0.0,0.0,0,-33.467225,-70.657605,0,DESCONOCIDO
0.25,-0.051,-0.051,-2.073,0.0,0.0,0.0,0,-33.467225,-70.657605,0,DESCONOCIDO
0.48,-0.051,-0.051,-2.073,0.0,0.0,0.0,0,-33.467225,-70.657605,0,DESCONOCIDO
0.72,-0.051,-0.051,-2.073,0.0,0.0,0.0,0,-33.467225,-70.657605,0,DESCONOCIDO
0.96,-0.051,-0.051,-2.073,0.0,0.0,0.0,0,-33.467225,-70.657605,0,MANUAL
1.17,-0.051,-0.051,-2.073,0.0,0.0,0.0,0,-33.467225,-70.657605,0,MANUAL
1.5,-0.051,-0.051,-2.073,0.0,0.0,65.53,0,-33.467225,-70.657605,0,MANUAL
1.64,-0.051,-0.051,-2.073,0.0,0.0,65.53,0,-33.467225,-70.657605,0,MANUAL
1.86,-0.051,-0.051,-2.073,0.0,0.0,65.53,0,-33.467225,-70.657605,0,MANUAL
2.21,-0.051,-0.051,-2.073,0.0,0.0,65.53,0,-33.467225,-70.657605,0,MANUAL
2.49,-0.051,-0.051,-2.074,0.0,0.0,65.53,0,-33.467225,-70.657605,0,MANUAL
2.58,-0.051,-0.051,-2.074,0.0,0.0,65.53,0,-33.467225,-70.657605,0,MANUAL
2.91,-0.051,-0.051,-2.074,0.0,0.0,65.53,0,-33.467225,-70.657605,0,MANUAL
3.14,-0.051,-0.051,-2.074,0.0,0.0,65.53,0,-33.467225,-70.657605,0,MANUAL
3.39,-0.051,-0.051,-2.074,0.0,0.0,65.53,0,-33.467225,-70.657605,0,MANUAL
3.61,-0.051,-0.051,-2.074,0.0,0.0,65.53,0,-33.467225,-70.657605,0,MANUAL
3.86,-0.051,-0.051,-2.074,0.0,0.0,65.53,0,-33.467225,-70.657605,0,MANUAL
4.06,-0.051,-0.051,-2.074,0.0,0.0,65.53,0,-33.467225,-70.657605,0,MANUAL
4.3,-0.051,-0.051,-2.074,0.0,0.0,65.53,0,-33.467225,-70.657605,0,MANUAL
4.56,-0.051,-0.051,-2.074,0.0,0.0,65.53,0,-33.467225,-70.657605,0,MANUAL
4.75,-0.051,-0.051,-2.074,0.0,0.0,65.53,0,-33.467225,-70.657605,0,MANUAL
5.05,-0.051,-0.051,-2.074,0.0,0.0,65.53,0,-33.467225,-70.657605,0,MANUAL
5.22,-0.051,-0.051,-2.074,0.0,0.0,65.53,0,-33.467225,-70.657605,0,MANUAL
5.44,-0.051,-0.051,-2.074,0.0,0.0,65.53,0,-33.467225,-70.657605,0,MANUAL
5.7,-0.051,-0.051,-2.074,0.0,0.0,65.53,0,-33.467225,-70.657605,0,MANUAL
6.09,-0.051,-0.051,-2.074,0.0,0.0,65.53,0,-33.467225,-70.657605,0,MANUAL
6.26,-0.05,-0.051,-2.074,0.0,0.0,65.53,0,-33.467225,-70.657605,0,MANUAL
6.47,-0.05,-0.051,-2.074,0.0,0.0,65.53,0,-33.467225,-70.657605,0,MANUAL
6.76,-0.05,-0.051,-2.074,0.0,0.0,65.53,0,-33.467225,-70.657605,0,MANUAL
6.96,-0.05,-0.051,-2.074,0.0,0.0,65.53,0,-33.467225,-70.657605,0,MANUAL
7.16,-0.05,-0.051,-2.074,0.0,0.0,65.53,0,-33.467225,-70.657605,0,MANUAL
7.4,-0.05,-0.051,-2.074,0.0,0.0,65.53,0,-33.467225,-70.657605,0,MANUAL
7.64,-0.05,-0.051,-2.074,0.0,0.0,65.53,0,-33.467225,-70.657605,0,MANUAL
7.86,-0.05,-0.051,-2.074,0.0,0.0,65.53,0,-33.467225,-70.657605,0,MANUAL
8.11,-0.051,-0.051,-2.074,0.0,0.0,65.53,0,-33.467225,-70.657605,0,MANUAL
8.33,-0.051,-0.051,-2.074,0.0,0.0,65.53,0,-33.467225,-70.657605,0,MANUAL
8.55,-0.051,-0.051,-2.074,0.0,0.0,65.53,0,-33.467225,-70.657605,0,MANUAL
8.81,-0.051,-0.051,-2.074,0.0,0.0,65.53,0,-33.467225,-70.657605,0,MANUAL
9.02,-0.05,-0.051,-2.074,0.0,0.0,65.53,0,-33.467225,-70.657605,0,MANUAL
9.25,-0.051,-0.051,-2.074,0.0,0.0,65.53,0,-33.467225,-70.657605,0,MANUAL
9.64,-0.051,-0.051,-2.074,0.0,0.0,65.53,0,-33.467225,-70.657605,0,MANUAL
9.75,-0.05,-0.051,-2.074,0.0,0.0,65.53,0,-33.467225,-70.657605,0,MANUAL
10.06,-0.051,-0.052,-2.074,0.0,0.0,65.53,0,-33.467225,-70.657605,0,MANUAL
10.32,-0.051,-0.051,-2.074,0.0,0.0,65.53,0,-33.467225,-70.657605,0,MANUAL
10.54,-0.05,-0.052,-2.074,0.0,0.0,65.53,0,-33.467225,-70.657605,0,MANUAL
10.75,-0.051,-0.051,-2.074,0.0,0.0,65.53,0,-33.467225,-70.657605,0,MANUAL
10.99,-0.05,-0.051,-2.074,0.0,0.0,65.53,0,-33.467225,-70.657605,0,MANUAL
11.22,-0.05,-0.051,-2.074,0.0,0.0,65.53,0,-33.467225,-70.657605,0,MANUAL
11.45,-0.05,-0.052,-2.074,0.0,0.0,65.53,0,-33.467225,-70.657605,0,MANUAL
11.71,-0.05,-0.051,-2.074,0.0,0.0,65.53,0,-33.467225,-70.657605,0,MANUAL
11.9,-0.05,-0.051,-2.074,0.0,0.0,65.53,0,-33.467225,-70.657605,0,MANUAL
12.21,-0.05,-0.051,-2.074,0.0,0.0,65.53,0,-33.467225,-70.657605,0,MANUAL
12.38,-0.05,-0.052,-2.074,0.0,0.0,65.53,0,-33.467225,-70.657605,0,MANUAL
12.6,-0.05,-0.052,-2.074,0.0,0.0,65.53,0,-33.467225,-70.657605,0,MANUAL
12.84,-0.05,-0.052,-2.074,0.0,0.0,65.53,0,-33.467225,-70.657605,0,MANUAL
13.08,-0.05,-0.051,-2.074,0.0,0.0,65.53,0,-33.467225,-70.657605,0,MANUAL
13.29,-0.05,-0.051,-2.074,0.0,0.0,65.53,0,-33.467225,-70.657605,0,MANUAL
13.54,-0.05,-0.051,-2.074,0.0,0.0,65.53,0,-33.467225,-70.657605,0,MANUAL
13.91,-0.051,-0.051,-2.074,0.0,0.0,65.53,0,-33.467225,-70.657605,0,MANUAL
14.11,-0.051,-0.051,-2.074,0.0,0.0,65.53,0,-33.467225,-70.657605,0,MANUAL
14.32,-0.051,-0.051,-2.074,0.0,0.0,65.53,0,-33.467225,-70.657605,0,MANUAL
14.59,-0.051,-0.051,-2.074,0.0,0.0,65.53,0,-33.467225,-70.657605,0,MANUAL
14.8,-0.05,-0.051,-2.074,0.0,0.0,65.53,0,-33.467225,-70.657605,0,MANUAL
15.03,-0.051,-0.051,-2.074,0.0,0.0,65.53,0,-33.467225,-70.657605,0,MANUAL
15.25,-0.051,-0.051,-2.074,0.0,0.0,65.53,0,-33.467225,-70.657605,0,MANUAL
15.48,-0.051,-0.051,-2.074,0.0,0.0,65.53,0,-33.467225,-70.657605,0,MANUAL
15.7,-0.05,-0.051,-2.074,0.0,0.0,65.53,0,-33.467225,-70.657605,0,MANUAL
15.95,-0.051,-0.051,-2.074,0.0,0.0,65.53,0,-33.467225,-70.657605,0,MANUAL
16.18,-0.051,-0.051,-2.074,0.0,0.0,65.53,0,-33.467225,-70.657605,0,MANUAL
16.4,-0.051,-0.051,-2.074,0.0,0.0,65.53,0,-33.467225,-70.657605,0,MANUAL
16.64,-0.05,-0.051,-2.074,0.0,0.0,65.53,0,-33.467225,-70.657605,0,MANUAL
16.86,-0.051,-0.051,-2.074,0.0,0.0,65.53,0,-33.467225,-70.657605,0,MANUAL
17.1,-0.051,-0.051,-2.074,0.0,0.0,65.53,0,-33.467225,-70.657605,0,MANUAL
17.48,-0.051,-0.051,-2.074,0.0,0.0,65.53,0,-33.467225,-70.657605,0,MANUAL
17.68,-0.051,-0.051,-2.074,0.0,0.0,65.53,0,-33.467225,-70.657605,0,MANUAL
17.9,-0.051,-0.051,-2.074,0.0,0.0,65.53,0,-33.467225,-70.657605,0,MANUAL
18.17,-0.051,-0.051,-2.074,0.0,0.0,65.53,0,-33.467225,-70.657605,0,MANUAL
18.38,-0.051,-0.051,-2.074,0.0,0.0,65.53,0,-33.467225,-70.657605,0,MANUAL
18.6,-0.051,-0.051,-2.074,0.0,0.0,65.53,0,-33.467225,-70.657605,0,MANUAL
18.88,-0.051,-0.051,-2.074,0.0,0.0,65.53,0,-33.467225,-70.657605,0,MANUAL
19.07,-0.051,-0.051,-2.074,0.0,0.0,65.53,0,-33.467225,-70.657605,0,MANUAL
19.3,-0.051,-0.051,-2.074,0.0,0.0,65.53,0,-33.467225,-70.657605,0,MANUAL
19.52,-0.051,-0.051,-2.074,0.0,0.0,65.53,0,-33.467225,-70.657605,0,MANUAL
19.77,-0.051,-0.051,-2.074,0.0,0.0,65.53,0,-33.467225,-70.657605,0,MANUAL
19.98,-0.051,-0.051,-2.074,0.0,0.0,65.53,0,-33.467225,-70.657605,0,MANUAL
20.22,-0.051,-0.051,-2.073,0.0,0.0,65.53,0,-33.467225,-70.657605,0,MANUAL
20.45,-0.051,-0.051,-2.073,0.0,0.0,65.53,0,-33.467225,-70.657605,0,MANUAL
20.69,-0.051,-0.051,-2.073,0.0,0.0,65.53,0,-33.467225,-70.657605,0,MANUAL
21.07,-0.051,-0.051,-2.073,0.0,0.0,65.53,0,-33.467225,-70.657605,0,MANUAL
21.26,-0.051,-0.051,-2.073,0.0,0.0,65.53,0,-33.467225,-70.657605,0,MANUAL
21.49,-0.051,-0.051,-2.073,0.0,0.0,65.53,0,-33.467225,-70.657605,0,MANUAL
21.75,-0.051,-0.051,-2.073,0.0,0.0,65.53,0,-33.467225,-70.657605,0,MANUAL
21.94,-0.051,-0.051,-2.073,0.0,0.0,65.53,0,-33.467225,-70.657605,0,MANUAL
22.18,-0.051,-0.051,-2.073,0.0,0.0,65.53,0,-33.467225,-70.657605,0,MANUAL
22.45,-0.051,-0.051,-2.073,0.0,0.0,65.53,0,-33.467225,-70.657605,0,MANUAL
22.64,-0.051,-0.051,-2.073,0.0,0.0,65.53,0,-33.467225,-70.657605,0,MANUAL
22.97,-0.051,-0.051,-2.073,0.0,0.0,65.53,0,-33.467225,-70.657605,0,MANUAL
23.12,-0.051,-0.051,-2.073,0.0,0.0,65.53,0,-33.467225,-70.657605,0,MANUAL
23.34,-0.051,-0.051,-2.073,0.0,0.0,65.53,0,-33.467225,-70.657605,0,MANUAL
23.56,-0.051,-0.051,-2.073,0.0,0.0,65.53,0,-33.467225,-70.657605,0,MANUAL
23.82,-0.051,-0.051,-2.073,0.0,0.0,65.53,0,-33.467225,-70.657605,0,MANUAL
24.05,-0.051,-0.051,-2.073,0.0,0.0,65.53,0,-33.467225,-70.657605,0,MANUAL
24.26,-0.051,-0.051,-2.073,0.0,0.0,65.53,0,-33.467225,-70.657605,0,MANUAL
24.48,-0.051,-0.051,-2.073,0.0,0.0,65.53,0,-33.467225,-70.657605,0,MANUAL
24.74,-0.051,-0.051,-2.073,0.0,0.0,65.53,0,-33.467225,-70.657605,0,MANUAL
24.97,-0.051,-0.051,-2.073,0.0,0.0,65.53,0,-33.467225,-70.657605,0,MANUAL
25.33,-0.051,-0.051,-2.073,0.0,0.0,65.53,0,-33.467225,-70.657605,0,MANUAL
25.54,-0.051,-0.051,-2.073,0.0,0.0,65.53,0,-33.467225,-70.657605,0,MANUAL
25.77,-0.051,-0.051,-2.073,0.0,0.0,65.53,0,-33.467225,-70.657605,0,MANUAL
26.03,-0.051,-0.051,-2.073,0.0,0.0,65.53,0,-33.467225,-70.657605,0,MANUAL
26.22,-0.051,-0.051,-2.073,0.0,0.0,65.53,0,-33.467225,-70.657605,0,MANUAL
26.43,-0.051,-0.051,-2.073,0.0,0.0,65.53,0,-33.467225,-70.657605,0,MANUAL
26.76,-0.051,-0.051,-2.073,0.0,0.0,65.53,0,-33.467225,-70.657605,0,MANUAL
26.91,-0.051,-0.051,-2.073,0.0,0.0,65.53,0,-33.467225,-70.657605,0,MANUAL
27.14,-0.051,-0.051,-2.073,0.0,0.0,65.53,0,-33.467225,-70.657605,0,MANUAL
27.38,-0.051,-0.051,-2.073,0.0,0.0,65.53,0,-33.467225,-70.657605,0,MANUAL
27.61,-0.051,-0.051,-2.074,0.0,0.0,65.53,0,-33.467225,-70.657605,0,MANUAL
27.85,-0.051,-0.051,-2.074,0.0,0.0,65.53,0,-33.467225,-70.657605,0,MANUAL
28.07,-0.051,-0.051,-2.074,0.0,0.0,65.53,0,-33.467225,-70.657605,0,MANUAL
28.32,-0.051,-0.051,-2.074,0.0,0.0,65.53,0,-33.467225,-70.657605,0,MANUAL
28.54,-0.051,-0.051,-2.074,0.0,0.0,65.53,0,-33.467225,-70.657605,0,MANUAL
28.92,-0.051,-0.051,-2.074,0.0,0.0,65.53,0,-33.467225,-70.657605,0,MANUAL
29.11,-0.051,-0.051,-2.074,0.0,0.0,65.53,0,-33.467225,-70.657605,0,MANUAL
29.33,-0.051,-0.051,-2.074,0.0,0.0,65.53,0,-33.467225,-70.657605,0,MANUAL
29.62,-0.051,-0.051,-2.074,0.0,0.0,65.53,0,-33.467225,-70.657605,0,MANUAL
29.82,-0.051,-0.051,-2.074,0.0,0.0,65.53,0,-33.467225,-70.657605,0,MANUAL
30.11,-0.051,-0.051,-2.074,0.0,0.0,65.53,0,-33.467225,-70.657605,0,MANUAL
30.28,-0.051,-0.051,-2.075,0.0,0.0,65.53,0,-33.467225,-70.657605,0,MANUAL
30.49,-0.051,-0.051,-2.075,0.0,0.0,65.53,0,-33.467225,-70.657605,0,MANUAL
30.72,-0.051,-0.051,-2.075,0.0,0.0,65.53,0,-33.467225,-70.657605,0,MANUAL
30.97,-0.051,-0.051,-2.076,0.0,0.0,65.53,0,-33.467225,-70.657605,0,MANUAL
31.2,-0.051,-0.051,-2.076,0.0,0.0,65.53,0,-33.467225,-70.657605,0,MANUAL
31.41,-0.051,-0.051,-2.076,0.0,0.0,65.53,0,-33.467225,-70.657605,0,MANUAL
31.66,-0.051,-0.051,-2.076,0.0,0.0,65.53,0,-33.467225,-70.657605,0,MANUAL
31.89,-0.051,-0.051,-2.076,0.0,0.0,65.53,0,-33.467225,-70.657605,0,MANUAL
32.12,-0.051,-0.051,-2.076,0.0,0.0,65.53,0,-33.467225,-70.657605,0,MANUAL
32.49,-0.051,-0.051,-2.076,0.0,0.0,65.53,0,-33.467225,-70.657605,0,MANUAL
32.68,-0.051,-0.051,-2.076,0.0,0.0,65.53,0,-33.467225,-70.657605,0,MANUAL
32.91,-0.051,-0.051,-2.076,0.0,0.0,65.53,0,-33.467225,-70.657605,0,MANUAL
33.18,-0.051,-0.051,-2.076,0.0,0.0,65.53,0,-33.467225,-70.657605,0,MANUAL
33.37,-0.051,-0.051,-2.076,0.0,0.0,65.53,0,-33.467225,-70.657605,0,MANUAL
33.59,-0.051,-0.051,-2.076,0.0,0.0,65.53,0,-33.467225,-70.657605,0,MANUAL
33.88,-0.051,-0.051,-2.076,0.0,0.0,65.53,0,-33.467225,-70.657605,0,MANUAL
34.07,-0.051,-0.051,-2.076,0.0,0.0,65.53,0,-33.467225,-70.657605,0,MANUAL
34.31,-0.051,-0.051,-2.077,0.0,0.0,65.53,0,-33.467225,-70.657605,0,MANUAL
34.56,-0.051,-0.051,-2.077,0.0,0.0,65.53,0,-33.467225,-70.657605,0,MANUAL
34.76,-0.051,-0.051,-2.077,0.0,0.0,65.53,0,-33.467225,-70.657605,0,MANUAL
34.99,-0.051,-0.051,-2.077,0.0,0.0,65.53,0,-33.467225,-70.657605,0,MANUAL
35.25,-0.051,-0.051,-2.077,0.0,0.0,65.53,0,-33.467225,-70.657605,0,MANUAL
35.47,-0.051,-0.051,-2.077,0.0,0.0,65.53,0,-33.467225,-70.657605,0,MANUAL
35.71,-0.051,-0.051,-2.077,0.0,0.0,65.53,0,-33.467225,-70.657605,0,MANUAL
36.07,-0.051,-0.051,-2.077,0.0,0.0,65.53,0,-33.467225,-70.657605,0,MANUAL
36.16,-0.051,-0.051,-2.077,0.0,0.0,65.53,0,-33.467225,-70.657605,0,MANUAL
36.5,-0.051,-0.051,-2.077,0.0,0.0,65.53,0,-33.467225,-70.657605,0,MANUAL
36.76,-0.051,-0.051,-2.077,0.0,0.0,65.53,0,-33.467225,-70.657605,0,MANUAL
36.96,-0.051,-0.051,-2.077,0.0,0.0,65.53,0,-33.467225,-70.657605,0,MANUAL
37.27,-0.051,-0.051,-2.077,0.0,0.0,65.53,0,-33.467225,-70.657605,0,MANUAL
37.45,-0.051,-0.051,-2.077,0.0,0.0,65.53,0,-33.467225,-70.657605,0,MANUAL
37.64,-0.051,-0.051,-2.078,0.0,0.0,65.53,0,-33.467225,-70.657605,0,MANUAL
37.88,-0.051,-0.051,-2.078,0.0,0.0,65.53,0,-33.467225,-70.657605,0,MANUAL
38.11,-0.051,-0.051,-2.078,0.0,0.0,65.53,0,-33.467225,-70.657605,0,MANUAL
38.33,-0.051,-0.051,-2.078,0.0,0.0,65.53,0,-33.467225,-70.657605,0,MANUAL
38.57,-0.051,-0.051,-2.078,0.0,0.0,65.53,0,-33.467225,-70.657605,0,MANUAL
38.82,-0.051,-0.051,-2.078,0.0,0.0,65.53,0,-33.467225,-70.657605,0,MANUAL
39.04,-0.051,-0.051,-2.078,0.0,0.0,65.53,0,-33.467225,-70.657605,0,MANUAL
39.26,-0.051,-0.051,-2.078,0.0,0.0,65.53,0,-33.467225,-70.657605,0,MANUAL
39.65,-0.051,-0.051,-2.078,0.0,0.0,65.53,0,-33.467225,-70.657605,0,MANUAL
39.84,-0.051,-0.051,-2.078,0.0,0.0,65.53,0,-33.467225,-70.657605,0,MANUAL
40.08,-0.051,-0.051,-2.078,0.0,0.0,65.53,0,-33.467225,-70.657605,0,MANUAL
40.35,-0.051,-0.051,-2.078,0.0,0.0,65.53,0,-33.467225,-70.657605,0,MANUAL
40.54,-0.051,-0.051,-2.078,0.0,0.0,65.53,0,-33.467225,-70.657605,0,MANUAL
40.74,-0.051,-0.051,-2.078,0.0,0.0,65.53,0,-33.467225,-70.657605,0,MANUAL
41.03,-0.051,-0.051,-2.078,0.0,0.0,65.53,0,-33.467225,-70.657605,0,MANUAL
41.23,-0.051,-0.051,-2.078,0.0,0.0,65.53,0,-33.467225,-70.657605,0,MANUAL
41.46,-0.051,-0.051,-2.078,0.0,0.0,65.53,0,-33.467225,-70.657605,0,MANUAL
41.7,-0.051,-0.051,-2.078,0.0,0.0,65.53,0,-33.467225,-70.657605,0,MANUAL
41.92,-0.051,-0.051,-2.078,0.0,0.0,65.53,0,-33.467225,-70.657605,0,MANUAL
42.15,-0.051,-0.051,-2.079,0.0,0.0,65.53,0,-33.467225,-70.657605,0,MANUAL
42.39,-0.051,-0.051,-2.079,0.0,0.0,65.53,0,-33.467225,-70.657605,0,MANUAL
42.62,-0.051,-0.051,-2.079,0.0,0.0,65.53,0,-33.467225,-70.657605,0,MANUAL
42.86,-0.051,-0.051,-2.079,0.0,0.0,65.53,0,-33.467225,-70.657605,0,MANUAL
43.07,-0.051,-0.051,-2.079,0.0,0.0,65.53,0,-33.467225,-70.657605,0,MANUAL
43.33,-0.051,-0.051,-2.079,0.0,0.0,65.53,0,-33.467225,-70.657605,0,MANUAL
43.58,-0.051,-0.051,-2.079,0.0,0.0,65.53,0,-33.467225,-70.657605,0,MANUAL
43.92,-0.051,-0.051,-2.079,0.0,0.0,65.53,0,-33.467225,-70.657605,0,MANUAL
44.11,-0.051,-0.051,-2.079,0.0,0.0,65.53,0,-33.467225,-70.657605,0,MANUAL
44.43,-0.051,-0.051,-2.079,0.0,0.0,65.53,0,-33.467225,-70.657605,0,MANUAL
44.61,-0.051,-0.051,-2.079,0.0,0.0,65.53,0,-33.467225,-70.657605,0,MANUAL
44.8,-0.051,-0.051,-2.079,0.0,0.0,65.53,0,-33.467225,-70.657605,0,MANUAL
45.04,-0.051,-0.051,-2.079,0.0,0.0,65.53,0,-33.467225,-70.657605,0,MANUAL
45.31,-0.051,-0.051,-2.079,0.0,0.0,65.53,0,-33.467225,-70.657605,0,MANUAL
45.5,-0.051,-0.051,-2.079,0.0,0.0,65.53,0,-33.467225,-70.657605,0,MANUAL
45.73,-0.051,-0.051,-2.079,0.0,0.0,65.53,0,-33.467225,-70.657605,0,MANUAL
45.98,-0.051,-0.051,-2.079,0.0,0.0,65.53,0,-33.467225,-70.657605,0,MANUAL
46.2,-0.051,-0.051,-2.079,0.0,0.0,65.53,0,-33.467225,-70.657605,0,MANUAL
46.42,-0.051,-0.051,-2.079,0.0,0.0,65.53,0,-33.467225,-70.657605,0,MANUAL
46.65,-0.051,-0.051,-2.079,0.0,0.0,65.53,0,-33.467225,-70.657605,0,MANUAL
46.89,-0.051,-0.051,-2.08,0.0,0.0,65.53,0,-33.467225,-70.657605,0,MANUAL
47.15,-0.051,-0.051,-2.08,0.0,0.0,65.53,0,-33.467225,-70.657605,0,MANUAL
47.51,-0.051,-0.051,-2.08,0.0,0.0,65.53,0,-33.467225,-70.657605,0,MANUAL
47.7,-0.051,-0.051,-2.08,0.0,0.0,65.53,0,-33.467225,-70.657605,0,MANUAL
47.91,-0.051,-0.051,-2.08,0.0,0.0,65.53,0,-33.467225,-70.657605,0,MANUAL
48.16,-0.051,-0.051,-2.08,0.0,0.0,65.53,0,-33.467225,-70.657605,0,MANUAL
48.4,-0.051,-0.051,-2.08,0.0,0.0,65.53,0,-33.467225,-70.657605,0,MANUAL
48.62,-0.051,-0.051,-2.08,0.0,0.0,65.53,0,-33.467225,-70.657605,0,MANUAL
48.91,-0.051,-0.051,-2.08,0.0,0.0,65.53,0,-33.467225,-70.657605,0,MANUAL
49.08,-0.051,-0.051,-2.08,0.0,0.0,65.53,0,-33.467225,-70.657605,0,MANUAL
49.31,-0.051,-0.051,-2.08,0.0,0.0,65.53,0,-33.467225,-70.657605,0,MANUAL
49.56,-0.051,-0.051,-2.08,0.0,0.0,65.53,0,-33.467225,-70.657605,0,MANUAL
49.78,-0.051,-0.051,-2.08,0.0,0.0,65.53,0,-33.467225,-70.657605,0,MANUAL
50.01,-0.051,-0.051,-2.08,0.0,0.0,65.53,0,-33.467225,-70.657605,0,MANUAL
50.24,-0.051,-0.051,-2.08,0.0,0.0,65.53,0,-33.467225,-70.657605,0,MANUAL
50.47,-0.051,-0.051,-2.08,0.0,0.0,65.53,0,-33.467225,-70.657605,0,MANUAL
50.72,-0.051,-0.051,-2.08,0.0,0.0,65.53,0,-33.467225,-70.657605,0,MANUAL
50.94,-0.051,-0.051,-2.08,0.0,0.0,65.53,0,-33.467225,-70.657605,0,MANUAL
51.26,-0.051,-0.051,-2.08,0.0,0.0,65.53,0,-33.467225,-70.657605,0,MANUAL
51.58,-0.051,-0.051,-2.08,0.0,0.0,65.53,0,-33.467225,-70.657605,0,MANUAL
51.77,-0.051,-0.051,-2.08,0.0,0.0,65.53,0,-33.467225,-70.657605,0,MANUAL
51.96,-0.051,-0.051,-2.08,0.0,0.0,65.53,0,-33.467225,-70.657605,0,MANUAL
52.2,-0.051,-0.051,-2.08,0.0,0.0,65.53,0,-33.467225,-70.657605,0,MANUAL
52.47,-0.051,-0.051,-2.08,0.0,0.0,65.53,0,-33.467225,-70.657605,0,MANUAL
52.66,-0.051,-0.051,-2.08,0.0,0.0,65.53,0,-33.467225,-70.657605,0,MANUAL
52.88,-0.051,-0.051,-2.08,0.0,0.0,65.53,0,-33.467225,-70.657605,0,MANUAL
53.15,-0.051,-0.051,-2.08,0.0,0.0,65.53,0,-33.467225,-70.657605,0,MANUAL
53.36,-0.051,-0.051,-2.08,0.0,0.0,65.53,0,-33.467225,-70.657605,0,MANUAL
53.57,-0.051,-0.051,-2.08,0.0,0.0,65.53,0,-33.467225,-70.657605,0,MANUAL
53.84,-0.051,-0.051,-2.081,0.0,0.0,65.53,0,-33.467225,-70.657605,0,MANUAL
54.04,-0.051,-0.051,-2.081,0.0,0.0,65.53,0,-33.467225,-70.657605,0,MANUAL
54.29,-0.051,-0.051,-2.081,0.0,0.0,65.53,0,-33.467225,-70.657605,0,MANUAL
54.52,-0.051,-0.051,-2.081,0.0,0.0,65.53,0,-33.467225,-70.657605,0,MANUAL
54.84,-0.051,-0.051,-2.081,0.0,0.0,65.53,0,-33.467225,-70.657605,0,MANUAL
55.19,-0.051,-0.051,-2.081,0.0,0.0,65.53,0,-33.467225,-70.657605,0,MANUAL
55.32,-0.051,-0.051,-2.081,0.0,0.0,65.53,0,-33.467225,-70.657605,0,MANUAL
55.55,-0.051,-0.051,-2.081,0.0,0.0,65.53,0,-33.467225,-70.657605,0,MANUAL
55.78,-0.051,-0.051,-2.081,0.0,0.0,65.53,0,-33.467225,-70.657605,0,MANUAL
56.02,-0.051,-0.051,-2.081,0.0,0.0,65.53,0,-33.467225,-70.657605,0,MANUAL
56.23,-0.051,-0.051,-2.081,0.0,0.0,65.53,0,-33.467225,-70.657605,0,MANUAL
56.47,-0.051,-0.051,-2.081,0.0,0.0,65.53,0,-33.467225,-70.657605,0,MANUAL
56.71,-0.051,-0.051,-2.081,0.0,0.0,65.53,0,-33.467225,-70.657605,0,MANUAL
56.95,-0.051,-0.051,-2.081,0.0,0.0,65.53,0,-33.467225,-70.657605,0,MANUAL
57.16,-0.051,-0.051,-2.081,0.0,0.0,65.53,0,-33.467225,-70.657605,0,MANUAL
57.41,-0.051,-0.051,-2.081,0.0,0.0,65.53,0,-33.467225,-70.657605,0,MANUAL
57.62,-0.051,-0.051,-2.081,0.0,0.0,65.53,0,-33.467225,-70.657605,0,MANUAL
57.89,-0.051,-0.051,-2.082,0.0,0.0,65.53,0,-33.467225,-70.657605,0,MANUAL
58.11,-0.051,-0.051,-2.082,0.0,0.0,65.53,0,-33.467225,-70.657605,0,MANUAL
58.31,-0.051,-0.051,-2.082,0.0,0.0,65.53,0,-33.467225,-70.657605,0,MANUAL
58.74,-0.051,-0.051,-2.082,0.0,0.0,65.53,0,-33.467225,-70.657605,0,MANUAL
58.93,-0.051,-0.051,-2.082,0.0,0.0,65.53,0,-33.467225,-70.657605,0,MANUAL
59.12,-0.051,-0.051,-2.082,0.0,0.0,65.53,0,-33.467225,-70.657605,0,MANUAL
59.36,-0.052,-0.051,-2.082,0.0,0.0,65.53,0,-33.467225,-70.657605,0,MANUAL
59.63,-0.051,-0.051,-2.082,0.0,0.0,65.53,0,-33.467225,-70.657605,0,MANUAL
59.82,-0.051,-0.051,-2.082,0.0,0.0,65.53,0,-33.467225,-70.657605,0,MANUAL
60.04,-0.051,-0.051,-2.082,0.0,0.0,65.53,0,-33.467225,-70.657605,0,MANUAL
60.3,-0.051,-0.051,-2.082,0.0,0.0,65.53,0,-33.467225,-70.657605,0,MANUAL
60.52,-0.051,-0.051,-2.082,0.0,0.0,65.53,0,-33.467225,-70.657605,0,MANUAL
60.73,-0.051,-0.051,-2.082,0.0,0.0,65.53,0,-33.467225,-70.657605,0,MANUAL
60.98,-0.051,-0.051,-2.082,0.0,0.0,65.53,0,-33.467225,-70.657605,0,MANUAL
61.2,-0.052,-0.051,-2.082,0.0,0.0,65.53,0,-33.467225,-70.657605,0,MANUAL
61.45,-0.052,-0.051,-2.082,0.0,0.0,65.53,0,-33.467225,-70.657605,0,MANUAL
61.66,-0.052,-0.051,-2.082,0.0,0.0,65.53,0,-33.467225,-70.657605,0,MANUAL
61.89,-0.052,-0.051,-2.083,0.0,0.0,65.53,0,-33.467225,-70.657605,0,MANUAL
62.3,-0.052,-0.051,-2.083,0.0,0.0,65.53,0,-33.467225,-70.657605,0,MANUAL
62.51,-0.052,-0.051,-2.083,0.0,0.0,65.53,0,-33.467225,-70.657605,0,MANUAL
62.71,-0.052,-0.051,-2.083,0.0,0.0,65.53,0,-33.467225,-70.657605,0,MANUAL
62.94,-0.052,-0.051,-2.083,0.0,0.0,65.53,0,-33.467225,-70.657605,0,MANUAL
63.21,-0.052,-0.051,-2.083,0.0,0.0,65.53,0,-33.467225,-70.657605,0,MANUAL
63.39,-0.052,-0.051,-2.083,0.0,0.0,65.53,0,-33.467225,-70.657605,0,MANUAL
63.63,-0.051,-0.051,-2.083,0.0,0.0,65.53,0,-33.467225,-70.657605,0,MANUAL
63.9,-0.052,-0.051,-2.083,0.0,0.0,65.53,0,-33.467225,-70.657605,0,MANUAL
64.1,-0.052,-0.051,-2.083,0.0,0.0,65.53,0,-33.467225,-70.657605,0,MANUAL
64.33,-0.052,-0.051,-2.083,0.0,0.0,65.53,0,-33.467225,-70.657605,0,MANUAL
64.57,-0.052,-0.051,-2.083,0.0,0.0,65.53,0,-33.467225,-70.657605,0,MANUAL
64.78,-0.051,-0.051,-2.083,0.0,0.0,65.53,0,-33.467225,-70.657605,0,MANUAL
65.05,-0.052,-0.051,-2.083,0.0,0.0,65.53,0,-33.467225,-70.657605,0,MANUAL
65.26,-0.052,-0.051,-2.083,0.0,0.0,65.53,0,-33.467225,-70.657605,0,MANUAL
65.47,-0.051,-0.051,-2.083,0.0,0.0,65.53,0,-33.467225,-70.657605,0,MANUAL
65.91,-0.051,-0.051,-2.084,0.0,0.0,65.53,0,-33.467225,-70.657605,0,MANUAL
66.09,-0.051,-0.051,-2.084,0.0,0.0,65.53,0,-33.467225,-70.657605,0,MANUAL
66.28,-0.051,-0.051,-2.084,0.0,0.0,65.53,0,-33.467225,-70.657605,0,MANUAL
66.5,-0.051,-0.051,-2.084,0.0,0.0,65.53,0,-33.467225,-70.657605,0,MANUAL
66.8,-0.051,-0.051,-2.084,0.0,0.0,65.53,0,-33.467225,-70.657605,0,MANUAL
66.97,-0.051,-0.051,-2.084,0.0,0.0,65.53,0,-33.467225,-70.657605,0,MANUAL
67.2,-0.051,-0.051,-2.084,0.0,0.0,65.53,0,-33.467225,-70.657605,0,MANUAL
67.46,-0.051,-0.051,-2.084,0.0,0.0,65.53,0,-33.467225,-70.657605,0,MANUAL
67.67,-0.051,-0.051,-2.084,0.0,0.0,65.53,0,-33.467225,-70.657605,0,MANUAL
67.9,-0.051,-0.051,-2.084,0.0,0.0,65.53,0,-33.467225,-70.657605,0,MANUAL
68.15,-0.051,-0.051,-2.084,0.0,0.0,65.53,0,-33.467225,-70.657605,0,MANUAL
68.36,-0.051,-0.051,-2.084,0.0,0.0,65.53,0,-33.467225,-70.657605,0,MANUAL
68.62,-0.051,-0.051,-2.084,0.0,0.0,65.53,0,-33.467225,-70.657605,0,MANUAL
68.84,-0.051,-0.051,-2.085,0.0,0.0,65.53,0,-33.467225,-70.657605,0,MANUAL
69.06,-0.051,-0.051,-2.085,0.0,0.0,65.53,0,-33.467225,-70.657605,0,MANUAL
69.45,-0.051,-0.051,-2.085,0.0,0.0,65.53,0,-33.467225,-70.657605,0,MANUAL
69.53,-0.051,-0.051,-2.085,0.0,0.0,65.53,0,-33.467225,-70.657605,0,MANUAL
69.75,-0.051,-0.051,-2.085,0.0,0.0,65.53,0,-33.467225,-70.657605,0,MANUAL
70.09,-0.051,-0.051,-2.085,0.0,0.0,65.53,0,-33.467225,-70.657605,0,MANUAL
70.37,-0.051,-0.051,-2.085,0.0,0.0,65.53,0,-33.467225,-70.657605,0,MANUAL
70.55,-0.051,-0.051,-2.085,0.0,0.0,65.53,0,-33.467225,-70.657605,0,MANUAL
70.8,-0.051,-0.051,-2.085,0.0,0.0,65.53,0,-33.467225,-70.657605,0,MANUAL
71.03,-0.051,-0.051,-2.085,0.0,0.0,65.53,0,-33.467225,-70.657605,0,MANUAL
71.27,-0.052,-0.051,-2.085,0.0,0.0,65.53,0,-33.467225,-70.657605,0,MANUAL
71.49,-0.051,-0.051,-2.085,0.0,0.0,65.53,0,-33.467225,-70.657605,0,MANUAL
71.71,-0.052,-0.051,-2.085,0.0,0.0,65.53,0,-33.467225,-70.657605,0,MANUAL
0.0,-0.051,-0.051,-2.085,0.0,0.0,0.0,0,-33.467225,-70.657605,0,DESCONOCIDO
0.04,-0.052,-0.051,-2.085,0.0,0.0,0.0,0,-33.467225,-70.657605,0,DESCONOCIDO
0.27,-0.051,-0.052,-2.085,0.0,0.0,0.0,0,-33.467225,-70.657605,0,DESCONOCIDO
0.53,-0.051,-0.051,-2.085,0.0,0.0,0.0,0,-33.467225,-70.657605,0,DESCONOCIDO
0.72,-0.051,-0.052,-2.085,0.0,0.0,0.0,0,-33.467225,-70.657605,0,DESCONOCIDO
0.95,-0.051,-0.051,-2.085,0.0,0.0,65.53,0,-33.467225,-70.657605,0,MANUAL
1.21,-0.051,-0.051,-2.085,0.0,0.0,65.53,0,-33.467225,-70.657605,0,MANUAL
1.43,-0.051,-0.051,-2.085,0.0,0.0,65.53,0,-33.467225,-70.657605,0,MANUAL
1.65,-0.051,-0.051,-2.085,0.0,0.0,65.53,0,-33.467225,-70.657605,0,MANUAL
1.87,-0.051,-0.051,-2.085,0.0,0.0,65.53,0,-33.467225,-70.657605,0,MANUAL
2.23,-0.051,-0.051,-2.085,0.0,0.0,65.53,0,-33.467225,-70.657605,0,MANUAL
2.46,-0.051,-0.051,-2.085,0.0,0.0,65.53,0,-33.467225,-70.657605,0,MANUAL
2.69,-0.051,-0.051,-2.085,0.0,0.0,65.53,0,-33.467225,-70.657605,0,MANUAL
2.93,-0.051,-0.051,-2.085,0.0,0.0,65.53,0,-33.467225,-70.657605,0,MANUAL
3.15,-0.051,-0.051,-2.085,0.0,0.0,65.53,0,-33.467225,-70.657605,0,MANUAL
3.41,-0.051,-0.051,-2.085,0.0,0.0,65.53,0,-33.467225,-70.657605,0,MANUAL
3.61,-0.052,-0.051,-2.085,0.0,0.0,65.53,0,-33.467225,-70.657605,0,MANUAL
3.84,-0.052,-0.051,-2.085,0.0,0.0,65.53,0,-33.467225,-70.657605,0,MANUAL
4.09,-0.051,-0.051,-2.085,0.0,0.0,65.53,0,-33.467225,-70.657605,0,MANUAL
4.29,-0.051,-0.052,-2.085,0.0,0.0,65.53,0,-33.467225,-70.657605,0,MANUAL
4.6,-0.05,-0.051,-2.085,0.0,0.0,65.53,0,-33.467225,-70.657605,0,MANUAL
4.79,-0.051,-0.051,-2.085,0.0,0.0,65.53,0,-33.467225,-70.657605,0,MANUAL
5.0,-0.05,-0.051,-2.085,0.0,0.0,65.53,0,-33.467225,-70.657605,0,MANUAL
5.22,-0.051,-0.051,-2.085,0.0,0.0,65.53,0,-33.467225,-70.657605,0,MANUAL
5.46,-0.051,-0.051,-2.085,0.0,0.0,65.53,0,-33.467225,-70.657605,0,MANUAL
5.69,-0.051,-0.051,-2.085,0.0,0.0,65.53,0,-33.467225,-70.657605,0,MANUAL
5.93,-0.051,-0.051,-2.085,0.0,0.0,65.53,0,-33.467225,-70.657605,0,MANUAL
6.28,-0.051,-0.051,-2.085,0.0,0.0,65.53,0,-33.467225,-70.657605,0,MANUAL
6.51,-0.051,-0.051,-2.085,0.0,0.0,65.53,0,-33.467225,-70.657605,0,MANUAL
6.74,-0.05,-0.051,-2.085,0.0,0.0,65.53,0,-33.467225,-70.657605,0,MANUAL
6.99,-0.051,-0.051,-2.085,0.0,0.0,65.53,0,-33.467225,-70.657605,0,MANUAL
7.19,-0.05,-0.051,-2.085,0.0,0.0,65.53,0,-33.467225,-70.657605,0,MANUAL
7.41,-0.051,-0.051,-2.085,0.0,0.0,65.53,0,-33.467225,-70.657605,0,MANUAL
7.68,-0.05,-0.051,-2.085,0.0,0.0,65.53,0,-33.467225,-70.657605,0,MANUAL
7.89,-0.05,-0.051,-2.085,0.0,0.0,65.53,0,-33.467225,-70.657605,0,MANUAL
8.14,-0.051,-0.051,-2.085,0.0,0.0,65.53,0,-33.467225,-70.657605,0,MANUAL
8.37,-0.05,-0.051,-2.085,0.0,0.0,65.53,0,-33.467225,-70.657605,0,MANUAL
8.58,-0.051,-0.051,-2.085,0.0,0.0,65.53,0,-33.467225,-70.657605,0,MANUAL
8.82,-0.051,-0.051,-2.085,0.0,0.0,65.53,0,-33.467225,-70.657605,0,MANUAL
9.05,-0.05,-0.052,-2.085,0.0,0.0,65.53,0,-33.467225,-70.657605,0,MANUAL
9.28,-0.051,-0.051,-2.085,0.0,0.0,65.53,0,-33.467225,-70.657605,0,MANUAL
9.51,-0.05,-0.051,-2.085,0.0,0.0,65.53,0,-33.467225,-70.657605,0,MANUAL
9.75,-0.051,-0.051,-2.085,0.0,0.0,65.53,0,-33.467225,-70.657605,0,MANUAL
10.07,-0.051,-0.051,-2.085,0.0,0.0,65.53,0,-33.467225,-70.657605,0,MANUAL
10.3,-0.051,-0.051,-2.085,0.0,0.0,65.53,0,-33.467225,-70.657605,0,MANUAL
10.58,-0.051,-0.051,-2.085,0.0,0.0,65.53,0,-33.467225,-70.657605,0,MANUAL
10.76,-0.051,-0.051,-2.085,0.0,0.0,65.53,0,-33.467225,-70.657605,0,MANUAL
10.99,-0.051,-0.051,-2.085,0.0,0.0,65.53,0,-33.467225,-70.657605,0,MANUAL
11.26,-0.051,-0.051,-2.085,0.0,0.0,65.53,0,-33.467225,-70.657605,0,MANUAL
11.47,-0.051,-0.051,-2.085,0.0,0.0,65.53,0,-33.467225,-70.657605,0,MANUAL
11.69,-0.051,-0.051,-2.085,0.0,0.0,65.53,0,-33.467225,-70.657605,0,MANUAL
11.93,-0.051,-0.051,-2.085,0.0,0.0,65.53,0,-33.467225,-70.657605,0,MANUAL
12.15,-0.051,-0.051,-2.085,0.0,0.0,65.53,0,-33.467225,-70.657605,0,MANUAL
12.39,-0.051,-0.051,-2.085,0.0,0.0,65.53,0,-33.467225,-70.657605,0,MANUAL
12.61,-0.051,-0.051,-2.085,0.0,0.0,65.53,0,-33.467225,-70.657605,0,MANUAL
12.87,-0.051,-0.051,-2.085,0.0,0.0,65.53,0,-33.467225,-70.657605,0,MANUAL
13.1,-0.051,-0.051,-2.085,0.0,0.0,65.53,0,-33.467225,-70.657605,0,MANUAL
13.47,-0.051,-0.051,-2.085,0.0,0.0,65.53,0,-33.467225,-70.657605,0,MANUAL
13.67,-0.051,-0.051,-2.085,0.0,0.0,65.53,0,-33.467225,-70.657605,0,MANUAL
13.89,-0.051,-0.051,-2.085,0.0,0.0,65.53,0,-33.467225,-70.657605,0,MANUAL
14.16,-0.051,-0.051,-2.085,0.0,0.0,65.53,0,-33.467225,-70.657605,0,MANUAL
14.35,-0.051,-0.051,-2.085,0.0,0.0,65.53,0,-33.467225,-70.657605,0,MANUAL
14.58,-0.051,-0.051,-2.085,0.0,0.0,65.53,0,-33.467225,-70.657605,0,MANUAL
14.85,-0.051,-0.051,-2.085,0.0,0.0,65.53,0,-33.467225,-70.657605,0,MANUAL
15.04,-0.051,-0.051,-2.085,0.0,0.0,65.53,0,-33.467225,-70.657605,0,MANUAL
15.28,-0.051,-0.051,-2.085,0.0,0.0,65.53,0,-33.467225,-70.657605,0,MANUAL
15.54,-0.051,-0.051,-2.085,0.0,0.0,65.53,0,-33.467225,-70.657605,0,MANUAL
15.74,-0.051,-0.051,-2.085,0.0,0.0,65.53,0,-33.467225,-70.657605,0,MANUAL
15.97,-0.051,-0.052,-2.085,0.0,0.0,65.53,0,-33.467225,-70.657605,0,MANUAL
16.21,-0.051,-0.051,-2.085,0.0,0.0,65.53,0,-33.467225,-70.657605,0,MANUAL
16.43,-0.051,-0.051,-2.085,0.0,0.0,65.53,0,-33.467225,-70.657605,0,MANUAL
16.66,-0.051,-0.052,-2.084,0.0,0.0,65.53,0,-33.467225,-70.657605,0,MANUAL
16.9,-0.051,-0.051,-2.085,0.0,0.0,65.53,0,-33.467225,-70.657605,0,MANUAL
17.14,-0.051,-0.052,-2.085,0.0,0.0,65.53,0,-33.467225,-70.657605,0,MANUAL
17.47,-0.051,-0.051,-2.085,0.0,0.0,65.53,0,-33.467225,-70.657605,0,MANUAL
17.73,-0.051,-0.052,-2.085,0.0,0.0,65.53,0,-33.467225,-70.657605,0,MANUAL
17.92,-0.051,-0.051,-2.085,0.0,0.0,65.53,0,-33.467225,-70.657605,0,MANUAL
18.16,-0.051,-0.051,-2.084,0.0,0.0,65.53,0,-33.467225,-70.657605,0,MANUAL
18.42,-0.051,-0.051,-2.085,0.0,0.0,65.53,0,-33.467225,-70.657605,0,MANUAL
18.61,-0.051,-0.051,-2.084,0.0,0.0,65.53,0,-33.467225,-70.657605,0,MANUAL
18.84,-0.051,-0.051,-2.084,0.0,0.0,65.53,0,-33.467225,-70.657605,0,MANUAL
19.12,-0.051,-0.051,-2.084,0.0,0.0,65.53,0,-33.467225,-70.657605,0,MANUAL
19.31,-0.051,-0.051,-2.084,0.0,0.0,65.53,0,-33.467225,-70.657605,0,MANUAL
19.55,-0.051,-0.051,-2.084,0.0,0.0,65.53,0,-33.467225,-70.657605,0,MANUAL
19.8,-0.051,-0.051,-2.084,0.0,0.0,65.53,0,-33.467225,-70.657605,0,MANUAL
20.02,-0.051,-0.051,-2.084,0.0,0.0,65.53,0,-33.467225,-70.657605,0,MANUAL
20.23,-0.051,-0.051,-2.084,0.0,0.0,65.53,0,-33.467225,-70.657605,0,MANUAL
20.47,-0.051,-0.051,-2.084,0.0,0.0,65.53,0,-33.467225,-70.657605,0,MANUAL
20.71,-0.051,-0.051,-2.084,0.0,0.0,65.53,0,-33.467225,-70.657605,0,MANUAL
21.04,-0.051,-0.051,-2.084,0.0,0.0,65.53,0,-33.467225,-70.657605,0,MANUAL
21.31,-0.051,-0.051,-2.084,0.0,0.0,65.53,0,-33.467225,-70.657605,0,MANUAL
21.5,-0.051,-0.051,-2.084,0.0,0.0,65.53,0,-33.467225,-70.657605,0,MANUAL
21.74,-0.051,-0.051,-2.084,0.0,0.0,65.53,0,-33.467225,-70.657605,0,MANUAL
21.98,-0.051,-0.051,-2.084,0.0,0.0,65.53,0,-33.467225,-70.657605,0,MANUAL
22.19,-0.051,-0.051,-2.084,0.0,0.0,65.53,0,-33.467225,-70.657605,0,MANUAL
22.56,-0.051,-0.051,-2.084,0.0,0.0,65.53,0,-33.467225,-70.657605,0,MANUAL
22.69,-0.051,-0.051,-2.084,0.0,0.0,65.53,0,-33.467225,-70.657605,0,MANUAL
22.89,-0.051,-0.051,-2.084,0.0,0.0,65.53,0,-33.467225,-70.657605,0,MANUAL
23.13,-0.051,-0.051,-2.084,0.0,0.0,65.53,0,-33.467225,-70.657605,0,MANUAL
23.35,-0.051,-0.051,-2.084,0.0,0.0,65.53,0,-33.467225,-70.657605,0,MANUAL
23.58,-0.051,-0.051,-2.084,0.0,0.0,65.53,0,-33.467225,-70.657605,0,MANUAL
23.82,-0.051,-0.051,-2.084,0.0,0.0,65.53,0,-33.467225,-70.657605,0,MANUAL
24.07,-0.051,-0.051,-2.084,0.0,0.0,65.53,0,-33.467225,-70.657605,0,MANUAL
24.29,-0.051,-0.051,-2.084,0.0,0.0,65.53,0,-33.467225,-70.657605,0,MANUAL
24.53,-0.051,-0.051,-2.084,0.0,0.0,65.53,0,-33.467225,-70.657605,0,MANUAL
24.89,-0.051,-0.051,-2.084,0.0,0.0,65.53,0,-33.467225,-70.657605,0,MANUAL
25.08,-0.051,-0.051,-2.084,0.0,0.0,65.53,0,-33.467225,-70.657605,0,MANUAL
25.31,-0.051,-0.051,-2.084,0.0,0.0,65.53,0,-33.467225,-70.657605,0,MANUAL
25.58,-0.051,-0.051,-2.084,0.0,0.0,65.53,0,-33.467225,-70.657605,0,MANUAL
25.77,-0.051,-0.051,-2.084,0.0,0.0,65.53,0,-33.467225,-70.657605,0,MANUAL
25.98,-0.051,-0.051,-2.084,0.0,0.0,65.53,0,-33.467225,-70.657605,0,MANUAL
26.24,-0.051,-0.051,-2.084,0.0,0.0,65.53,0,-33.467225,-70.657605,0,MANUAL
26.47,-0.051,-0.051,-2.085,0.0,0.0,65.53,0,-33.467225,-70.657605,0,MANUAL
26.69,-0.05,-0.051,-2.085,0.0,0.0,65.53,0,-33.467225,-70.657605,0,MANUAL
26.94,-0.051,-0.052,-2.085,0.0,0.0,65.53,0,-33.467225,-70.657605,0,MANUAL
27.19,-0.05,-0.051,-2.085,0.0,0.0,65.53,0,-33.467225,-70.657605,0,MANUAL
27.4,-0.051,-0.051,-2.084,0.0,0.0,65.53,0,-33.467225,-70.657605,0,MANUAL
27.64,-0.05,-0.051,-2.083,0.0,0.0,65.53,0,-33.467225,-70.657605,0,MANUAL
27.87,-0.051,-0.051,-2.084,0.0,0.0,65.53,0,-33.467225,-70.657605,0,MANUAL
28.09,-0.051,-0.051,-2.084,0.0,0.0,65.53,0,-33.467225,-70.657605,0,MANUAL
28.33,-0.051,-0.051,-2.084,0.0,0.0,65.53,0,-33.467225,-70.657605,0,MANUAL
28.57,-0.051,-0.051,-2.084,0.0,0.0,65.53,0,-33.467225,-70.657605,0,MANUAL
28.81,-0.051,-0.051,-2.084,0.0,0.0,65.53,0,-33.467225,-70.657605,0,MANUAL
29.17,-0.051,-0.051,-2.084,0.0,0.0,65.53,0,-33.467225,-70.657605,0,MANUAL
29.36,-0.051,-0.051,-2.084,0.0,0.0,65.53,0,-33.467225,-70.657605,0,MANUAL
29.73,-0.051,-0.051,-2.084,0.0,0.0,65.53,0,-33.467225,-70.657605,0,MANUAL
29.83,-0.051,-0.051,-2.084,0.0,0.0,65.53,0,-33.467225,-70.657605,0,MANUAL
30.05,-0.051,-0.051,-2.084,0.0,0.0,65.53,0,-33.467225,-70.657605,0,MANUAL
30.28,-0.051,-0.051,-2.084,0.0,0.0,65.53,0,-33.467225,-70.657605,0,MANUAL
30.54,-0.051,-0.051,-2.084,0.0,0.0,65.53,0,-33.467225,-70.657605,0,MANUAL
30.76,-0.051,-0.051,-2.084,0.0,0.0,65.53,0,-33.467225,-70.657605,0,MANUAL
30.96,-0.051,-0.051,-2.084,0.0,0.0,65.53,0,-33.467225,-70.657605,0,MANUAL
31.23,-0.051,-0.051,-2.084,0.0,0.0,65.53,0,-33.467225,-70.657605,0,MANUAL
31.45,-0.051,-0.051,-2.084,0.0,0.0,65.53,0,-33.467225,-70.657605,0,MANUAL
31.67,-0.051,-0.051,-2.084,0.0,0.0,65.53,0,-33.467225,-70.657605,0,MANUAL
31.9,-0.051,-0.051,-2.084,0.0,0.0,65.53,0,-33.467225,-70.657605,0,MANUAL
32.15,-0.051,-0.051,-2.084,0.0,0.0,65.53,0,-33.467225,-70.657605,0,MANUAL
32.39,-0.051,-0.051,-2.084,0.0,0.0,65.53,0,-33.467225,-70.657605,0,MANUAL
32.72,-0.051,-0.051,-2.084,0.0,0.0,65.53,0,-33.467225,-70.657605,0,MANUAL
32.93,-0.051,-0.051,-2.084,0.0,0.0,65.53,0,-33.467225,-70.657605,0,MANUAL
33.23,-0.051,-0.051,-2.084,0.0,0.0,65.53,0,-33.467225,-70.657605,0,MANUAL
33.43,-0.051,-0.051,-2.084,0.0,0.0,65.53,0,-33.467225,-70.657605,0,MANUAL
33.63,-0.051,-0.051,-2.084,0.0,0.0,65.53,0,-33.467225,-70.657605,0,MANUAL
33.86,-0.051,-0.051,-2.084,0.0,0.0,65.53,0,-33.467225,-70.657605,0,MANUAL
34.13,-0.051,-0.051,-2.084,0.0,0.0,65.53,0,-33.467225,-70.657605,0,MANUAL
34.32,-0.051,-0.051,-2.084,0.0,0.0,65.53,0,-33.467225,-70.657605,0,MANUAL
34.55,-0.051,-0.051,-2.084,0.0,0.0,65.53,0,-33.467225,-70.657605,0,MANUAL
34.8,-0.051,-0.051,-2.084,0.0,0.0,65.53,0,-33.467225,-70.657605,0,MANUAL
35.02,-0.051,-0.051,-2.084,0.0,0.0,65.53,0,-33.467225,-70.657605,0,MANUAL
35.24,-0.051,-0.051,-2.084,0.0,0.0,65.53,0,-33.467225,-70.657605,0,MANUAL
35.48,-0.051,-0.051,-2.084,0.0,0.0,65.53,0,-33.467225,-70.657605,0,MANUAL
35.71,-0.051,-0.051,-2.084,0.0,0.0,65.53,0,-33.467225,-70.657605,0,MANUAL
35.97,-0.051,-0.051,-2.084,0.0,0.0,65.53,0,-33.467225,-70.657605,0,MANUAL
36.32,-0.051,-0.051,-2.084,0.0,0.0,65.53,0,-33.467225,-70.657605,0,MANUAL
36.52,-0.051,-0.051,-2.084,0.0,0.0,65.53,0,-33.467225,-70.657605,0,MANUAL
36.75,-0.051,-0.051,-2.084,0.0,0.0,65.53,0,-33.467225,-70.657605,0,MANUAL
36.99,-0.051,-0.051,-2.084,0.0,0.0,65.53,0,-33.467225,-70.657605,0,MANUAL
37.2,-0.051,-0.051,-2.084,0.0,0.0,65.53,0,-33.467225,-70.657605,0,MANUAL
37.44,-0.051,-0.051,-2.084,0.0,0.0,65.53,0,-33.467225,-70.657605,0,MANUAL
37.72,-0.051,-0.051,-2.084,0.0,0.0,65.53,0,-33.467225,-70.657605,0,MANUAL
37.91,-0.051,-0.051,-2.084,0.0,0.0,65.53,0,-33.467225,-70.657605,0,MANUAL
38.13,-0.051,-0.051,-2.084,0.0,0.0,65.53,0,-33.467225,-70.657605,0,MANUAL
38.38,-0.051,-0.051,-2.084,0.0,0.0,65.53,0,-33.467225,-70.657605,0,MANUAL
38.61,-0.051,-0.051,-2.084,0.0,0.0,65.53,0,-33.467225,-70.657605,0,MANUAL
38.83,-0.051,-0.051,-2.084,0.0,0.0,65.53,0,-33.467225,-70.657605,0,MANUAL
39.06,-0.051,-0.051,-2.084,0.0,0.0,65.53,0,-33.467225,-70.657605,0,MANUAL
39.29,-0.051,-0.051,-2.084,0.0,0.0,65.53,0,-33.467225,-70.657605,0,MANUAL
39.55,-0.051,-0.051,-2.084,0.0,0.0,65.53,0,-33.467225,-70.657605,0,MANUAL
39.9,-0.051,-0.051,-2.084,0.0,0.0,65.53,0,-33.467225,-70.657605,0,MANUAL
40.09,-0.051,-0.051,-2.084,0.0,0.0,65.53,0,-33.467225,-70.657605,0,MANUAL
40.39,-0.051,-0.051,-2.084,0.0,0.0,65.53,0,-33.467225,-70.657605,0,MANUAL
40.59,-0.051,-0.051,-2.084,0.0,0.0,65.53,0,-33.467225,-70.657605,0,MANUAL
40.78,-0.051,-0.051,-2.084,0.0,0.0,65.53,0,-33.467225,-70.657605,0,MANUAL
41.02,-0.051,-0.051,-2.084,0.0,0.0,65.53,0,-33.467225,-70.657605,0,MANUAL
41.3,-0.051,-0.051,-2.084,0.0,0.0,65.53,0,-33.467225,-70.657605,0,MANUAL
41.48,-0.051,-0.051,-2.084,0.0,0.0,65.53,0,-33.467225,-70.657605,0,MANUAL
41.7,-0.051,-0.051,-2.084,0.0,0.0,65.53,0,-33.467225,-70.657605,0,MANUAL
41.96,-0.051,-0.051,-2.084,0.0,0.0,65.53,0,-33.467225,-70.657605,0,MANUAL
42.19,-0.051,-0.051,-2.084,0.0,0.0,65.53,0,-33.467225,-70.657605,0,MANUAL
42.4,-0.051,-0.051,-2.084,0.0,0.0,65.53,0,-33.467225,-70.657605,0,MANUAL
42.65,-0.051,-0.052,-2.084,0.0,0.0,65.53,0,-33.467225,-70.657605,0,MANUAL
42.86,-0.051,-0.051,-2.084,0.0,0.0,65.53,0,-33.467225,-70.657605,0,MANUAL
43.11,-0.051,-0.051,-2.084,0.0,0.0,65.53,0,-33.467225,-70.657605,0,MANUAL
43.49,-0.051,-0.051,-2.084,0.0,0.0,65.53,0,-33.467225,-70.657605,0,MANUAL
43.68,-0.051,-0.051,-2.084,0.0,0.0,65.53,0,-33.467225,-70.657605,0,MANUAL
43.9,-0.051,-0.051,-2.084,0.0,0.0,65.53,0,-33.467225,-70.657605,0,MANUAL
44.17,-0.051,-0.051,-2.084,0.0,0.0,65.53,0,-33.467225,-70.657605,0,MANUAL
44.37,-0.051,-0.051,-2.084,0.0,0.0,65.53,0,-33.467225,-70.657605,0,MANUAL
44.59,-0.051,-0.051,-2.084,0.0,0.0,65.53,0,-33.467225,-70.657605,0,MANUAL
44.88,-0.051,-0.051,-2.084,0.0,0.0,65.53,0,-33.467225,-70.657605,0,MANUAL
45.05,-0.05,-0.051,-2.084,0.0,0.0,65.53,0,-33.467225,-70.657605,0,MANUAL
45.29,-0.051,-0.051,-2.084,0.0,0.0,65.53,0,-33.467225,-70.657605,0,MANUAL
45.54,-0.051,-0.051,-2.084,0.0,0.0,65.53,0,-33.467225,-70.657605,0,MANUAL
45.77,-0.051,-0.051,-2.084,0.0,0.0,65.53,0,-33.467225,-70.657605,0,MANUAL
45.99,-0.051,-0.051,-2.084,0.0,0.0,65.53,0,-33.467225,-70.657605,0,MANUAL
46.21,-0.051,-0.051,-2.084,0.0,0.0,65.53,0,-33.467225,-70.657605,0,MANUAL
46.45,-0.051,-0.051,-2.084,0.0,0.0,65.53,0,-33.467225,-70.657605,0,MANUAL
46.7,-0.051,-0.051,-2.084,0.0,0.0,65.53,0,-33.467225,-70.657605,0,MANUAL
46.92,-0.051,-0.051,-2.084,0.0,0.0,65.53,0,-33.467225,-70.657605,0,MANUAL
47.16,-0.051,-0.051,-2.084,0.0,0.0,65.53,0,-33.467225,-70.657605,0,MANUAL
47.46,-0.051,-0.051,-2.084,0.0,0.0,65.53,0,-33.467225,-70.657605,0,MANUAL
47.74,-0.051,-0.051,-2.084,0.0,0.0,65.53,0,-33.467225,-70.657605,0,MANUAL
47.94,-0.051,-0.051,-2.084,0.0,0.0,65.53,0,-33.467225,-70.657605,0,MANUAL
48.17,-0.051,-0.051,-2.084,0.0,0.0,65.53,0,-33.467225,-70.657605,0,MANUAL
48.45,-0.051,-0.051,-2.084,0.0,0.0,65.53,0,-33.467225,-70.657605,0,MANUAL
48.64,-0.051,-0.051,-2.083,0.0,0.0,65.53,0,-33.467225,-70.657605,0,MANUAL
48.86,-0.051,-0.051,-2.083,0.0,0.0,65.53,0,-33.467225,-70.657605,0,MANUAL
49.12,-0.051,-0.051,-2.084,0.0,0.0,65.53,0,-33.467225,-70.657605,0,MANUAL
49.34,-0.051,-0.051,-2.084,0.0,0.0,65.53,0,-33.467225,-70.657605,0,MANUAL
49.55,-0.051,-0.051,-2.084,0.0,0.0,65.53,0,-33.467225,-70.657605,0,MANUAL
49.8,-0.051,-0.051,-2.084,0.0,0.0,65.53,0,-33.467225,-70.657605,0,MANUAL
50.02,-0.051,-0.051,-2.084,0.0,0.0,65.53,0,-33.467225,-70.657605,0,MANUAL
50.29,-0.051,-0.051,-2.083,0.0,0.0,65.53,0,-33.467225,-70.657605,0,MANUAL
50.48,-0.051,-0.051,-2.084,0.0,0.0,65.53,0,-33.467225,-70.657605,0,MANUAL
50.72,-0.051,-0.051,-2.084,0.0,0.0,65.53,0,-33.467225,-70.657605,0,MANUAL
51.22,-0.051,-0.051,-2.084,0.0,0.0,65.53,0,-33.467225,-70.657605,0,MANUAL
51.22,-0.051,-0.051,-2.084,0.0,0.0,65.53,0,-33.467225,-70.657605,0,MANUAL
51.52,-0.051,-0.051,-2.084,0.0,0.0,65.53,0,-33.467225,-70.657605,0,MANUAL
51.77,-0.051,-0.051,-2.084,0.0,0.0,65.53,0,-33.467225,-70.657605,0,MANUAL
52.05,-0.051,-0.051,-2.084,0.0,0.0,65.53,0,-33.467225,-70.657605,0,MANUAL
52.22,-0.051,-0.051,-2.084,0.0,0.0,65.53,0,-33.467225,-70.657605,0,MANUAL
52.45,-0.051,-0.051,-2.084,0.0,0.0,65.53,0,-33.467225,-70.657605,0,MANUAL
52.71,-0.051,-0.051,-2.084,0.0,0.0,65.53,0,-33.467225,-70.657605,0,MANUAL
52.92,-0.051,-0.051,-2.084,0.0,0.0,65.53,0,-33.467225,-70.657605,0,MANUAL
53.14,-0.051,-0.051,-2.084,0.0,0.0,65.53,0,-33.467225,-70.657605,0,MANUAL
53.37,-0.051,-0.051,-2.084,0.0,0.0,65.53,0,-33.467225,-70.657605,0,MANUAL
53.6,-0.051,-0.051,-2.084,0.0,0.0,65.53,0,-33.467225,-70.657605,0,MANUAL
53.86,-0.051,-0.051,-2.084,0.0,0.0,65.53,0,-33.467225,-70.657605,0,MANUAL
54.06,-0.051,-0.051,-2.084,0.0,0.0,65.53,0,-33.467225,-70.657605,0,MANUAL
54.3,-0.051,-0.051,-2.084,0.0,0.0,65.53,0,-33.467225,-70.657605,0,MANUAL
54.71,-0.051,-0.051,-2.084,0.0,0.0,65.53,0,-33.467225,-70.657605,0,MANUAL
54.77,-0.051,-0.051,-2.084,0.0,0.0,65.53,0,-33.467225,-70.657605,0,MANUAL
55.0,-0.051,-0.051,-2.084,0.0,0.0,65.53,0,-33.467225,-70.657605,0,MANUAL
55.33,-0.051,-0.051,-2.084,0.0,0.0,65.53,0,-33.467225,-70.657605,0,MANUAL
55.62,-0.051,-0.051,-2.083,0.0,0.0,65.53,0,-33.467225,-70.657605,0,MANUAL
55.8,-0.051,-0.051,-2.084,0.0,0.0,65.53,0,-33.467225,-70.657605,0,MANUAL
56.02,-0.051,-0.051,-2.084,0.0,0.0,65.53,0,-33.467225,-70.657605,0,MANUAL
56.3,-0.051,-0.051,-2.085,0.0,0.0,65.53,0,-33.467225,-70.657605,0,MANUAL
56.5,-0.05,-0.051,-2.085,0.0,0.0,65.53,0,-33.467225,-70.657605,0,MANUAL
56.72,-0.051,-0.051,-2.083,0.0,0.0,65.53,0,-33.467225,-70.657605,0,MANUAL
56.95,-0.051,-0.051,-2.083,0.0,0.0,65.53,0,-33.467225,-70.657605,0,MANUAL
57.18,-0.051,-0.051,-2.083,0.0,0.0,65.53,0,-33.467225,-70.657605,0,MANUAL
57.43,-0.051,-0.051,-2.083,0.0,0.0,65.53,0,-33.467225,-70.657605,0,MANUAL
57.64,-0.051,-0.051,-2.083,0.0,0.0,65.53,0,-33.467225,-70.657605,0,MANUAL
57.88,-0.051,-0.051,-2.083,0.0,0.0,65.53,0,-33.467225,-70.657605,0,MANUAL
58.21,-0.051,-0.051,-2.083,0.0,0.0,65.53,0,-33.467225,-70.657605,0,MANUAL
58.33,-0.05,-0.051,-2.084,0.0,0.0,65.53,0,-33.467225,-70.657605,0,MANUAL
58.68,-0.051,-0.051,-2.084,0.0,0.0,65.53,0,-33.467225,-70.657605,0,MANUAL
58.81,-0.051,-0.051,-2.083,0.0,0.0,65.53,0,-33.467225,-70.657605,0,MANUAL
59.2,-0.051,-0.051,-2.084,0.0,0.0,65.53,0,-33.467225,-70.657605,0,MANUAL
59.38,-0.051,-0.051,-2.084,0.0,0.0,65.53,0,-33.467225,-70.657605,0,MANUAL
59.6,-0.051,-0.051,-2.083,0.0,0.0,65.53,0,-33.467225,-70.657605,0,MANUAL
59.87,-0.051,-0.051,-2.084,0.0,0.0,65.53,0,-33.467225,-70.657605,0,MANUAL
60.07,-0.051,-0.051,-2.084,0.0,0.0,65.53,0,-33.467225,-70.657605,0,MANUAL
60.3,-0.051,-0.051,-2.084,0.0,0.0,65.53,0,-33.467225,-70.657605,0,MANUAL
60.55,-0.051,-0.051,-2.084,0.0,0.0,65.53,0,-33.467225,-70.657605,0,MANUAL
60.77,-0.051,-0.051,-2.084,0.0,0.0,65.53,0,-33.467225,-70.657605,0,MANUAL
61.02,-0.051,-0.051,-2.084,0.0,0.0,65.53,0,-33.467225,-70.657605,0,MANUAL
61.24,-0.051,-0.051,-2.084,0.0,0.0,65.53,0,-33.467225,-70.657605,0,MANUAL
61.45,-0.051,-0.051,-2.084,0.0,0.0,65.53,0,-33.467225,-70.657605,0,MANUAL
61.77,-0.051,-0.051,-2.084,0.0,0.0,65.53,0,-33.467225,-70.657605,0,MANUAL
61.93,-0.051,-0.051,-2.084,0.0,0.0,65.53,0,-33.467225,-70.657605,0,MANUAL
62.25,-0.051,-0.051,-2.084,0.0,0.0,65.53,0,-33.467225,-70.657605,0,MANUAL
62.39,-0.051,-0.051,-2.084,0.0,0.0,65.53,0,-33.467225,-70.657605,0,MANUAL
62.8,-0.051,-0.051,-2.084,0.0,0.0,65.53,0,-33.467225,-70.657605,0,MANUAL
62.94,-0.051,-0.051,-2.084,0.0,0.0,65.53,0,-33.467225,-70.657605,0,MANUAL
63.18,-0.051,-0.051,-2.084,0.0,0.0,65.53,0,-33.467225,-70.657605,0,MANUAL
63.45,-0.051,-0.051,-2.084,0.0,0.0,65.53,0,-33.467225,-70.657605,0,MANUAL
63.65,-0.051,-0.051,-2.084,0.0,0.0,65.53,0,-33.467225,-70.657605,0,MANUAL
63.88,-0.051,-0.051,-2.084,0.0,0.0,65.53,0,-33.467225,-70.657605,0,MANUAL
64.1,-0.051,-0.052,-2.084,0.0,0.0,65.53,0,-33.467225,-70.657605,0,MANUAL
64.33,-0.051,-0.051,-2.084,0.0,0.0,65.53,0,-33.467225,-70.657605,0,MANUAL
64.57,-0.051,-0.052,-2.084,0.0,0.0,65.53,0,-33.467225,-70.657605,0,MANUAL
64.82,-0.051,-0.051,-2.084,0.0,0.0,65.53,0,-33.467225,-70.657605,0,MANUAL
65.02,-0.051,-0.052,-2.084,0.0,0.0,65.53,0,-33.467225,-70.657605,0,MANUAL
65.36,-0.051,-0.051,-2.085,0.0,0.0,65.53,0,-33.467225,-70.657605,0,MANUAL
65.49,-0.051,-0.052,-2.085,0.0,0.0,65.53,0,-33.467225,-70.657605,0,MANUAL
65.73,-0.051,-0.051,-2.085,0.0,0.0,65.53,0,-33.467225,-70.657605,0,MANUAL
66.07,-0.051,-0.052,-2.085,0.0,0.0,65.53,0,-33.467225,-70.657605,0,MANUAL
66.32,-0.051,-0.052,-2.085,0.0,0.0,65.53,0,-33.467225,-70.657605,0,MANUAL
66.54,-0.051,-0.052,-2.085,0.0,0.0,65.53,0,-33.467225,-70.657605,0,MANUAL
66.76,-0.051,-0.052,-2.085,0.0,0.0,65.53,0,-33.467225,-70.657605,0,MANUAL
67.03,-0.05,-0.052,-2.085,0.0,0.0,65.53,0,-33.467225,-70.657605,0,MANUAL
67.23,-0.051,-0.052,-2.085,0.0,0.0,65.53,0,-33.467225,-70.657605,0,MANUAL
67.46,-0.05,-0.052,-2.085,0.0,0.0,65.53,0,-33.467225,-70.657605,0,MANUAL
67.73,-0.051,-0.052,-2.085,0.0,0.0,65.53,0,-33.467225,-70.657605,0,MANUAL
67.91,-0.051,-0.052,-2.085,0.0,0.0,65.53,0,-33.467225,-70.657605,0,MANUAL
68.14,-0.051,-0.052,-2.085,0.0,0.0,65.53,0,-33.467225,-70.657605,0,MANUAL
68.4,-0.051,-0.052,-2.085,0.0,0.0,65.53,0,-33.467225,-70.657605,0,MANUAL
68.61,-0.051,-0.052,-2.085,0.0,0.0,65.53,0,-33.467225,-70.657605,0,MANUAL
68.85,-0.051,-0.052,-2.085,0.0,0.0,65.53,0,-33.467225,-70.657605,0,MANUAL
69.09,-0.051,-0.052,-2.085,0.0,0.0,65.53,0,-33.467225,-70.657605,0,MANUAL
69.3,-0.051,-0.052,-2.085,0.0,0.0,65.53,0,-33.467225,-70.657605,0,MANUAL
69.54,-0.051,-0.052,-2.085,0.0,0.0,65.53,0,-33.467225,-70.657605,0,MANUAL
69.79,-0.05,-0.052,-2.085,0.0,0.0,65.53,0,-33.467225,-70.657605,0,MANUAL
70.11,-0.051,-0.052,-2.085,0.0,0.0,65.53,0,-33.467225,-70.657605,0,MANUAL
70.34,-0.051,-0.052,-2.085,0.0,0.0,65.53,0,-33.467225,-70.657605,0,MANUAL
70.58,-0.051,-0.052,-2.085,0.0,0.0,65.53,0,-33.467225,-70.657605,0,MANUAL
70.82,-0.051,-0.051,-2.086,0.0,0.0,65.53,0,-33.467225,-70.657605,0,MANUAL
71.02,-0.051,-0.051,-2.085,0.0,0.0,65.53,0,-33.467225,-70.657605,0,MANUAL
71.27,-0.051,-0.051,-2.086,0.0,0.0,65.53,0,-33.467225,-70.657605,0,MANUAL
71.48,-0.051,-0.051,-2.086,0.0,0.0,65.53,0,-33.467225,-70.657605,0,MANUAL
71.74,-0.051,-0.051,-2.086,0.0,0.0,65.53,0,-33.467225,-70.657605,0,MANUAL
71.98,-0.051,-0.051,-2.086,0.0,0.0,65.53,0,-33.467225,-70.657605,0,MANUAL
72.19,-0.051,-0.051,-2.086,0.0,0.0,65.53,0,-33.467225,-70.657605,0,MANUAL
72.4,-0.051,-0.051,-2.086,0.0,0.0,65.53,0,-33.467225,-70.657605,0,MANUAL
72.66,-0.051,-0.052,-2.086,0.0,0.0,65.53,0,-33.467225,-70.657605,0,MANUAL
72.88,-0.051,-0.051,-2.086,0.0,0.0,65.53,0,-33.467225,-70.657605,0,MANUAL
73.11,-0.051,-0.052,-2.086,0.0,0.0,65.53,0,-33.467225,-70.657605,0,MANUAL
73.36,-0.051,-0.051,-2.086,0.0,0.0,65.53,0,-33.467225,-70.657605,0,MANUAL
73.7,-0.051,-0.052,-2.086,0.0,0.0,65.53,0,-33.467225,-70.657605,0,MANUAL
73.82,-0.051,-0.052,-2.086,0.0,0.0,65.53,0,-33.467225,-70.657605,0,MANUAL
74.19,-0.051,-0.052,-2.086,0.0,0.0,65.53,0,-33.467225,-70.657605,0,MANUAL
74.4,-0.051,-0.052,-2.086,0.0,0.0,65.53,0,-33.467225,-70.657605,0,MANUAL
74.61,-0.051,-0.052,-2.086,0.0,0.0,65.53,0,-33.467225,-70.657605,0,MANUAL
74.87,-0.051,-0.052,-2.086,0.0,0.0,65.53,0,-33.467225,-70.657605,0,MANUAL
75.06,-0.051,-0.051,-2.086,0.0,0.0,65.53,0,-33.467225,-70.657605,0,MANUAL
75.3,-0.051,-0.051,-2.086,0.0,0.0,65.53,0,-33.467225,-70.657605,0,MANUAL
75.57,-0.05,-0.051,-2.086,0.0,0.0,65.53,0,-33.467225,-70.657605,0,MANUAL
75.78,-0.05,-0.051,-2.086,0.0,0.0,65.53,0,-33.467225,-70.657605,0,MANUAL
76.0,-0.051,-0.051,-2.086,0.0,0.0,65.53,0,-33.467225,-70.657605,0,MANUAL
76.25,-0.05,-0.052,-2.086,0.0,0.0,65.53,0,-33.467225,-70.657605,0,MANUAL
76.46,-0.051,-0.051,-2.086,0.0,0.0,65.53,0,-33.467225,-70.657605,0,MANUAL
76.7,-0.05,-0.052,-2.086,0.0,0.0,65.53,0,-33.467225,-70.657605,0,MANUAL
76.93,-0.051,-0.052,-2.086,0.0,0.0,65.53,0,-33.467225,-70.657605,0,MANUAL
77.16,-0.05,-0.051,-2.086,0.0,0.0,65.53,0,-33.467225,-70.657605,0,MANUAL
77.39,-0.051,-0.051,-2.087,0.0,0.0,65.53,0,-33.467225,-70.657605,0,MANUAL
77.77,-0.051,-0.051,-2.087,0.0,0.0,65.53,0,-33.467225,-70.657605,0,MANUAL
77.87,-0.051,-0.051,-2.087,0.0,0.0,65.53,0,-33.467225,-70.657605,0,MANUAL
78.19,-0.051,-0.051,-2.087,0.0,0.0,65.53,0,-33.467225,-70.657605,0,MANUAL
78.45,-0.051,-0.051,-2.087,0.0,0.0,65.53,0,-33.467225,-70.657605,0,MANUAL
78.65,-0.051,-0.051,-2.087,0.0,0.0,65.53,0,-33.467225,-70.657605,0,MANUAL
78.88,-0.051,-0.051,-2.087,0.0,0.0,65.53,0,-33.467225,-70.657605,0,MANUAL
79.13,-0.051,-0.051,-2.087,0.0,0.0,65.53,0,-33.467225,-70.657605,0,MANUAL
79.34,-0.051,-0.051,-2.087,0.0,0.0,65.53,0,-33.467225,-70.657605,0,MANUAL
79.66,-0.051,-0.051,-2.087,0.0,0.0,65.53,0,-33.467225,-70.657605,0,MANUAL
79.83,-0.051,-0.051,-2.087,0.0,0.0,65.53,0,-33.467225,-70.657605,0,MANUAL
80.03,-0.051,-0.051,-2.087,0.0,0.0,65.53,0,-33.467225,-70.657605,0,MANUAL
80.27,-0.051,-0.051,-2.087,0.0,0.0,65.53,0,-33.467225,-70.657605,0,MANUAL
80.52,-0.051,-0.051,-2.087,0.0,0.0,65.53,0,-33.467225,-70.657605,0,MANUAL
80.73,-0.051,-0.051,-2.087,0.0,0.0,65.53,0,-33.467225,-70.657605,0,MANUAL
80.97,-0.051,-0.052,-2.087,0.0,0.0,65.53,0,-33.467225,-70.657605,0,MANUAL
81.36,-0.051,-0.051,-2.087,0.0,0.0,65.53,0,-33.467225,-70.657605,0,MANUAL
81.55,-0.051,-0.052,-2.087,0.0,0.0,65.53,0,-33.467225,-70.657605,0,MANUAL
81.77,-0.051,-0.052,-2.087,0.0,0.0,65.53,0,-33.467225,-70.657605,0,MANUAL
82.04,-0.051,-0.052,-2.087,0.0,0.0,65.53,0,-33.467225,-70.657605,0,MANUAL
82.23,-0.051,-0.052,-2.087,0.0,0.0,65.53,0,-33.467225,-70.657605,0,MANUAL
82.46,-0.051,-0.052,-2.087,0.0,0.0,65.53,0,-33.467225,-70.657605,0,MANUAL
82.7,-0.051,-0.052,-2.087,0.0,0.0,65.53,0,-33.467225,-70.657605,0,MANUAL
82.92,-0.051,-0.052,-2.086,0.0,0.0,65.53,0,-33.467225,-70.657605,0,MANUAL
83.15,-0.051,-0.052,-2.086,0.0,0.0,65.53,0,-33.467225,-70.657605,0,MANUAL
83.39,-0.051,-0.052,-2.086,0.0,0.0,65.53,0,-33.467225,-70.657605,0,MANUAL
83.62,-0.051,-0.052,-2.087,0.0,0.0,65.53,0,-33.467225,-70.657605,0,MANUAL
83.84,-0.051,-0.052,-2.086,0.0,0.0,65.53,0,-33.467225,-70.657605,0,MANUAL
84.1,-0.051,-0.052,-2.086,0.0,0.0,65.53,0,-33.467225,-70.657605,0,MANUAL
84.31,-0.051,-0.052,-2.086,0.0,0.0,65.53,0,-33.467225,-70.657605,0,MANUAL
84.55,-0.051,-0.052,-2.086,0.0,0.0,65.53,0,-33.467225,-70.657605,0,MANUAL
84.78,-0.051,-0.052,-2.086,0.0,0.0,65.53,0,-33.467225,-70.657605,0,MANUAL
85.03,-0.051,-0.052,-2.086,0.0,0.0,65.53,0,-33.467225,-70.657605,0,MANUAL
85.34,-0.051,-0.052,-2.086,0.0,0.0,65.53,0,-33.467225,-70.657605,0,MANUAL
85.61,-0.051,-0.052,-2.086,0.0,0.0,65.53,0,-33.467225,-70.657605,0,MANUAL
85.8,-0.051,-0.052,-2.086,0.0,0.0,65.53,0,-33.467225,-70.657605,0,MANUAL
86.04,-0.051,-0.052,-2.086,0.0,0.0,65.53,0,-33.467225,-70.657605,0,MANUAL
86.28,-0.051,-0.052,-2.086,0.0,0.0,65.53,0,-33.467225,-70.657605,0,MANUAL
86.51,-0.051,-0.052,-2.086,0.0,0.0,65.53,0,-33.467225,-70.657605,0,MANUAL
86.75,-0.051,-0.052,-2.086,0.0,0.0,65.53,0,-33.467225,-70.657605,0,MANUAL
86.97,-0.051,-0.052,-2.086,0.0,0.0,65.53,0,-33.467225,-70.657605,0,MANUAL
87.2,-0.05,-0.052,-2.086,0.0,0.0,65.53,0,-33.467225,-70.657605,0,MANUAL
87.42,-0.05,-0.052,-2.086,0.0,0.0,65.53,0,-33.467225,-70.657605,0,MANUAL
87.67,-0.051,-0.052,-2.086,0.0,0.0,65.53,0,-33.467225,-70.657605,0,MANUAL
87.9,-0.051,-0.052,-2.086,0.0,0.0,65.53,0,-33.467225,-70.657605,0,MANUAL
88.11,-0.051,-0.052,-2.086,0.0,0.0,65.53,0,-33.467225,-70.657605,0,MANUAL
88.36,-0.051,-0.052,-2.086,0.0,0.0,65.53,0,-33.467225,-70.657605,0,MANUAL
88.59,-0.051,-0.052,-2.086,0.0,0.0,65.53,0,-33.467225,-70.657605,0,MANUAL
88.92,-0.051,-0.052,-2.086,0.0,0.0,65.53,0,-33.467225,-70.657605,0,MANUAL
89.17,-0.051,-0.052,-2.086,0.0,0.0,65.53,0,-33.467225,-70.657605,0,MANUAL
89.39,-0.051,-0.052,-2.086,0.0,0.0,65.53,0,-33.467225,-70.657605,0,MANUAL
89.62,-0.051,-0.052,-2.086,0.0,0.0,65.53,0,-33.467225,-70.657605,0,MANUAL
89.86,-0.051,-0.052,-2.086,0.0,0.0,65.53,0,-33.467225,-70.657605,0,MANUAL
90.09,-0.051,-0.052,-2.086,0.0,0.0,65.53,0,-33.467225,-70.657605,0,MANUAL
90.29,-0.051,-0.052,-2.086,0.0,0.0,65.53,0,-33.467225,-70.657605,0,MANUAL
90.58,-0.051,-0.051,-2.086,0.0,0.0,65.53,0,-33.467225,-70.657605,0,MANUAL
90.79,-0.051,-0.051,-2.086,0.0,0.0,65.53,0,-33.467225,-70.657605,0,MANUAL
91.02,-0.051,-0.051,-2.086,0.0,0.0,65.53,0,-33.467225,-70.657605,0,MANUAL
91.25,-0.05,-0.051,-2.086,0.0,0.0,65.53,0,-33.467225,-70.657605,0,MANUAL
91.47,-0.051,-0.052,-2.086,0.0,0.01,65.53,0,-33.467225,-70.657605,0,MANUAL
91.69,-0.051,-0.051,-2.086,0.0,0.01,65.53,0,-33.467225,-70.657605,0,MANUAL
91.94,-0.051,-0.052,-2.086,0.0,0.01,65.53,0,-33.467225,-70.657605,0,MANUAL
92.18,-0.051,-0.052,-2.086,0.0,0.01,65.53,0,-33.467225,-70.657605,0,MANUAL
92.4,-0.051,-0.052,-2.086,0.0,0.0,65.53,0,-33.467225,-70.657605,0,MANUAL
92.77,-0.051,-0.052,-2.086,0.0,0.0,65.53,0,-33.467225,-70.657605,0,MANUAL
92.97,-0.051,-0.052,-2.086,0.0,0.0,65.53,0,-33.467225,-70.657605,0,MANUAL
93.12,-0.051,-0.051,-2.086,0.0,0.0,65.53,0,-33.467225,-70.657605,0,MANUAL
93.46,-0.051,-0.052,-2.086,0.0,0.0,65.53,0,-33.467225,-70.657605,0,MANUAL
93.65,-0.051,-0.051,-2.086,0.0,0.0,65.53,0,-33.467225,-70.657605,0,MANUAL
93.89,-0.051,-0.051,-2.086,0.0,0.0,65.53,0,-33.467225,-70.657605,0,MANUAL
94.15,-0.051,-0.051,-2.086,0.0,0.0,65.53,0,-33.467225,-70.657605,0,MANUAL
94.35,-0.051,-0.051,-2.086,0.0,0.0,65.53,0,-33.467225,-70.657605,0,MANUAL
94.58,-0.051,-0.052,-2.086,0.0,0.0,65.53,0,-33.467225,-70.657605,0,MANUAL
94.84,-0.051,-0.051,-2.086,0.0,0.0,65.53,0,-33.467225,-70.657605,0,MANUAL
95.04,-0.051,-0.051,-2.086,0.0,0.0,65.53,0,-33.467225,-70.657605,0,MANUAL
95.28,-0.05,-0.052,-2.086,0.0,0.0,65.53,0,-33.467225,-70.657605,0,MANUAL
95.53,-0.051,-0.052,-2.086,0.0,0.0,65.53,0,-33.467225,-70.657605,0,MANUAL
95.75,-0.051,-0.051,-2.086,0.0,0.0,65.53,0,-33.467225,-70.657605,0,MANUAL
95.96,-0.051,-0.051,-2.086,0.0,0.0,65.53,0,-33.467225,-70.657605,0,MANUAL
96.35,-0.051,-0.051,-2.086,0.0,0.0,65.53,0,-33.467225,-70.657605,0,MANUAL
96.55,-0.051,-0.051,-2.086,0.0,0.0,65.53,0,-33.467225,-70.657605,0,MANUAL
96.78,-0.051,-0.051,-2.086,0.0,0.0,65.53,0,-33.467225,-70.657605,0,MANUAL
97.04,-0.051,-0.051,-2.086,0.0,0.0,65.53,0,-33.467225,-70.657605,0,MANUAL
97.23,-0.051,-0.051,-2.086,0.0,0.0,65.53,0,-33.467225,-70.657605,0,MANUAL
97.45,-0.051,-0.051,-2.086,0.0,0.0,65.53,0,-33.467225,-70.657605,0,MANUAL
97.74,-0.051,-0.051,-2.087,0.0,0.0,65.53,0,-33.467225,-70.657605,0,MANUAL
97.94,-0.051,-0.051,-2.087,0.0,0.0,65.53,0,-33.467225,-70.657605,0,MANUAL
98.16,-0.051,-0.052,-2.087,0.0,0.0,65.53,0,-33.467225,-70.657605,0,MANUAL
98.42,-0.051,-0.051,-2.087,0.0,0.0,65.53,0,-33.467225,-70.657605,0,MANUAL
98.62,-0.051,-0.052,-2.087,0.0,0.0,65.53,0,-33.467225,-70.657605,0,MANUAL
98.86,-0.051,-0.052,-2.087,0.0,0.0,65.53,0,-33.467225,-70.657605,0,MANUAL
99.09,-0.051,-0.051,-2.087,0.0,0.0,65.53,0,-33.467225,-70.657605,0,MANUAL
99.34,-0.051,-0.051,-2.087,0.0,0.0,65.53,0,-33.467225,-70.657605,0,MANUAL
99.57,-0.051,-0.052,-2.087,0.0,0.0,65.53,0,-33.467225,-70.657605,0,MANUAL
99.8,-0.051,-0.051,-2.087,0.0,0.0,65.53,0,-33.467225,-70.657605,0,MANUAL
100.02,-0.051,-0.052,-2.087,0.0,0.0,65.53,0,-33.467225,-70.657605,0,MANUAL
100.27,-0.051,-0.052,-2.087,0.0,0.0,65.53,0,-33.467225,-70.657605,0,MANUAL
100.59,-0.051,-0.052,-2.087,0.0,0.0,65.53,0,-33.467225,-70.657605,0,MANUAL
100.81,-0.051,-0.052,-2.087,0.0,0.0,65.53,0,-33.467225,-70.657605,0,MANUAL
101.04,-0.051,-0.052,-2.087,0.0,0.0,65.53,0,-33.467225,-70.657605,0,MANUAL
101.28,-0.051,-0.052,-2.087,0.0,0.0,65.53,0,-33.467225,-70.657605,0,MANUAL
101.51,-0.051,-0.052,-2.087,0.0,0.0,65.53,0,-33.467225,-70.657605,0,MANUAL
101.74,-0.051,-0.052,-2.087,0.0,0.0,65.53,0,-33.467225,-70.657605,0,MANUAL
102.01,-0.051,-0.052,-2.087,0.0,0.0,65.53,0,-33.467225,-70.657605,0,MANUAL
102.21,-0.051,-0.052,-2.087,0.0,0.0,65.53,0,-33.467225,-70.657605,0,MANUAL
102.42,-0.051,-0.052,-2.087,0.0,0.0,65.53,0,-33.467225,-70.657605,0,MANUAL
102.68,-0.051,-0.052,-2.087,0.0,0.0,65.53,0,-33.467225,-70.657605,0,MANUAL
102.91,-0.051,-0.052,-2.087,0.0,0.0,65.53,0,-33.467225,-70.657605,0,MANUAL
103.12,-0.051,-0.052,-2.087,0.0,0.0,65.53,0,-33.467225,-70.657605,0,MANUAL
103.36,-0.051,-0.052,-2.087,0.0,0.0,65.53,0,-33.467225,-70.657605,0,MANUAL
103.6,-0.051,-0.052,-2.087,0.0,0.0,65.53,0,-33.467225,-70.657605,0,MANUAL
103.85,-0.051,-0.052,-2.087,0.0,0.0,65.53,0,-33.467225,-70.657605,0,MANUAL
104.19,-0.051,-0.052,-2.087,0.0,0.0,65.53,0,-33.467225,-70.657605,0,MANUAL
104.41,-0.051,-0.052,-2.087,0.0,0.0,65.53,0,-33.467225,-70.657605,0,MANUAL
104.61,-0.051,-0.052,-2.088,0.0,0.0,65.53,0,-33.467225,-70.657605,0,MANUAL
104.87,-0.051,-0.052,-2.088,0.0,0.0,65.53,0,-33.467225,-70.657605,0,MANUAL
105.08,-0.051,-0.052,-2.088,0.0,0.0,65.53,0,-33.467225,-70.657605,0,MANUAL
105.32,-0.051,-0.052,-2.088,0.0,0.0,65.53,0,-33.467225,-70.657605,0,MANUAL
105.6,-0.051,-0.052,-2.088,0.0,0.0,65.53,0,-33.467225,-70.657605,0,MANUAL
105.8,-0.051,-0.052,-2.088,0.0,0.0,65.53,0,-33.467225,-70.657605,0,MANUAL
106.01,-0.051,-0.052,-2.088,0.0,0.0,65.53,0,-33.467225,-70.657605,0,MANUAL
106.26,-0.051,-0.052,-2.088,0.0,0.0,65.53,0,-33.467225,-70.657605,0,MANUAL
106.5,-0.051,-0.052,-2.088,0.0,0.0,65.53,0,-33.467225,-70.657605,0,MANUAL
106.71,-0.051,-0.052,-2.088,0.0,0.0,65.53,0,-33.467225,-70.657605,0,MANUAL
106.94,-0.051,-0.051,-2.088,0.0,0.0,65.53,0,-33.467225,-70.657605,0,MANUAL
107.17,-0.051,-0.052,-2.088,0.0,0.0,65.53,0,-33.467225,-70.657605,0,MANUAL
107.43,-0.051,-0.052,-2.088,0.0,0.0,65.53,0,-33.467225,-70.657605,0,MANUAL
107.78,-0.051,-0.052,-2.088,0.0,0.0,65.53,0,-33.467225,-70.657605,0,MANUAL
107.87,-0.051,-0.052,-2.088,0.0,0.0,65.53,0,-33.467225,-70.657605,0,MANUAL
108.2,-0.051,-0.051,-2.088,0.0,0.0,65.53,0,-33.467225,-70.657605,0,MANUAL
108.44,-0.051,-0.052,-2.088,0.0,0.0,65.53,0,-33.467225,-70.657605,0,MANUAL
108.66,-0.051,-0.051,-2.088,0.0,0.0,65.53,0,-33.467225,-70.657605,0,MANUAL
108.89,-0.051,-0.052,-2.088,0.0,0.0,65.53,0,-33.467225,-70.657605,0,MANUAL
109.17,-0.051,-0.052,-2.088,0.0,0.0,65.53,0,-33.467225,-70.657605,0,MANUAL
109.36,-0.051,-0.052,-2.088,0.0,0.0,65.53,0,-33.467225,-70.657605,0,MANUAL
109.6,-0.051,-0.051,-2.088,0.0,0.0,65.53,0,-33.467225,-70.657605,0,MANUAL
109.83,-0.051,-0.052,-2.088,0.0,0.0,65.53,0,-33.467225,-70.657605,0,MANUAL
110.06,-0.051,-0.052,-2.088,0.0,0.0,65.53,0,-33.467225,-70.657605,0,MANUAL
110.28,-0.051,-0.052,-2.088,0.0,0.0,65.53,0,-33.467225,-70.657605,0,MANUAL
110.53,-0.051,-0.052,-2.088,0.0,0.0,65.53,0,-33.467225,-70.657605,0,MANUAL
110.74,-0.051,-0.052,-2.088,0.0,0.0,65.53,0,-33.467225,-70.657605,0,MANUAL
111.01,-0.051,-0.052,-2.088,0.0,0.0,65.53,0,-33.467225,-70.657605,0,MANUAL
111.33,-0.051,-0.052,-2.088,0.0,0.0,65.53,0,-33.467225,-70.657605,0,MANUAL
111.55,-0.051,-0.052,-2.088,0.0,0.0,65.53,0,-33.467225,-70.657605,0,MANUAL
111.78,-0.051,-0.052,-2.088,0.0,0.0,65.53,0,-33.467225,-70.657605,0,MANUAL
112.05,-0.051,-0.052,-2.088,0.0,0.0,65.53,0,-33.467225,-70.657605,0,MANUAL
112.24,-0.051,-0.052,-2.088,0.0,0.0,65.53,0,-33.467225,-70.657605,0,MANUAL
112.48,-0.051,-0.052,-2.088,0.0,0.0,65.53,0,-33.467225,-70.657605,0,MANUAL
112.72,-0.051,-0.052,-2.088,0.0,0.0,65.53,0,-33.467225,-70.657605,0,MANUAL
112.94,-0.051,-0.052,-2.088,0.0,0.0,65.53,0,-33.467225,-70.657605,0,MANUAL
113.16,-0.051,-0.052,-2.088,0.0,0.0,65.53,0,-33.467225,-70.657605,0,MANUAL
113.42,-0.051,-0.052,-2.088,0.0,0.0,65.53,0,-33.467225,-70.657605,0,MANUAL
113.65,-0.051,-0.052,-2.088,0.0,0.0,65.53,0,-33.467225,-70.657605,0,MANUAL
113.85,-0.051,-0.052,-2.088,0.0,0.0,65.53,0,-33.467225,-70.657605,0,MANUAL
114.09,-0.051,-0.052,-2.088,0.0,0.0,65.53,0,-33.467225,-70.657605,0,MANUAL
114.33,-0.051,-0.052,-2.088,0.0,0.0,65.53,0,-33.467225,-70.657605,0,MANUAL
114.58,-0.05,-0.052,-2.088,0.0,0.0,65.53,0,-33.467225,-70.657605,0,MANUAL
114.8,-0.051,-0.052,-2.088,0.0,0.0,65.53,0,-33.467225,-70.657605,0,MANUAL
115.04,-0.051,-0.052,-2.087,0.0,0.0,65.53,0,-33.467225,-70.657605,0,MANUAL
115.35,-0.051,-0.052,-2.087,0.0,0.0,65.53,0,-33.467225,-70.657605,0,MANUAL
115.63,-0.051,-0.052,-2.088,0.0,0.0,65.53,0,-33.467225,-70.657605,0,MANUAL
115.82,-0.051,-0.052,-2.088,0.0,0.0,65.53,0,-33.467225,-70.657605,0,MANUAL
116.06,-0.051,-0.052,-2.088,0.0,0.0,65.53,0,-33.467225,-70.657605,0,MANUAL
116.32,-0.051,-0.052,-2.087,0.0,0.0,65.53,0,-33.467225,-70.657605,0,MANUAL
116.51,-0.051,-0.052,-2.088,0.0,0.0,65.53,0,-33.467225,-70.657605,0,MANUAL
116.75,-0.051,-0.052,-2.088,0.0,0.0,65.53,0,-33.467225,-70.657605,0,MANUAL
116.98,-0.051,-0.052,-2.088,0.0,0.0,65.53,0,-33.467225,-70.657605,0,MANUAL
117.21,-0.051,-0.052,-2.088,0.0,0.0,65.53,0,-33.467225,-70.657605,0,MANUAL
117.44,-0.051,-0.052,-2.088,0.0,0.0,65.53,0,-33.467225,-70.657605,0,MANUAL
117.69,-0.05,-0.052,-2.088,0.0,0.0,65.53,0,-33.467225,-70.657605,0,MANUAL
117.9,-0.051,-0.052,-2.087,0.0,0.0,65.53,0,-33.467225,-70.657605,0,MANUAL
118.16,-0.051,-0.052,-2.088,0.0,0.0,65.53,0,-33.467225,-70.657605,0,MANUAL
118.38,-0.051,-0.052,-2.088,0.0,0.0,65.53,0,-33.467225,-70.657605,0,MANUAL
118.59,-0.051,-0.052,-2.088,0.0,0.0,65.53,0,-33.467225,-70.657605,0,MANUAL
118.92,-0.051,-0.052,-2.088,0.0,0.0,65.53,0,-33.467225,-70.657605,0,MANUAL
119.19,-0.051,-0.052,-2.088,0.0,0.0,65.53,0,-33.467225,-70.657605,0,MANUAL
119.4,-0.051,-0.052,-2.088,0.0,0.0,65.53,0,-33.467225,-70.657605,0,MANUAL
119.65,-0.051,-0.051,-2.088,0.0,0.0,65.53,0,-33.467225,-70.657605,0,MANUAL
119.89,-0.051,-0.052,-2.088,0.0,0.0,65.53,0,-33.467225,-70.657605,0,MANUAL
120.09,-0.051,-0.051,-2.088,0.0,0.0,65.53,0,-33.467225,-70.657605,0,MANUAL
120.34,-0.051,-0.052,-2.088,0.0,0.0,65.53,0,-33.467225,-70.657605,0,MANUAL
120.58,-0.051,-0.052,-2.088,0.0,0.0,65.53,0,-33.467225,-70.657605,0,MANUAL
120.81,-0.051,-0.052,-2.088,0.0,0.0,65.53,0,-33.467225,-70.657605,0,MANUAL
121.02,-0.051,-0.052,-2.088,0.0,0.0,65.53,0,-33.467225,-70.657605,0,MANUAL
121.27,-0.051,-0.052,-2.088,0.0,0.0,65.53,0,-33.467225,-70.657605,0,MANUAL
121.48,-0.051,-0.052,-2.088,0.0,0.0,65.53,0,-33.467225,-70.657605,0,MANUAL
121.76,-0.051,-0.051,-2.088,0.0,0.0,65.53,0,-33.467225,-70.657605,0,MANUAL
121.96,-0.051,-0.052,-2.088,0.0,0.0,65.53,0,-33.467225,-70.657605,0,MANUAL
122.18,-0.051,-0.052,-2.088,0.0,0.0,65.53,0,-33.467225,-70.657605,0,MANUAL
122.51,-0.051,-0.052,-2.088,0.0,0.0,65.53,0,-33.467225,-70.657605,0,MANUAL
122.8,-0.051,-0.052,-2.088,0.0,0.0,65.53,0,-33.467225,-70.657605,0,MANUAL
122.98,-0.051,-0.052,-2.088,0.0,0.0,65.53,0,-33.467225,-70.657605,0,MANUAL
123.22,-0.051,-0.052,-2.088,0.0,0.0,65.53,0,-33.467225,-70.657605,0,MANUAL
123.46,-0.051,-0.052,-2.088,0.0,0.0,65.53,0,-33.467225,-70.657605,0,MANUAL
123.67,-0.051,-0.052,-2.088,0.0,0.0,65.53,0,-33.467225,-70.657605,0,MANUAL
123.91,-0.051,-0.052,-2.088,0.0,0.0,65.53,0,-33.467225,-70.657605,0,MANUAL
124.17,-0.051,-0.052,-2.088,0.0,0.0,65.53,0,-33.467225,-70.657605,0,MANUAL
124.36,-0.051,-0.052,-2.088,0.0,0.0,65.53,0,-33.467225,-70.657605,0,MANUAL
124.6,-0.051,-0.052,-2.088,0.0,0.0,65.53,0,-33.467225,-70.657605,0,MANUAL
124.83,-0.051,-0.052,-2.088,0.0,0.0,65.53,0,-33.467225,-70.657605,0,MANUAL
125.07,-0.051,-0.052,-2.088,0.0,0.0,65.53,0,-33.467225,-70.657605,0,MANUAL
125.31,-0.051,-0.052,-2.088,0.0,0.0,65.53,0,-33.467225,-70.657605,0,MANUAL
125.52,-0.051,-0.052,-2.088,0.0,0.0,65.53,0,-33.467225,-70.657605,0,MANUAL
125.77,-0.051,-0.052,-2.088,0.0,0.0,65.53,0,-33.467225,-70.657605,0,MANUAL
126.08,-0.051,-0.052,-2.088,0.0,0.0,65.53,0,-33.467225,-70.657605,0,MANUAL
126.38,-0.051,-0.052,-2.088,0.0,0.0,65.53,0,-33.467225,-70.657605,0,MANUAL
126.56,-0.051,-0.052,-2.088,0.0,0.0,65.53,0,-33.467225,-70.657605,0,MANUAL
126.81,-0.051,-0.052,-2.088,0.0,0.0,65.53,0,-33.467225,-70.657605,0,MANUAL
127.09,-0.051,-0.052,-2.088,0.0,0.0,65.53,0,-33.467225,-70.657605,0,MANUAL
127.26,-0.051,-0.052,-2.088,0.0,0.0,65.53,0,-33.467225,-70.657605,0,MANUAL
127.49,-0.051,-0.052,-2.088,0.0,0.0,65.53,0,-33.467225,-70.657605,0,MANUAL
127.76,-0.051,-0.052,-2.088,0.0,0.0,65.53,0,-33.467225,-70.657605,0,MANUAL
127.96,-0.051,-0.052,-2.088,0.0,0.0,65.53,0,-33.467225,-70.657605,0,MANUAL
128.17,-0.051,-0.052,-2.088,0.0,0.0,65.53,0,-33.467225,-70.657605,0,MANUAL
128.41,-0.051,-0.052,-2.088,0.0,0.0,65.53,0,-33.467225,-70.657605,0,MANUAL
128.65,-0.051,-0.052,-2.088,0.0,0.0,65.53,0,-33.467225,-70.657605,0,MANUAL
128.9,-0.051,-0.052,-2.088,0.0,0.0,65.53,0,-33.467225,-70.657605,0,MANUAL
129.12,-0.051,-0.052,-2.088,0.0,0.0,65.53,0,-33.467225,-70.657605,0,MANUAL
129.33,-0.051,-0.052,-2.088,0.0,0.0,65.53,0,-33.467225,-70.657605,0,MANUAL
129.76,-0.051,-0.052,-2.088,0.0,0.0,65.53,0,-33.467225,-70.657605,0,MANUAL
129.79,-0.051,-0.052,-2.088,0.0,0.0,65.53,0,-33.467225,-70.657605,0,MANUAL
130.04,-0.051,-0.052,-2.088,0.0,0.0,65.53,0,-33.467225,-70.657605,0,MANUAL
130.27,-0.051,-0.052,-2.088,0.0,0.0,65.53,0,-33.467225,-70.657605,0,MANUAL
130.62,-0.051,-0.052,-2.088,0.0,0.0,65.53,0,-33.467225,-70.657605,0,MANUAL
130.82,-0.051,-0.052,-2.088,0.0,0.0,65.53,0,-33.467225,-70.657605,0,MANUAL
131.07,-0.051,-0.052,-2.088,0.0,0.0,65.53,0,-33.467225,-70.657605,0,MANUAL
131.33,-0.051,-0.052,-2.088,0.0,0.0,65.53,0,-33.467225,-70.657605,0,MANUAL
131.54,-0.051,-0.052,-2.088,0.0,0.0,65.53,0,-33.467225,-70.657605,0,MANUAL
131.77,-0.051,-0.052,-2.088,0.0,0.0,65.53,0,-33.467225,-70.657605,0,MANUAL
132.01,-0.051,-0.052,-2.088,0.0,0.0,65.53,0,-33.467225,-70.657605,0,MANUAL
132.22,-0.051,-0.052,-2.089,0.0,0.0,65.53,0,-33.467225,-70.657605,0,MANUAL
132.45,-0.051,-0.052,-2.089,0.0,0.0,65.53,0,-33.467225,-70.657605,0,MANUAL
132.7,-0.051,-0.052,-2.089,0.0,0.0,65.53,0,-33.467225,-70.657605,0,MANUAL
132.9,-0.051,-0.052,-2.089,0.0,0.0,65.53,0,-33.467225,-70.657605,0,MANUAL
133.23,-0.051,-0.052,-2.089,0.0,0.0,65.53,0,-33.467225,-70.657605,0,MANUAL
133.38,-0.051,-0.052,-2.089,0.0,0.0,65.53,0,-33.467225,-70.657605,0,MANUAL
133.6,-0.051,-0.051,-2.089,0.0,0.0,65.53,0,-33.467225,-70.657605,0,MANUAL
133.96,-0.051,-0.052,-2.089,0.0,0.0,65.53,0,-33.467225,-70.657605,0,MANUAL
134.25,-0.051,-0.051,-2.089,0.0,0.0,65.53,0,-33.467225,-70.657605,0,MANUAL
134.41,-0.051,-0.052,-2.089,0.0,0.0,65.53,0,-33.467225,-70.657605,0,MANUAL
134.64,-0.051,-0.052,-2.089,0.0,0.0,65.53,0,-33.467225,-70.657605,0,MANUAL
134.9,-0.051,-0.052,-2.089,0.0,0.0,65.53,0,-33.467225,-70.657605,0,MANUAL
135.12,-0.051,-0.052,-2.089,0.0,0.0,65.53,0,-33.467225,-70.657605,0,MANUAL
135.33,-0.051,-0.052,-2.089,0.0,0.0,65.53,0,-33.467225,-70.657605,0,MANUAL
135.57,-0.051,-0.052,-2.089,0.0,0.0,65.53,0,-33.467225,-70.657605,0,MANUAL
135.82,-0.051,-0.052,-2.089,0.0,0.0,65.53,0,-33.467225,-70.657605,0,MANUAL
136.05,-0.051,-0.052,-2.089,0.0,0.0,65.53,0,-33.467225,-70.657605,0,MANUAL
136.28,-0.051,-0.052,-2.089,0.0,0.0,65.53,0,-33.467225,-70.657605,0,MANUAL
136.5,-0.051,-0.052,-2.089,0.0,0.0,65.53,0,-33.467225,-70.657605,0,MANUAL
136.91,-0.051,-0.052,-2.089,0.0,0.0,65.53,0,-33.467225,-70.657605,0,MANUAL
136.97,-0.051,-0.052,-2.089,0.0,0.0,65.53,0,-33.467225,-70.657605,0,MANUAL
137.18,-0.051,-0.052,-2.089,0.0,0.0,65.53,0,-33.467225,-70.657605,0,MANUAL
137.42,-0.051,-0.052,-2.089,0.0,0.0,65.53,0,-33.467225,-70.657605,0,MANUAL
137.84,-0.051,-0.052,-2.089,0.0,0.0,65.53,0,-33.467225,-70.657605,0,MANUAL
137.98,-0.051,-0.052,-2.089,0.0,0.0,65.53,0,-33.467225,-70.657605,0,MANUAL
138.22,-0.051,-0.052,-2.089,0.0,0.0,65.53,0,-33.467225,-70.657605,0,MANUAL
138.49,-0.05,-0.051,-2.089,0.0,0.0,65.53,0,-33.467225,-70.657605,0,MANUAL
138.68,-0.05,-0.051,-2.091,0.0,0.0,65.53,0,-33.467225,-70.657605,0,MANUAL
0.19,-0.051,-0.052,-2.087,0.0,0.0,0.0,0,-33.467225,-70.657605,0,DESCONOCIDO
0.44,-0.051,-0.051,-2.087,0.0,0.0,0.0,0,-33.467225,-70.657605,0,DESCONOCIDO
0.7,-0.051,-0.052,-2.087,0.0,0.0,0.0,0,-33.467225,-70.657605,0,DESCONOCIDO
0.9,-0.051,-0.052,-2.087,0.0,0.0,0.0,0,-33.467225,-70.657605,0,MANUAL
1.13,-0.051,-0.052,-2.087,0.0,0.001,0.0,0,-33.467225,-70.657605,0,MANUAL
1.38,-0.051,-0.052,-2.087,0.0,0.001,0.0,0,-33.467225,-70.657605,0,MANUAL
1.58,-0.051,-0.051,-2.087,0.0,0.001,0.0,0,-33.467225,-70.657605,0,MANUAL
1.84,-0.051,-0.052,-2.087,0.0,0.002,0.0,0,-33.467225,-70.657605,0,MANUAL
2.07,-0.051,-0.051,-2.087,0.0,0.002,0.0,0,-33.467225,-70.657605,0,MANUAL
2.27,-0.051,-0.052,-2.087,0.0,0.002,0.0,0,-33.467225,-70.657605,0,MANUAL
2.6,-0.051,-0.051,-2.087,0.352,0.002,5.0,100,-33.467225,-70.657605,0,MANUAL
2.86,-0.051,-0.051,-2.087,0.352,0.003,5.0,100,-33.467225,-70.657605,0,MANUAL
0.24,-0.051,-0.052,-2.088,0.0,0.0,0.0,0,-33.467225,-70.657605,0,DESCONOCIDO
0.47,-0.051,-0.052,-2.087,0.0,0.0,0.0,0,-33.467225,-70.657605,0,DESCONOCIDO
0.73,-0.051,-0.052,-2.087,0.0,0.001,0.0,0,-33.467225,-70.657605,0,DESCONOCIDO
0.96,-0.051,-0.052,-2.088,0.0,0.001,0.0,0,-33.467225,-70.657605,0,MANUAL
1.16,-0.051,-0.052,-2.088,0.0,0.001,0.0,0,-33.467225,-70.657605,0,MANUAL
1.59,-0.051,-0.052,-2.088,0.415,0.001,5.0,100,-33.467225,-70.657605,0,MANUAL
1.62,-0.051,-0.052,-2.088,0.415,0.001,5.0,100,-33.467225,-70.657605,0,MANUAL
1.87,-0.051,-0.052,-2.088,0.415,0.001,5.0,100,-33.467225,-70.657605,0,MANUAL
2.2,-0.051,-0.052,-2.088,0.415,0.001,5.0,100,-33.467225,-70.657605,0,MANUAL
2.48,-0.051,-0.052,-2.088,0.415,0.001,5.0,100,-33.467225,-70.657605,0,MANUAL
0.06,-0.051,-0.052,-2.087,0.0,0.0,0.0,0,-33.467225,-70.657605,0,MANUAL
0.31,-0.051,-0.052,-2.087,0.0,0.001,0.0,0,-33.467225,-70.657605,0,MANUAL
0.54,-0.051,-0.051,-2.087,0.0,0.001,0.0,0,-33.467225,-70.657605,0,MANUAL
0.77,-0.051,-0.052,-2.087,0.0,0.001,0.0,0,-33.467225,-70.657605,0,MANUAL
1.03,-0.051,-0.052,-2.087,0.0,0.001,0.0,0,-33.467225,-70.657605,0,MANUAL
1.23,-0.051,-0.051,-2.087,0.0,0.002,0.0,0,-33.467225,-70.657605,0,MANUAL
1.46,-0.051,-0.052,-2.087,0.0,0.002,0.0,0,-33.467225,-70.657605,0,MANUAL
1.84,-0.051,-0.052,-2.087,0.0,0.002,0.0,0,-33.467225,-70.657605,0,MANUAL
2.04,-0.051,-0.051,-2.087,0.0,0.002,0.0,0,-33.467225,-70.657605,0,MANUAL
2.25,-0.051,-0.052,-2.087,0.0,0.001,0.0,0,-33.467225,-70.657605,0,MANUAL
2.53,-0.051,-0.052,-2.087,0.0,0.001,0.0,0,-33.467225,-70.657605,0,MANUAL
2.73,-0.051,-0.052,-2.087,0.0,0.001,0.0,0,-33.467225,-70.657605,0,MANUAL
2.96,-0.051,-0.052,-2.087,0.0,0.001,0.0,0,-33.467225,-70.657605,0,MANUAL
3.22,-0.051,-0.052,-2.087,0.0,0.001,0.0,0,-33.467225,-70.657605,0,MANUAL
3.42,-0.051,-0.052,-2.087,0.0,0.001,0.0,0,-33.467225,-70.657605,0,MANUAL
3.65,-0.051,-0.052,-2.087,0.359,0.001,5.0,100,-33.467225,-70.657605,0,MANUAL
3.9,-0.051,-0.052,-2.087,0.359,0.0,5.0,100,-33.467225,-70.657605,0,MANUAL
4.11,-0.051,-0.052,-2.087,0.359,0.0,5.0,100,-33.467225,-70.657605,0,MANUAL
4.34,-0.051,-0.052,-2.087,0.359,0.0,5.0,100,-33.467225,-70.657605,0,MANUAL
4.59,-0.051,-0.052,-2.087,0.359,0.0,5.0,100,-33.467225,-70.657605,0,MANUAL
4.82,-0.051,-0.052,-2.087,0.359,0.001,5.0,100,-33.467225,-70.657605,0,MANUAL
5.05,-0.051,-0.052,-2.087,0.359,0.001,5.0,100,-33.467225,-70.657605,0,MANUAL
5.41,-0.051,-0.052,-2.087,0.359,0.001,5.0,100,-33.467225,-70.657605,0,MANUAL
5.53,-0.051,-0.052,-2.087,0.359,0.001,5.0,100,-33.467225,-70.657605,0,MANUAL
5.86,-0.051,-0.052,-2.087,0.359,0.001,5.0,100,-33.467225,-70.657605,0,MANUAL
6.09,-0.051,-0.052,-2.087,0.359,0.001,5.0,100,-33.467225,-70.657605,0,MANUAL
6.31,-0.051,-0.052,-2.087,0.359,0.001,5.0,100,-33.467225,-70.657605,0,MANUAL
6.54,-0.051,-0.052,-2.087,0.359,0.001,5.0,100,-33.467225,-70.657605,0,MANUAL
6.79,-0.051,-0.052,-2.087,0.359,0.001,5.0,100,-33.467225,-70.657605,0,MANUAL
6.99,-0.051,-0.052,-2.087,0.359,0.001,5.0,100,-33.467225,-70.657605,0,MANUAL
7.22,-0.051,-0.052,-2.087,0.358,0.001,5.0,100,-33.467225,-70.657605,0,MANUAL
7.48,-0.051,-0.052,-2.087,0.358,0.0,5.0,100,-33.467225,-70.657605,0,MANUAL
7.69,-0.051,-0.052,-2.087,0.358,0.0,5.0,100,-33.467225,-70.657605,0,MANUAL
7.92,-0.051,-0.052,-2.087,0.358,0.0,5.0,100,-33.467225,-70.657605,0,MANUAL
8.14,-0.051,-0.052,-2.087,0.358,0.0,5.0,100,-33.467225,-70.657605,0,MANUAL
8.38,-0.051,-0.052,-2.087,0.358,0.002,5.0,100,-33.467225,-70.657605,0,MANUAL
8.63,-0.051,-0.052,-2.087,0.358,0.002,5.0,100,-33.467225,-70.657605,0,MANUAL
8.86,-0.051,-0.052,-2.087,0.358,0.002,5.0,100,-33.467225,-70.657605,0,MANUAL
9.12,-0.051,-0.052,-2.087,0.358,0.001,5.0,100,-33.467225,-70.657605,0,MANUAL
9.32,-0.051,-0.052,-2.087,0.358,0.001,5.0,100,-33.467225,-70.657605,0,MANUAL
9.65,-0.051,-0.052,-2.087,0.358,0.001,5.0,100,-33.467225,-70.657605,0,MANUAL
9.91,-0.051,-0.052,-2.087,0.358,0.001,5.0,100,-33.467225,-70.657605,0,MANUAL
10.11,-0.051,-0.052,-2.087,0.358,0.0,5.0,100,-33.467225,-70.657605,0,MANUAL
10.36,-0.051,-0.052,-2.087,0.358,0.0,5.0,100,-33.467225,-70.657605,0,MANUAL
10.57,-0.051,-0.052,-2.087,0.358,0.0,5.0,100,-33.467225,-70.657605,0,MANUAL
10.79,-0.051,-0.052,-2.087,0.365,0.0,5.0,100,-33.467225,-70.657605,0,MANUAL
11.08,-0.051,-0.052,-2.087,0.365,0.003,5.0,100,-33.467225,-70.657605,0,MANUAL
11.28,-0.051,-0.052,-2.087,0.365,0.003,5.0,100,-33.467225,-70.657605,0,MANUAL
11.48,-0.051,-0.052,-2.087,0.365,0.003,5.0,100,-33.467225,-70.657605,0,MANUAL
11.74,-0.051,-0.052,-2.087,0.365,0.003,5.0,100,-33.467225,-70.657605,0,MANUAL
11.99,-0.051,-0.052,-2.087,0.365,0.001,5.0,100,-33.467225,-70.657605,0,MANUAL
12.2,-0.051,-0.052,-2.087,0.365,0.001,5.0,100,-33.467225,-70.657605,0,MANUAL
12.43,-0.051,-0.052,-2.087,0.365,0.001,5.0,100,-33.467225,-70.657605,0,MANUAL
12.66,-0.051,-0.052,-2.087,0.365,0.001,5.0,100,-33.467225,-70.657605,0,MANUAL
12.89,-0.051,-0.052,-2.087,0.365,0.002,5.0,100,-33.467225,-70.657605,0,MANUAL
13.27,-0.047,-0.051,-2.107,0.365,0.002,5.0,100,-33.467225,-70.657605,0,MANUAL
13.47,-0.046,-0.051,-2.139,0.365,0.002,5.0,100,-33.467225,-70.657605,0,MANUAL
13.7,-0.047,-0.05,-2.162,0.365,0.021,5.0,100,-33.467225,-70.657605,0,MANUAL
13.93,-0.047,-0.05,-2.186,0.365,0.021,5.0,100,-33.467225,-70.657605,0,MANUAL
14.16,-0.047,-0.05,-2.2,0.365,0.021,5.0,100,-33.467225,-70.657605,0,MANUAL
14.42,-0.048,-0.05,-2.224,0.359,0.021,5.0,100,-33.467225,-70.657605,0,MANUAL
14.65,-0.047,-0.049,-2.237,0.359,0.023,5.0,100,-33.467225,-70.657605,0,MANUAL
14.85,-0.049,-0.049,-2.239,0.359,0.023,5.0,100,-33.467225,-70.657605,0,MANUAL
15.08,-0.052,-0.05,-2.238,0.359,0.023,5.0,100,-33.467225,-70.657605,0,MANUAL
15.33,-0.055,-0.05,-2.238,0.359,0.023,5.0,100,-33.467225,-70.657605,0,MANUAL
15.54,-0.057,-0.05,-2.232,0.359,0.023,5.0,100,-33.467225,-70.657605,0,MANUAL
15.77,-0.058,-0.051,-2.201,0.359,0.023,5.0,100,-33.467225,-70.657605,0,MANUAL
16.03,-0.057,-0.052,-2.173,0.359,0.023,5.0,100,-33.467225,-70.657605,0,MANUAL
16.23,-0.057,-0.052,-2.139,0.359,0.023,5.0,100,-33.467225,-70.657605,0,MANUAL
16.49,-0.058,-0.052,-2.113,0.359,0.027,5.0,100,-33.467225,-70.657605,0,MANUAL
16.85,-0.058,-0.052,-2.113,0.359,0.027,5.0,100,-33.467225,-70.657605,0,MANUAL
16.95,-0.052,-0.052,-2.116,0.359,0.027,5.0,100,-33.467225,-70.657605,0,MANUAL
17.26,-0.049,-0.052,-2.124,0.359,0.052,5.0,100,-33.467225,-70.657605,0,MANUAL
17.54,-0.048,-0.051,-2.133,0.359,0.052,5.0,100,-33.467225,-70.657605,0,MANUAL
17.74,-0.051,-0.051,-2.167,0.359,0.052,5.0,100,-33.467225,-70.657605,0,MANUAL
17.95,-0.052,-0.05,-2.209,0.3,0.052,5.0,100,-33.467225,-70.657605,0,MANUAL
18.23,-0.05,-0.051,-2.221,0.3,0.065,5.0,100,-33.467225,-70.657605,0,MANUAL
18.43,-0.051,-0.05,-2.223,0.3,0.065,5.0,100,-33.467225,-70.657605,0,MANUAL
18.66,-0.06,-0.05,-2.223,0.3,0.065,5.0,100,-33.467225,-70.657605,0,MANUAL
18.92,-0.063,-0.051,-2.201,0.3,0.065,5.0,100,-33.467225,-70.657605,0,MANUAL
19.12,-0.059,-0.052,-2.147,0.3,0.046,5.0,100,-33.467225,-70.657605,0,MANUAL
19.35,-0.058,-0.051,-2.111,0.3,0.046,5.0,100,-33.467225,-70.657605,0,MANUAL
19.58,-0.057,-0.053,-2.109,0.3,0.046,5.0,100,-33.467225,-70.657605,0,MANUAL
19.84,-0.053,-0.052,-2.116,0.3,0.079,5.0,100,-33.467225,-70.657605,0,MANUAL
20.04,-0.05,-0.051,-2.123,0.3,0.079,5.0,100,-33.467225,-70.657605,0,MANUAL
20.45,-0.051,-0.052,-2.148,0.3,0.079,5.0,100,-33.467225,-70.657605,0,MANUAL
20.63,-0.051,-0.052,-2.176,0.3,0.079,5.0,100,-33.467225,-70.657605,0,MANUAL
20.86,-0.052,-0.051,-2.184,0.3,0.071,5.0,100,-33.467225,-70.657605,0,MANUAL
21.11,-0.052,-0.052,-2.185,0.3,0.071,5.0,100,-33.467225,-70.657605,0,MANUAL
21.31,-0.052,-0.051,-2.188,0.3,0.071,5.0,100,-33.467225,-70.657605,0,MANUAL
21.54,-0.052,-0.051,-2.19,0.236,0.071,5.0,100,-33.467225,-70.657605,0,MANUAL
21.82,-0.052,-0.051,-2.192,0.236,0.086,5.0,100,-33.467225,-70.657605,0,MANUAL
22.03,-0.052,-0.051,-2.195,0.236,0.086,5.0,100,-33.467225,-70.657605,0,MANUAL
22.25,-0.051,-0.051,-2.197,0.236,0.086,5.0,100,-33.467225,-70.657605,0,MANUAL
22.51,-0.052,-0.051,-2.199,0.236,0.086,5.0,100,-33.467225,-70.657605,0,MANUAL
22.71,-0.052,-0.052,-2.201,0.236,0.099,5.0,100,-33.467225,-70.657605,0,MANUAL
22.94,-0.05,-0.051,-2.205,0.236,0.099,5.0,100,-33.467225,-70.657605,0,MANUAL
23.17,-0.05,-0.051,-2.208,0.236,0.099,5.0,100,-33.467225,-70.657605,0,MANUAL
23.4,-0.054,-0.051,-2.226,0.236,0.099,5.0,100,-33.467225,-70.657605,0,MANUAL
23.63,-0.055,-0.05,-2.237,0.236,0.019,5.0,100,-33.467225,-70.657605,0,MANUAL
23.88,-0.06,-0.046,-2.256,0.236,0.019,5.0,100,-33.467225,-70.657605,0,MANUAL
24.11,-0.059,-0.046,-2.26,0.236,0.019,5.0,100,-33.467225,-70.657605,0,MANUAL
24.36,-0.053,-0.05,-2.252,0.236,0.014,5.0,100,-33.467225,-70.657605,0,MANUAL
24.7,-0.061,-0.051,-2.242,0.236,0.014,5.0,100,-33.467225,-70.657605,0,MANUAL
24.88,-0.052,-0.05,-2.235,0.236,0.014,5.0,100,-33.467225,-70.657605,0,MANUAL
25.12,-0.056,-0.049,-2.16,0.306,0.014,5.0,100,-33.467225,-70.657605,0,MANUAL
25.39,-0.056,-0.058,-2.047,0.306,0.169,5.0,100,-33.467225,-70.657605,0,MANUAL
25.57,-0.063,-0.053,-2.063,0.306,0.169,5.0,100,-33.467225,-70.657605,0,MANUAL
25.83,-0.062,-0.053,-2.092,0.306,0.169,5.0,100,-33.467225,-70.657605,0,MANUAL
26.08,-0.059,-0.049,-2.157,0.306,0.169,5.0,100,-33.467225,-70.657605,0,MANUAL
26.29,-0.056,-0.052,-2.171,0.306,0.033,5.0,100,-33.467225,-70.657605,0,MANUAL
26.51,-0.053,-0.052,-2.173,0.306,0.033,5.0,100,-33.467225,-70.657605,0,MANUAL
26.74,-0.052,-0.052,-2.174,0.306,0.033,5.0,100,-33.467225,-70.657605,0,MANUAL
26.97,-0.051,-0.052,-2.173,0.306,0.033,5.0,100,-33.467225,-70.657605,0,MANUAL
27.2,-0.05,-0.051,-2.172,0.306,0.1,5.0,100,-33.467225,-70.657605,0,MANUAL
27.43,-0.055,-0.051,-2.157,0.306,0.1,5.0,100,-33.467225,-70.657605,0,MANUAL
27.79,-0.059,-0.056,-2.123,0.306,0.1,5.0,100,-33.467225,-70.657605,0,MANUAL
27.94,-0.059,-0.052,-2.126,0.306,0.145,5.0,100,-33.467225,-70.657605,0,MANUAL
28.27,-0.063,-0.056,-2.14,0.306,0.145,5.0,100,-33.467225,-70.657605,0,MANUAL
28.48,-0.06,-0.05,-2.186,0.306,0.145,5.0,100,-33.467225,-70.657605,0,MANUAL
28.68,-0.053,-0.051,-2.189,0.26,0.145,5.0,100,-33.467225,-70.657605,0,MANUAL
28.96,-0.055,-0.057,-2.161,0.26,0.441,5.0,100,-33.467225,-70.657605,0,MANUAL
29.15,-0.055,-0.052,-2.141,0.26,0.441,5.0,100,-33.467225,-70.657605,0,MANUAL
29.4,-0.057,-0.054,-2.143,0.26,0.441,5.0,100,-33.467225,-70.657605,0,MANUAL
29.66,-0.056,-0.053,-2.146,0.26,0.441,5.0,100,-33.467225,-70.657605,0,MANUAL
29.86,-0.055,-0.053,-2.149,0.26,0.326,5.0,100,-33.467225,-70.657605,0,MANUAL
30.09,-0.055,-0.053,-2.152,0.26,0.326,5.0,100,-33.467225,-70.657605,0,MANUAL
30.32,-0.055,-0.053,-2.154,0.26,0.326,5.0,100,-33.467225,-70.657605,0,MANUAL
30.55,-0.054,-0.053,-2.157,0.26,0.326,5.0,100,-33.467225,-70.657605,0,MANUAL
30.78,-0.054,-0.053,-2.159,0.26,0.464,5.0,100,-33.467225,-70.657605,0,MANUAL
31.03,-0.054,-0.053,-2.161,0.26,0.464,5.0,100,-33.467225,-70.657605,0,MANUAL
31.23,-0.054,-0.053,-2.163,0.26,0.464,5.0,100,-33.467225,-70.657605,0,MANUAL
31.51,-0.054,-0.053,-2.164,0.26,0.03,5.0,100,-33.467225,-70.657605,0,MANUAL
31.85,-0.054,-0.053,-2.166,0.26,0.03,5.0,100,-33.467225,-70.657605,0,MANUAL
31.98,-0.054,-0.052,-2.168,0.26,0.03,5.0,100,-33.467225,-70.657605,0,MANUAL
32.33,-0.054,-0.052,-2.169,0.337,0.03,5.0,100,-33.467225,-70.657605,0,MANUAL
32.54,-0.053,-0.051,-2.171,0.337,0.02,5.0,100,-33.467225,-70.657605,0,MANUAL
32.74,-0.053,-0.051,-2.173,0.337,0.02,5.0,100,-33.467225,-70.657605,0,MANUAL
32.98,-0.053,-0.051,-2.174,0.337,0.02,5.0,100,-33.467225,-70.657605,0,MANUAL
33.26,-0.053,-0.051,-2.176,0.337,0.02,5.0,100,-33.467225,-70.657605,0,MANUAL
33.44,-0.053,-0.051,-2.177,0.337,0.003,5.0,100,-33.467225,-70.657605,0,MANUAL
33.67,-0.053,-0.051,-2.178,0.337,0.003,5.0,100,-33.467225,-70.657605,0,MANUAL
33.91,-0.053,-0.051,-2.18,0.337,0.003,5.0,100,-33.467225,-70.657605,0,MANUAL
34.13,-0.053,-0.051,-2.181,0.337,0.003,5.0,100,-33.467225,-70.657605,0,MANUAL
34.34,-0.053,-0.051,-2.183,0.337,0.002,5.0,100,-33.467225,-70.657605,0,MANUAL
34.6,-0.053,-0.051,-2.184,0.337,0.002,5.0,100,-33.467225,-70.657605,0,MANUAL
34.83,-0.053,-0.051,-2.185,0.337,0.002,5.0,100,-33.467225,-70.657605,0,MANUAL
35.09,-0.053,-0.051,-2.186,0.337,0.003,5.0,100,-33.467225,-70.657605,0,MANUAL
35.29,-0.053,-0.051,-2.188,0.337,0.003,5.0,100,-33.467225,-70.657605,0,MANUAL
35.62,-0.053,-0.051,-2.189,0.337,0.003,5.0,100,-33.467225,-70.657605,0,MANUAL
35.86,-0.053,-0.051,-2.19,0.374,0.003,5.0,100,-33.467225,-70.657605,0,MANUAL
36.11,-0.053,-0.051,-2.191,0.374,0.001,5.0,100,-33.467225,-70.657605,0,MANUAL
36.32,-0.053,-0.051,-2.192,0.374,0.001,5.0,100,-33.467225,-70.657605,0,MANUAL
36.55,-0.053,-0.051,-2.194,0.374,0.001,5.0,100,-33.467225,-70.657605,0,MANUAL
36.83,-0.053,-0.051,-2.195,0.374,0.001,5.0,100,-33.467225,-70.657605,0,MANUAL
37.03,-0.053,-0.051,-2.196,0.374,0.002,5.0,100,-33.467225,-70.657605,0,MANUAL
37.24,-0.053,-0.051,-2.197,0.374,0.002,5.0,100,-33.467225,-70.657605,0,MANUAL
37.49,-0.053,-0.051,-2.198,0.374,0.002,5.0,100,-33.467225,-70.657605,0,MANUAL
37.7,-0.053,-0.051,-2.199,0.374,0.002,5.0,100,-33.467225,-70.657605,0,MANUAL
37.95,-0.053,-0.051,-2.2,0.374,0.0,5.0,100,-33.467225,-70.657605,0,MANUAL
38.18,-0.053,-0.051,-2.201,0.374,0.0,5.0,100,-33.467225,-70.657605,0,MANUAL
38.41,-0.053,-0.051,-2.202,0.374,0.0,5.0,100,-33.467225,-70.657605,0,MANUAL
38.67,-0.053,-0.051,-2.203,0.374,0.001,5.0,100,-33.467225,-70.657605,0,MANUAL
38.87,-0.053,-0.051,-2.204,0.374,0.001,5.0,100,-33.467225,-70.657605,0,MANUAL
39.1,-0.053,-0.051,-2.205,0.374,0.001,5.0,100,-33.467225,-70.657605,0,MANUAL
39.41,-0.053,-0.051,-2.205,0.384,0.001,5.0,100,-33.467225,-70.657605,0,MANUAL
39.72,-0.052,-0.051,-2.206,0.384,0.01,5.0,100,-33.467225,-70.657605,0,MANUAL
39.91,-0.053,-0.047,-2.212,0.384,0.01,5.0,100,-33.467225,-70.657605,0,MANUAL
40.13,-0.049,-0.035,-2.258,0.384,0.01,5.0,100,-33.467225,-70.657605,0,MANUAL
40.41,-0.061,-0.033,-2.296,0.384,0.01,5.0,100,-33.467225,-70.657605,0,MANUAL
40.59,-0.094,-0.036,-2.258,0.384,0.217,5.0,100,-33.467225,-70.657605,0,MANUAL
40.83,-0.085,-0.064,-2.263,0.384,0.217,5.0,100,-33.467225,-70.657605,0,MANUAL
41.08,-0.076,-0.032,-2.316,0.384,0.217,5.0,100,-33.467225,-70.657605,0,MANUAL
41.29,-0.052,-0.05,-2.323,0.384,0.217,5.0,100,-33.467225,-70.657605,0,MANUAL
41.52,-0.053,0.014,-2.265,0.384,0.247,5.0,100,-33.467225,-70.657605,0,MANUAL
41.77,-0.047,-0.0,-2.219,0.384,0.247,5.0,100,-33.467225,-70.657605,0,MANUAL
42.01,-0.039,-0.0,-2.242,0.384,0.247,5.0,100,-33.467225,-70.657605,0,MANUAL
42.24,-0.04,-0.002,-2.266,0.384,0.032,5.0,100,-33.467225,-70.657605,0,MANUAL
42.44,-0.053,0.011,-2.269,0.384,0.032,5.0,100,-33.467225,-70.657605,0,MANUAL
42.68,-0.048,0.005,-2.262,0.384,0.032,5.0,100,-33.467225,-70.657605,0,MANUAL
43.03,-0.071,0.002,-2.283,0.343,0.032,5.0,100,-33.467225,-70.657605,0,MANUAL
43.29,-0.103,-0.035,-2.304,0.343,0.036,5.0,100,-33.467225,-70.657605,0,MANUAL
43.47,-0.085,-0.05,-2.214,0.343,0.036,5.0,100,-33.467225,-70.657605,0,MANUAL
43.73,-0.062,-0.05,-2.132,0.343,0.036,5.0,100,-33.467225,-70.657605,0,MANUAL
43.96,-0.057,-0.051,-2.112,0.343,0.036,5.0,100,-33.467225,-70.657605,0,MANUAL
44.19,-0.06,-0.05,-2.12,0.343,0.047,5.0,100,-33.467225,-70.657605,0,MANUAL
44.4,-0.049,-0.047,-2.117,0.343,0.047,5.0,100,-33.467225,-70.657605,0,MANUAL
44.68,-0.048,-0.048,-2.116,0.343,0.047,5.0,100,-33.467225,-70.657605,0,MANUAL
44.88,-0.049,-0.047,-2.116,0.343,0.047,5.0,100,-33.467225,-70.657605,0,MANUAL
45.09,-0.049,-0.048,-2.116,0.343,0.017,5.0,100,-33.467225,-70.657605,0,MANUAL
45.34,-0.048,-0.048,-2.115,0.343,0.017,5.0,100,-33.467225,-70.657605,0,MANUAL
45.55,-0.049,-0.048,-2.114,0.343,0.017,5.0,100,-33.467225,-70.657605,0,MANUAL
45.81,-0.048,-0.048,-2.113,0.343,0.038,5.0,100,-33.467225,-70.657605,0,MANUAL
46.04,-0.048,-0.048,-2.112,0.343,0.038,5.0,100,-33.467225,-70.657605,0,MANUAL
46.25,-0.048,-0.048,-2.111,0.343,0.038,5.0,100,-33.467225,-70.657605,0,MANUAL
46.66,-0.048,-0.048,-2.111,0.326,0.038,5.0,100,-33.467225,-70.657605,0,MANUAL
46.71,-0.048,-0.048,-2.11,0.326,0.01,5.0,100,-33.467225,-70.657605,0,MANUAL
46.97,-0.048,-0.048,-2.11,0.326,0.01,5.0,100,-33.467225,-70.657605,0,MANUAL
47.28,-0.048,-0.048,-2.109,0.326,0.01,5.0,100,-33.467225,-70.657605,0,MANUAL
47.57,-0.048,-0.047,-2.109,0.326,0.01,5.0,100,-33.467225,-70.657605,0,MANUAL
47.75,-0.048,-0.047,-2.109,0.326,0.008,5.0,100,-33.467225,-70.657605,0,MANUAL
47.98,-0.048,-0.047,-2.108,0.326,0.008,5.0,100,-33.467225,-70.657605,0,MANUAL
48.22,-0.048,-0.047,-2.108,0.326,0.008,5.0,100,-33.467225,-70.657605,0,MANUAL
48.43,-0.048,-0.047,-2.107,0.326,0.008,5.0,100,-33.467225,-70.657605,0,MANUAL
48.68,-0.048,-0.047,-2.107,0.326,0.001,5.0,100,-33.467225,-70.657605,0,MANUAL
48.89,-0.048,-0.047,-2.106,0.326,0.001,5.0,100,-33.467225,-70.657605,0,MANUAL
49.15,-0.048,-0.049,-2.107,0.326,0.001,5.0,100,-33.467225,-70.657605,0,MANUAL
49.38,-0.048,-0.047,-2.106,0.326,0.008,5.0,100,-33.467225,-70.657605,0,MANUAL
49.58,-0.048,-0.048,-2.106,0.326,0.008,5.0,100,-33.467225,-70.657605,0,MANUAL
49.84,-0.048,-0.047,-2.105,0.326,0.008,5.0,100,-33.467225,-70.657605,0,MANUAL
50.25,-0.048,-0.047,-2.105,0.374,0.008,5.0,100,-33.467225,-70.657605,0,MANUAL
50.45,-0.048,-0.048,-2.104,0.374,0.006,5.0,100,-33.467225,-70.657605,0,MANUAL
50.53,-0.048,-0.047,-2.104,0.374,0.006,5.0,100,-33.467225,-70.657605,0,MANUAL
50.89,-0.048,-0.047,-2.103,0.374,0.006,5.0,100,-33.467225,-70.657605,0,MANUAL
51.12,-0.048,-0.047,-2.103,0.374,0.006,5.0,100,-33.467225,-70.657605,0,MANUAL
51.32,-0.048,-0.047,-2.102,0.374,0.001,5.0,100,-33.467225,-70.657605,0,MANUAL
51.56,-0.048,-0.047,-2.102,0.374,0.001,5.0,100,-33.467225,-70.657605,0,MANUAL
51.84,-0.048,-0.047,-2.102,0.374,0.001,5.0,100,-33.467225,-70.657605,0,MANUAL
52.02,-0.048,-0.047,-2.101,0.374,0.001,5.0,100,-33.467225,-70.657605,0,MANUAL
52.25,-0.048,-0.047,-2.101,0.374,0.001,5.0,100,-33.467225,-70.657605,0,MANUAL
52.48,-0.048,-0.047,-2.101,0.374,0.001,5.0,100,-33.467225,-70.657605,0,MANUAL
52.71,-0.048,-0.047,-2.1,0.374,0.001,5.0,100,-33.467225,-70.657605,0,MANUAL
52.97,-0.048,-0.047,-2.1,0.374,0.004,5.0,100,-33.467225,-70.657605,0,MANUAL
53.2,-0.048,-0.047,-2.1,0.374,0.004,5.0,100,-33.467225,-70.657605,0,MANUAL
53.43,-0.048,-0.047,-2.1,0.374,0.004,5.0,100,-33.467225,-70.657605,0,MANUAL
53.74,-0.048,-0.047,-2.099,0.364,0.004,5.0,100,-33.467225,-70.657605,0,MANUAL
53.89,-0.048,-0.047,-2.099,0.364,0.001,5.0,100,-33.467225,-70.657605,0,MANUAL
54.22,-0.048,-0.047,-2.099,0.364,0.001,5.0,100,-33.467225,-70.657605,0,MANUAL
54.35,-0.048,-0.047,-2.099,0.364,0.001,5.0,100,-33.467225,-70.657605,0,MANUAL
54.71,-0.048,-0.047,-2.098,0.364,0.001,5.0,100,-33.467225,-70.657605,0,MANUAL
54.91,-0.048,-0.047,-2.098,0.364,0.001,5.0,100,-33.467225,-70.657605,0,MANUAL
55.15,-0.048,-0.047,-2.098,0.364,0.001,5.0,100,-33.467225,-70.657605,0,MANUAL
55.41,-0.048,-0.047,-2.098,0.364,0.001,5.0,100,-33.467225,-70.657605,0,MANUAL
55.61,-0.048,-0.047,-2.097,0.364,0.002,5.0,100,-33.467225,-70.657605,0,MANUAL
55.84,-0.048,-0.047,-2.097,0.364,0.002,5.0,100,-33.467225,-70.657605,0,MANUAL
56.1,-0.048,-0.047,-2.097,0.364,0.002,5.0,100,-33.467225,-70.657605,0,MANUAL
56.28,-0.048,-0.047,-2.097,0.364,0.002,5.0,100,-33.467225,-70.657605,0,MANUAL
56.54,-0.048,-0.047,-2.097,0.364,0.001,5.0,100,-33.467225,-70.657605,0,MANUAL
56.74,-0.048,-0.047,-2.097,0.364,0.001,5.0,100,-33.467225,-70.657605,0,MANUAL
57.0,-0.048,-0.047,-2.097,0.364,0.001,5.0,100,-33.467225,-70.657605,0,MANUAL
57.31,-0.048,-0.047,-2.096,0.371,0.001,5.0,100,-33.467225,-70.657605,0,MANUAL
57.47,-0.048,-0.047,-2.096,0.371,0.001,5.0,100,-33.467225,-70.657605,0,MANUAL
57.67,-0.048,-0.047,-2.096,0.371,0.001,5.0,100,-33.467225,-70.657605,0,MANUAL
57.93,-0.048,-0.047,-2.096,0.371,0.001,5.0,100,-33.467225,-70.657605,0,MANUAL
58.34,-0.048,-0.047,-2.096,0.371,0.001,5.0,100,-33.467225,-70.657605,0,MANUAL
58.49,-0.048,-0.047,-2.095,0.371,0.002,5.0,100,-33.467225,-70.657605,0,MANUAL
58.72,-0.048,-0.047,-2.095,0.371,0.002,5.0,100,-33.467225,-70.657605,0,MANUAL
59.0,-0.048,-0.047,-2.095,0.371,0.002,5.0,100,-33.467225,-70.657605,0,MANUAL
59.2,-0.048,-0.047,-2.095,0.371,0.002,5.0,100,-33.467225,-70.657605,0,MANUAL
59.41,-0.048,-0.047,-2.095,0.371,0.001,5.0,100,-33.467225,-70.657605,0,MANUAL
59.63,-0.048,-0.047,-2.095,0.371,0.001,5.0,100,-33.467225,-70.657605,0,MANUAL
59.87,-0.048,-0.047,-2.094,0.371,0.001,5.0,100,-33.467225,-70.657605,0,MANUAL
60.1,-0.048,-0.047,-2.094,0.371,0.002,5.0,100,-33.467225,-70.657605,0,MANUAL
60.35,-0.048,-0.047,-2.094,0.371,0.002,5.0,100,-33.467225,-70.657605,0,MANUAL
60.56,-0.048,-0.047,-2.094,0.371,0.002,5.0,100,-33.467225,-70.657605,0,MANUAL
60.89,-0.048,-0.047,-2.094,0.371,0.002,5.0,100,-33.467225,-70.657605,0,MANUAL
61.07,-0.048,-0.047,-2.094,0.371,0.0,5.0,100,-33.467225,-70.657605,0,MANUAL
61.25,-0.048,-0.047,-2.094,0.371,0.0,5.0,100,-33.467225,-70.657605,0,MANUAL
61.51,-0.048,-0.047,-2.094,0.371,0.0,5.0,100,-33.467225,-70.657605,0,MANUAL
61.89,-0.048,-0.047,-2.094,0.371,0.0,5.0,100,-33.467225,-70.657605,0,MANUAL
62.07,-0.048,-0.047,-2.094,0.371,0.002,5.0,100,-33.467225,-70.657605,0,MANUAL
62.3,-0.048,-0.047,-2.094,0.371,0.002,5.0,100,-33.467225,-70.657605,0,MANUAL
62.56,-0.048,-0.047,-2.093,0.371,0.002,5.0,100,-33.467225,-70.657605,0,MANUAL
62.76,-0.048,-0.047,-2.093,0.371,0.002,5.0,100,-33.467225,-70.657605,0,MANUAL
63.0,-0.048,-0.047,-2.093,0.371,0.002,5.0,100,-33.467225,-70.657605,0,MANUAL
63.25,-0.048,-0.047,-2.093,0.371,0.002,5.0,100,-33.467225,-70.657605,0,MANUAL
63.46,-0.048,-0.047,-2.093,0.371,0.002,5.0,100,-33.467225,-70.657605,0,MANUAL
63.68,-0.048,-0.047,-2.093,0.371,0.001,5.0,100,-33.467225,-70.657605,0,MANUAL
63.94,-0.048,-0.047,-2.093,0.371,0.001,5.0,100,-33.467225,-70.657605,0,MANUAL
64.14,-0.048,-0.047,-2.093,0.371,0.001,5.0,100,-33.467225,-70.657605,0,MANUAL
64.35,-0.048,-0.047,-2.093,0.336,0.001,5.0,100,-33.467225,-70.657605,0,MANUAL
64.63,-0.048,-0.047,-2.093,0.336,0.002,5.0,100,-33.467225,-70.657605,0,MANUAL
64.83,-0.048,-0.047,-2.093,0.336,0.002,5.0,100,-33.467225,-70.657605,0,MANUAL
65.06,-0.048,-0.047,-2.093,0.336,0.002,5.0,100,-33.467225,-70.657605,0,MANUAL
65.29,-0.048,-0.047,-2.093,0.336,0.002,5.0,100,-33.467225,-70.657605,0,MANUAL
65.66,-0.048,-0.047,-2.093,0.336,0.002,5.0,100,-33.467225,-70.657605,0,MANUAL
65.89,-0.048,-0.047,-2.092,0.336,0.002,5.0,100,-33.467225,-70.657605,0,MANUAL
66.24,-0.048,-0.047,-2.092,0.336,0.002,5.0,100,-33.467225,-70.657605,0,MANUAL
66.35,-0.048,-0.048,-2.093,0.336,0.005,5.0,100,-33.467225,-70.657605,0,MANUAL
66.58,-0.049,-0.047,-2.102,0.336,0.005,5.0,100,-33.467225,-70.657605,0,MANUAL
66.83,-0.048,-0.047,-2.101,0.336,0.005,5.0,100,-33.467225,-70.657605,0,MANUAL
67.04,-0.049,-0.047,-2.101,0.336,0.005,5.0,100,-33.467225,-70.657605,0,MANUAL
67.25,-0.048,-0.047,-2.1,0.336,0.002,5.0,100,-33.467225,-70.657605,0,MANUAL
67.53,-0.048,-0.047,-2.1,0.336,0.002,5.0,100,-33.467225,-70.657605,0,MANUAL
67.74,-0.048,-0.047,-2.1,0.336,0.002,5.0,100,-33.467225,-70.657605,0,MANUAL
67.97,-0.048,-0.047,-2.1,0.29,0.002,5.0,100,-33.467225,-70.657605,0,MANUAL
68.2,-0.048,-0.047,-2.1,0.29,0.001,5.0,100,-33.467225,-70.657605,0,MANUAL
68.43,-0.048,-0.047,-2.1,0.29,0.001,5.0,100,-33.467225,-70.657605,0,MANUAL
68.66,-0.048,-0.047,-2.1,0.29,0.001,5.0,100,-33.467225,-70.657605,0,MANUAL
68.89,-0.048,-0.047,-2.1,0.29,0.001,5.0,100,-33.467225,-70.657605,0,MANUAL
69.11,-0.048,-0.047,-2.1,0.29,0.003,5.0,100,-33.467225,-70.657605,0,MANUAL
69.34,-0.048,-0.047,-2.1,0.29,0.003,5.0,100,-33.467225,-70.657605,0,MANUAL
69.7,-0.048,-0.047,-2.1,0.29,0.003,5.0,100,-33.467225,-70.657605,0,MANUAL
69.93,-0.048,-0.047,-2.1,0.29,0.003,5.0,100,-33.467225,-70.657605,0,MANUAL
70.13,-0.048,-0.047,-2.1,0.29,0.003,5.0,100,-33.467225,-70.657605,0,MANUAL
70.42,-0.048,-0.047,-2.101,0.29,0.003,5.0,100,-33.467225,-70.657605,0,MANUAL
70.62,-0.048,-0.047,-2.101,0.29,0.003,5.0,100,-33.467225,-70.657605,0,MANUAL
70.82,-0.048,-0.047,-2.1,0.29,0.002,5.0,100,-33.467225,-70.657605,0,MANUAL
71.11,-0.048,-0.047,-2.1,0.29,0.002,5.0,100,-33.467225,-70.657605,0,MANUAL
71.29,-0.048,-0.047,-2.099,0.29,0.002,5.0,100,-33.467225,-70.657605,0,MANUAL
71.52,-0.048,-0.047,-2.099,0.281,0.002,5.0,100,-33.467225,-70.657605,0,MANUAL
71.77,-0.048,-0.047,-2.099,0.281,0.003,5.0,100,-33.467225,-70.657605,0,MANUAL
72.0,-0.048,-0.047,-2.099,0.281,0.003,5.0,100,-33.467225,-70.657605,0,MANUAL
72.23,-0.047,-0.046,-2.1,0.281,0.003,5.0,100,-33.467225,-70.657605,0,MANUAL
72.46,-0.051,-0.047,-2.102,0.281,0.003,5.0,100,-33.467225,-70.657605,0,MANUAL
72.69,-0.05,-0.045,-2.104,0.281,0.046,5.0,100,-33.467225,-70.657605,0,MANUAL
72.92,-0.044,-0.047,-2.1,0.281,0.046,5.0,100,-33.467225,-70.657605,0,MANUAL
73.15,-0.042,-0.047,-2.106,0.281,0.046,5.0,100,-33.467225,-70.657605,0,MANUAL
73.51,-0.047,-0.048,-2.105,0.281,0.046,5.0,100,-33.467225,-70.657605,0,MANUAL
73.74,-0.046,-0.046,-2.106,0.281,0.013,5.0,100,-33.467225,-70.657605,0,MANUAL
73.99,-0.045,-0.047,-2.106,0.281,0.013,5.0,100,-33.467225,-70.657605,0,MANUAL
74.19,-0.046,-0.046,-2.105,0.281,0.013,5.0,100,-33.467225,-70.657605,0,MANUAL
74.42,-0.045,-0.046,-2.105,0.281,0.01,5.0,100,-33.467225,-70.657605,0,MANUAL
74.68,-0.046,-0.046,-2.105,0.281,0.01,5.0,100,-33.467225,-70.657605,0,MANUAL
74.88,-0.046,-0.046,-2.105,0.281,0.01,5.0,100,-33.467225,-70.657605,0,MANUAL
75.27,-0.046,-0.046,-2.105,0.211,0.01,5.0,100,-33.467225,-70.657605,0,MANUAL
75.37,-0.046,-0.046,-2.105,0.211,0.001,5.0,100,-33.467225,-70.657605,0,MANUAL
75.57,-0.046,-0.046,-2.105,0.211,0.001,5.0,100,-33.467225,-70.657605,0,MANUAL
75.8,-0.046,-0.046,-2.105,0.211,0.001,5.0,100,-33.467225,-70.657605,0,MANUAL
76.06,-0.046,-0.046,-2.105,0.211,0.001,5.0,100,-33.467225,-70.657605,0,MANUAL
76.26,-0.046,-0.046,-2.105,0.211,0.006,5.0,100,-33.467225,-70.657605,0,MANUAL
76.52,-0.045,-0.046,-2.105,0.211,0.006,5.0,100,-33.467225,-70.657605,0,MANUAL
76.75,-0.046,-0.046,-2.105,0.211,0.006,5.0,100,-33.467225,-70.657605,0,MANUAL
76.97,-0.046,-0.046,-2.105,0.211,0.006,5.0,100,-33.467225,-70.657605,0,MANUAL
77.2,-0.046,-0.046,-2.105,0.211,0.005,5.0,100,-33.467225,-70.657605,0,MANUAL
77.54,-0.046,-0.046,-2.106,0.211,0.005,5.0,100,-33.467225,-70.657605,0,MANUAL
77.76,-0.046,-0.046,-2.106,0.211,0.005,5.0,100,-33.467225,-70.657605,0,MANUAL
77.99,-0.046,-0.046,-2.106,0.211,0.004,5.0,100,-33.467225,-70.657605,0,MANUAL
78.27,-0.046,-0.046,-2.106,0.211,0.004,5.0,100,-33.467225,-70.657605,0,MANUAL
78.45,-0.046,-0.046,-2.106,0.211,0.004,5.0,100,-33.467225,-70.657605,0,MANUAL
78.71,-0.046,-0.046,-2.106,0.253,0.004,5.0,100,-33.467225,-70.657605,0,MANUAL
78.93,-0.046,-0.046,-2.106,0.253,0.001,5.0,100,-33.467225,-70.657605,0,MANUAL
79.14,-0.046,-0.046,-2.106,0.253,0.001,5.0,100,-33.467225,-70.657605,0,MANUAL
79.37,-0.046,-0.046,-2.106,0.253,0.001,5.0,100,-33.467225,-70.657605,0,MANUAL
79.62,-0.046,-0.046,-2.106,0.253,0.001,5.0,100,-33.467225,-70.657605,0,MANUAL
79.83,-0.046,-0.046,-2.106,0.253,0.002,5.0,100,-33.467225,-70.657605,0,MANUAL
80.08,-0.046,-0.046,-2.106,0.253,0.002,5.0,100,-33.467225,-70.657605,0,MANUAL
80.29,-0.046,-0.046,-2.106,0.253,0.002,5.0,100,-33.467225,-70.657605,0,MANUAL
80.67,-0.046,-0.046,-2.106,0.253,0.002,5.0,100,-33.467225,-70.657605,0,MANUAL
80.9,-0.046,-0.046,-2.106,0.253,0.001,5.0,100,-33.467225,-70.657605,0,MANUAL
81.15,-0.046,-0.046,-2.106,0.253,0.001,5.0,100,-33.467225,-70.657605,0,MANUAL
81.36,-0.046,-0.046,-2.106,0.253,0.001,5.0,100,-33.467225,-70.657605,0,MANUAL
81.59,-0.046,-0.046,-2.106,0.253,0.001,5.0,100,-33.467225,-70.657605,0,MANUAL
81.82,-0.046,-0.046,-2.106,0.253,0.001,5.0,100,-33.467225,-70.657605,0,MANUAL
82.05,-0.046,-0.046,-2.106,0.253,0.001,5.0,100,-33.467225,-70.657605,0,MANUAL
82.25,-0.046,-0.046,-2.106,0.273,0.001,5.0,100,-33.467225,-70.657605,0,MANUAL
82.53,-0.046,-0.046,-2.106,0.273,0.001,5.0,100,-33.467225,-70.657605,0,MANUAL
82.71,-0.046,-0.046,-2.106,0.273,0.001,5.0,100,-33.467225,-70.657605,0,MANUAL
82.97,-0.046,-0.046,-2.106,0.273,0.001,5.0,100,-33.467225,-70.657605,0,MANUAL
83.22,-0.046,-0.046,-2.106,0.273,0.001,5.0,100,-33.467225,-70.657605,0,MANUAL
83.42,-0.046,-0.046,-2.106,0.273,0.001,5.0,100,-33.467225,-70.657605,0,MANUAL
83.65,-0.046,-0.046,-2.106,0.273,0.001,5.0,100,-33.467225,-70.657605,0,MANUAL
83.88,-0.046,-0.046,-2.106,0.273,0.001,5.0,100,-33.467225,-70.657605,0,MANUAL
84.16,-0.046,-0.046,-2.107,0.273,0.001,5.0,100,-33.467225,-70.657605,0,MANUAL
84.37,-0.046,-0.046,-2.106,0.273,0.001,5.0,100,-33.467225,-70.657605,0,MANUAL
84.72,-0.046,-0.046,-2.107,0.273,0.001,5.0,100,-33.467225,-70.657605,0,MANUAL
84.9,-0.046,-0.046,-2.107,0.273,0.001,5.0,100,-33.467225,-70.657605,0,MANUAL
85.16,-0.046,-0.046,-2.107,0.273,0.002,5.0,100,-33.467225,-70.657605,0,MANUAL
85.41,-0.046,-0.046,-2.107,0.273,0.002,5.0,100,-33.467225,-70.657605,0,MANUAL
85.61,-0.046,-0.046,-2.107,0.273,0.002,5.0,100,-33.467225,-70.657605,0,MANUAL
85.85,-0.046,-0.046,-2.107,0.305,0.002,5.0,100,-33.467225,-70.657605,0,MANUAL
86.1,-0.046,-0.046,-2.107,0.305,0.001,5.0,100,-33.467225,-70.657605,0,MANUAL
86.31,-0.046,-0.046,-2.107,0.305,0.001,5.0,100,-33.467225,-70.657605,0,MANUAL
86.54,-0.046,-0.046,-2.107,0.305,0.001,5.0,100,-33.467225,-70.657605,0,MANUAL
86.79,-0.046,-0.046,-2.107,0.305,0.001,5.0,100,-33.467225,-70.657605,0,MANUAL
87.02,-0.046,-0.046,-2.107,0.305,0.001,5.0,100,-33.467225,-70.657605,0,MANUAL
87.23,-0.046,-0.046,-2.107,0.305,0.001,5.0,100,-33.467225,-70.657605,0,MANUAL
87.48,-0.046,-0.046,-2.107,0.305,0.001,5.0,100,-33.467225,-70.657605,0,MANUAL
87.71,-0.046,-0.046,-2.107,0.305,0.001,5.0,100,-33.467225,-70.657605,0,MANUAL
87.94,-0.046,-0.046,-2.107,0.305,0.001,5.0,100,-33.467225,-70.657605,0,MANUAL
88.32,-0.046,-0.046,-2.107,0.305,0.001,5.0,100,-33.467225,-70.657605,0,MANUAL
88.5,-0.046,-0.046,-2.107,0.305,0.001,5.0,100,-33.467225,-70.657605,0,MANUAL
88.73,-0.046,-0.047,-2.107,0.305,0.001,5.0,100,-33.467225,-70.657605,0,MANUAL
88.99,-0.046,-0.046,-2.107,0.305,0.001,5.0,100,-33.467225,-70.657605,0,MANUAL
89.19,-0.046,-0.046,-2.107,0.305,0.001,5.0,100,-33.467225,-70.657605,0,MANUAL
89.39,-0.046,-0.047,-2.107,0.315,0.001,5.0,100,-33.467225,-70.657605,0,MANUAL
89.7,-0.046,-0.047,-2.107,0.315,0.002,5.0,100,-33.467225,-70.657605,0,MANUAL
89.9,-0.046,-0.046,-2.107,0.315,0.002,5.0,100,-33.467225,-70.657605,0,MANUAL
90.13,-0.046,-0.046,-2.107,0.315,0.002,5.0,100,-33.467225,-70.657605,0,MANUAL
90.38,-0.046,-0.046,-2.107,0.315,0.002,5.0,100,-33.467225,-70.657605,0,MANUAL
90.59,-0.046,-0.046,-2.107,0.315,0.0,5.0,100,-33.467225,-70.657605,0,MANUAL
90.82,-0.046,-0.046,-2.107,0.315,0.0,5.0,100,-33.467225,-70.657605,0,MANUAL
91.06,-0.046,-0.046,-2.107,0.315,0.0,5.0,100,-33.467225,-70.657605,0,MANUAL
91.29,-0.046,-0.046,-2.107,0.315,0.0,5.0,100,-33.467225,-70.657605,0,MANUAL
91.52,-0.046,-0.046,-2.107,0.315,0.001,5.0,100,-33.467225,-70.657605,0,MANUAL
91.75,-0.046,-0.046,-2.107,0.315,0.001,5.0,100,-33.467225,-70.657605,0,MANUAL
91.98,-0.046,-0.046,-2.107,0.315,0.001,5.0,100,-33.467225,-70.657605,0,MANUAL
92.24,-0.046,-0.046,-2.107,0.315,0.001,5.0,100,-33.467225,-70.657605,0,MANUAL
92.58,-0.046,-0.046,-2.107,0.315,0.001,5.0,100,-33.467225,-70.657605,0,MANUAL
92.78,-0.046,-0.046,-2.107,0.315,0.001,5.0,100,-33.467225,-70.657605,0,MANUAL
93.01,-0.046,-0.047,-2.107,0.325,0.001,5.0,100,-33.467225,-70.657605,0,MANUAL
93.28,-0.046,-0.047,-2.107,0.325,0.002,5.0,100,-33.467225,-70.657605,0,MANUAL
93.46,-0.046,-0.047,-2.107,0.325,0.002,5.0,100,-33.467225,-70.657605,0,MANUAL
93.69,-0.046,-0.047,-2.107,0.325,0.002,5.0,100,-33.467225,-70.657605,0,MANUAL
93.98,-0.046,-0.047,-2.107,0.325,0.002,5.0,100,-33.467225,-70.657605,0,MANUAL
94.16,-0.046,-0.047,-2.107,0.325,0.001,5.0,100,-33.467225,-70.657605,0,MANUAL
94.37,-0.046,-0.047,-2.107,0.325,0.001,5.0,100,-33.467225,-70.657605,0,MANUAL
94.63,-0.046,-0.047,-2.107,0.325,0.001,5.0,100,-33.467225,-70.657605,0,MANUAL
94.86,-0.046,-0.047,-2.107,0.325,0.001,5.0,100,-33.467225,-70.657605,0,MANUAL
95.07,-0.046,-0.047,-2.107,0.325,0.001,5.0,100,-33.467225,-70.657605,0,MANUAL
95.33,-0.046,-0.047,-2.107,0.325,0.001,5.0,100,-33.467225,-70.657605,0,MANUAL
95.56,-0.046,-0.047,-2.107,0.325,0.001,5.0,100,-33.467225,-70.657605,0,MANUAL
95.8,-0.046,-0.047,-2.107,0.325,0.001,5.0,100,-33.467225,-70.657605,0,MANUAL
96.13,-0.046,-0.047,-2.107,0.325,0.001,5.0,100,-33.467225,-70.657605,0,MANUAL
96.37,-0.046,-0.047,-2.107,0.325,0.001,5.0,100,-33.467225,-70.657605,0,MANUAL
96.55,-0.046,-0.047,-2.107,0.338,0.001,5.0,100,-33.467225,-70.657605,0,MANUAL
96.86,-0.046,-0.047,-2.107,0.338,0.002,5.0,100,-33.467225,-70.657605,0,MANUAL
97.04,-0.046,-0.046,-2.107,0.338,0.002,5.0,100,-33.467225,-70.657605,0,MANUAL
97.3,-0.046,-0.046,-2.107,0.338,0.002,5.0,100,-33.467225,-70.657605,0,MANUAL
97.53,-0.046,-0.046,-2.107,0.338,0.002,5.0,100,-33.467225,-70.657605,0,MANUAL
97.73,-0.046,-0.046,-2.107,0.338,0.001,5.0,100,-33.467225,-70.657605,0,MANUAL
97.97,-0.046,-0.046,-2.107,0.338,0.001,5.0,100,-33.467225,-70.657605,0,MANUAL
98.22,-0.046,-0.046,-2.107,0.338,0.001,5.0,100,-33.467225,-70.657605,0,MANUAL
98.45,-0.046,-0.046,-2.107,0.338,0.001,5.0,100,-33.467225,-70.657605,0,MANUAL
98.66,-0.047,-0.046,-2.107,0.338,0.001,5.0,100,-33.467225,-70.657605,0,MANUAL
98.91,-0.046,-0.046,-2.107,0.338,0.001,5.0,100,-33.467225,-70.657605,0,MANUAL
99.12,-0.047,-0.046,-2.107,0.338,0.001,5.0,100,-33.467225,-70.657605,0,MANUAL
99.4,-0.046,-0.046,-2.109,0.338,0.002,5.0,100,-33.467225,-70.657605,0,MANUAL
99.74,-0.046,-0.046,-2.105,0.338,0.002,5.0,100,-33.467225,-70.657605,0,MANUAL
99.82,-0.046,-0.046,-2.106,0.338,0.002,5.0,100,-33.467225,-70.657605,0,MANUAL
100.24,-0.047,-0.046,-2.107,0.34,0.002,5.0,100,-33.467225,-70.657605,0,MANUAL
100.42,-0.046,-0.046,-2.106,0.34,0.0,5.0,100,-33.467225,-70.657605,0,MANUAL
100.63,-0.046,-0.046,-2.106,0.34,0.0,5.0,100,-33.467225,-70.657605,0,MANUAL
100.85,-0.046,-0.046,-2.106,0.34,0.0,5.0,100,-33.467225,-70.657605,0,MANUAL
101.13,-0.047,-0.046,-2.106,0.34,0.0,5.0,100,-33.467225,-70.657605,0,MANUAL
101.32,-0.046,-0.046,-2.106,0.34,0.004,5.0,100,-33.467225,-70.657605,0,MANUAL
101.55,-0.046,-0.046,-2.105,0.34,0.004,5.0,100,-33.467225,-70.657605,0,MANUAL
101.78,-0.046,-0.046,-2.106,0.34,0.004,5.0,100,-33.467225,-70.657605,0,MANUAL
102.02,-0.046,-0.046,-2.105,0.34,0.004,5.0,100,-33.467225,-70.657605,0,MANUAL
102.23,-0.046,-0.046,-2.105,0.34,0.001,5.0,100,-33.467225,-70.657605,0,MANUAL
102.48,-0.046,-0.046,-2.106,0.34,0.001,5.0,100,-33.467225,-70.657605,0,MANUAL
102.7,-0.046,-0.046,-2.106,0.34,0.001,5.0,100,-33.467225,-70.657605,0,MANUAL
102.95,-0.046,-0.046,-2.106,0.34,0.001,5.0,100,-33.467225,-70.657605,0,MANUAL
103.32,-0.046,-0.046,-2.105,0.34,0.001,5.0,100,-33.467225,-70.657605,0,MANUAL
103.52,-0.046,-0.046,-2.106,0.34,0.001,5.0,100,-33.467225,-70.657605,0,MANUAL
103.73,-0.046,-0.046,-2.105,0.336,0.001,5.0,100,-33.467225,-70.657605,0,MANUAL
104.01,-0.046,-0.046,-2.106,0.336,0.001,5.0,100,-33.467225,-70.657605,0,MANUAL
104.22,-0.046,-0.046,-2.106,0.336,0.001,5.0,100,-33.467225,-70.657605,0,MANUAL
104.45,-0.047,-0.046,-2.106,0.336,0.001,5.0,100,-33.467225,-70.657605,0,MANUAL
104.73,-0.046,-0.046,-2.106,0.336,0.001,5.0,100,-33.467225,-70.657605,0,MANUAL
104.91,-0.047,-0.046,-2.106,0.336,0.001,5.0,100,-33.467225,-70.657605,0,MANUAL
105.14,-0.046,-0.046,-2.106,0.336,0.001,5.0,100,-33.467225,-70.657605,0,MANUAL
105.4,-0.047,-0.046,-2.106,0.336,0.001,5.0,100,-33.467225,-70.657605,0,MANUAL
105.6,-0.046,-0.046,-2.106,0.336,0.001,5.0,100,-33.467225,-70.657605,0,MANUAL
105.81,-0.047,-0.046,-2.106,0.336,0.001,5.0,100,-33.467225,-70.657605,0,MANUAL
106.09,-0.046,-0.046,-2.106,0.336,0.001,5.0,100,-33.467225,-70.657605,0,MANUAL
106.3,-0.046,-0.046,-2.106,0.336,0.001,5.0,100,-33.467225,-70.657605,0,MANUAL
106.56,-0.046,-0.046,-2.106,0.336,0.002,5.0,100,-33.467225,-70.657605,0,MANUAL
106.76,-0.046,-0.046,-2.106,0.336,0.002,5.0,100,-33.467225,-70.657605,0,MANUAL
107.0,-0.046,-0.046,-2.106,0.336,0.002,5.0,100,-33.467225,-70.657605,0,MANUAL
107.3,-0.047,-0.046,-2.106,0.327,0.002,5.0,100,-33.467225,-70.657605,0,MANUAL
107.59,-0.047,-0.046,-2.106,0.327,0.001,5.0,100,-33.467225,-70.657605,0,MANUAL
107.79,-0.047,-0.046,-2.106,0.327,0.001,5.0,100,-33.467225,-70.657605,0,MANUAL
108.03,-0.047,-0.046,-2.106,0.327,0.001,5.0,100,-33.467225,-70.657605,0,MANUAL
108.28,-0.047,-0.046,-2.106,0.327,0.001,5.0,100,-33.467225,-70.657605,0,MANUAL
108.47,-0.047,-0.046,-2.106,0.327,0.001,5.0,100,-33.467225,-70.657605,0,MANUAL
108.72,-0.047,-0.046,-2.106,0.327,0.001,5.0,100,-33.467225,-70.657605,0,MANUAL
108.93,-0.047,-0.046,-2.106,0.327,0.001,5.0,100,-33.467225,-70.657605,0,MANUAL
109.19,-0.047,-0.046,-2.106,0.327,0.001,5.0,100,-33.467225,-70.657605,0,MANUAL
109.4,-0.048,-0.046,-2.134,0.327,0.002,5.0,100,-33.467225,-70.657605,0,MANUAL
109.65,-0.049,-0.045,-2.14,0.327,0.002,5.0,100,-33.467225,-70.657605,0,MANUAL
109.86,-0.05,-0.046,-2.147,0.327,0.002,5.0,100,-33.467225,-70.657605,0,MANUAL
110.12,-0.049,-0.045,-2.162,0.327,0.05,5.0,100,-33.467225,-70.657605,0,MANUAL
110.34,-0.048,-0.046,-2.16,0.327,0.05,5.0,100,-33.467225,-70.657605,0,MANUAL
110.58,-0.048,-0.045,-2.162,0.327,0.05,5.0,100,-33.467225,-70.657605,0,MANUAL
110.88,-0.048,-0.045,-2.161,0.305,0.05,5.0,100,-33.467225,-70.657605,0,MANUAL
111.14,-0.046,-0.045,-2.16,0.305,0.008,5.0,100,-33.467225,-70.657605,0,MANUAL
111.35,-0.046,-0.045,-2.16,0.305,0.008,5.0,100,-33.467225,-70.657605,0,MANUAL
111.59,-0.046,-0.045,-2.16,0.305,0.008,5.0,100,-33.467225,-70.657605,0,MANUAL
111.88,-0.046,-0.045,-2.159,0.305,0.008,5.0,100,-33.467225,-70.657605,0,MANUAL
112.06,-0.046,-0.045,-2.159,0.305,0.005,5.0,100,-33.467225,-70.657605,0,MANUAL
112.3,-0.046,-0.045,-2.159,0.305,0.005,5.0,100,-33.467225,-70.657605,0,MANUAL
112.53,-0.046,-0.045,-2.159,0.305,0.005,5.0,100,-33.467225,-70.657605,0,MANUAL
112.76,-0.046,-0.045,-2.159,0.305,0.007,5.0,100,-33.467225,-70.657605,0,MANUAL
112.99,-0.046,-0.045,-2.159,0.305,0.007,5.0,100,-33.467225,-70.657605,0,MANUAL
113.22,-0.046,-0.045,-2.159,0.305,0.007,5.0,100,-33.467225,-70.657605,0,MANUAL
113.46,-0.046,-0.045,-2.159,0.305,0.007,5.0,100,-33.467225,-70.657605,0,MANUAL
113.7,-0.046,-0.045,-2.159,0.305,0.004,5.0,100,-33.467225,-70.657605,0,MANUAL
113.91,-0.046,-0.045,-2.158,0.305,0.004,5.0,100,-33.467225,-70.657605,0,MANUAL
114.15,-0.046,-0.045,-2.158,0.305,0.004,5.0,100,-33.467225,-70.657605,0,MANUAL
114.48,-0.046,-0.045,-2.158,0.306,0.004,5.0,100,-33.467225,-70.657605,0,MANUAL
114.75,-0.046,-0.046,-2.158,0.306,0.001,5.0,100,-33.467225,-70.657605,0,MANUAL
114.92,-0.046,-0.046,-2.158,0.306,0.001,5.0,100,-33.467225,-70.657605,0,MANUAL
115.16,-0.046,-0.046,-2.158,0.306,0.001,5.0,100,-33.467225,-70.657605,0,MANUAL
115.47,-0.046,-0.046,-2.158,0.306,0.001,5.0,100,-33.467225,-70.657605,0,MANUAL
115.73,-0.046,-0.046,-2.158,0.306,0.002,5.0,100,-33.467225,-70.657605,0,MANUAL
115.86,-0.046,-0.046,-2.158,0.306,0.002,5.0,100,-33.467225,-70.657605,0,MANUAL
116.11,-0.046,-0.046,-2.158,0.306,0.002,5.0,100,-33.467225,-70.657605,0,MANUAL
116.34,-0.046,-0.046,-2.158,0.306,0.002,5.0,100,-33.467225,-70.657605,0,MANUAL
116.55,-0.046,-0.046,-2.158,0.306,0.001,5.0,100,-33.467225,-70.657605,0,MANUAL
116.8,-0.046,-0.046,-2.158,0.306,0.001,5.0,100,-33.467225,-70.657605,0,MANUAL
117.03,-0.046,-0.046,-2.158,0.306,0.001,5.0,100,-33.467225,-70.657605,0,MANUAL
117.26,-0.046,-0.046,-2.158,0.306,0.003,5.0,100,-33.467225,-70.657605,0,MANUAL
117.49,-0.046,-0.046,-2.158,0.306,0.003,5.0,100,-33.467225,-70.657605,0,MANUAL
117.77,-0.046,-0.046,-2.158,0.306,0.003,5.0,100,-33.467225,-70.657605,0,MANUAL
118.03,-0.046,-0.046,-2.157,0.3,0.003,5.0,100,-33.467225,-70.657605,0,MANUAL
118.16,-0.046,-0.046,-2.157,0.3,0.003,5.0,100,-33.467225,-70.657605,0,MANUAL
118.42,-0.046,-0.046,-2.157,0.3,0.003,5.0,100,-33.467225,-70.657605,0,MANUAL
118.77,-0.046,-0.046,-2.157,0.3,0.003,5.0,100,-33.467225,-70.657605,0,MANUAL
119.05,-0.046,-0.046,-2.157,0.3,0.003,5.0,100,-33.467225,-70.657605,0,MANUAL
119.21,-0.046,-0.046,-2.157,0.3,0.0,5.0,100,-33.467225,-70.657605,0,MANUAL
119.44,-0.046,-0.046,-2.157,0.3,0.0,5.0,100,-33.467225,-70.657605,0,MANUAL
119.69,-0.046,-0.046,-2.157,0.3,0.0,5.0,100,-33.467225,-70.657605,0,MANUAL
120.01,-0.046,-0.046,-2.157,0.3,0.0,5.0,100,-33.467225,-70.657605,0,MANUAL
120.14,-0.046,-0.046,-2.157,0.3,0.002,5.0,100,-33.467225,-70.657605,0,MANUAL
120.81,-0.046,-0.046,-2.157,0.3,0.002,5.0,100,-33.467225,-70.657605,0,MANUAL
120.89,-0.046,-0.046,-2.158,0.3,0.002,5.0,100,-33.467225,-70.657605,0,MANUAL
120.89,-0.046,-0.046,-2.158,0.3,0.016,5.0,100,-33.467225,-70.657605,0,MANUAL
121.1,-0.046,-0.046,-2.158,0.3,0.016,5.0,100,-33.467225,-70.657605,0,MANUAL
121.28,-0.046,-0.046,-2.159,0.3,0.016,5.0,100,-33.467225,-70.657605,0,MANUAL
121.72,-0.046,-0.045,-2.159,0.284,0.016,5.0,100,-33.467225,-70.657605,0,MANUAL
121.74,-0.046,-0.045,-2.159,0.284,0.043,5.0,100,-33.467225,-70.657605,0,MANUAL
122.0,-0.046,-0.046,-2.16,0.284,0.043,5.0,100,-33.467225,-70.657605,0,MANUAL
122.23,-0.046,-0.046,-2.16,0.284,0.043,5.0,100,-33.467225,-70.657605,0,MANUAL
122.6,-0.046,-0.046,-2.161,0.284,0.043,5.0,100,-33.467225,-70.657605,0,MANUAL
122.78,-0.046,-0.046,-2.161,0.284,0.016,5.0,100,-33.467225,-70.657605,0,MANUAL
123.04,-0.046,-0.046,-2.161,0.284,0.016,5.0,100,-33.467225,-70.657605,0,MANUAL
123.29,-0.046,-0.046,-2.161,0.284,0.016,5.0,100,-33.467225,-70.657605,0,MANUAL
123.49,-0.046,-0.046,-2.161,0.284,0.023,5.0,100,-33.467225,-70.657605,0,MANUAL
123.7,-0.046,-0.046,-2.162,0.284,0.023,5.0,100,-33.467225,-70.657605,0,MANUAL
123.96,-0.046,-0.046,-2.162,0.284,0.023,5.0,100,-33.467225,-70.657605,0,MANUAL
124.18,-0.046,-0.046,-2.163,0.284,0.023,5.0,100,-33.467225,-70.657605,0,MANUAL
124.44,-0.046,-0.046,-2.163,0.284,0.038,5.0,100,-33.467225,-70.657605,0,MANUAL
124.65,-0.046,-0.046,-2.163,0.284,0.038,5.0,100,-33.467225,-70.657605,0,MANUAL
124.88,-0.046,-0.046,-2.164,0.284,0.038,5.0,100,-33.467225,-70.657605,0,MANUAL
125.18,-0.046,-0.046,-2.164,0.277,0.038,5.0,100,-33.467225,-70.657605,0,MANUAL
125.36,-0.046,-0.046,-2.165,0.277,0.052,5.0,100,-33.467225,-70.657605,0,MANUAL
125.54,-0.046,-0.046,-2.165,0.277,0.052,5.0,100,-33.467225,-70.657605,0,MANUAL
125.8,-0.046,-0.046,-2.165,0.277,0.052,5.0,100,-33.467225,-70.657605,0,MANUAL
126.21,-0.046,-0.046,-2.166,0.277,0.052,5.0,100,-33.467225,-70.657605,0,MANUAL
126.39,-0.046,-0.046,-2.166,0.277,0.067,5.0,100,-33.467225,-70.657605,0,MANUAL
126.61,-0.046,-0.046,-2.166,0.277,0.067,5.0,100,-33.467225,-70.657605,0,MANUAL
126.87,-0.046,-0.046,-2.166,0.277,0.067,5.0,100,-33.467225,-70.657605,0,MANUAL
127.07,-0.046,-0.046,-2.166,0.277,0.067,5.0,100,-33.467225,-70.657605,0,MANUAL
127.3,-0.046,-0.046,-2.166,0.277,0.081,5.0,100,-33.467225,-70.657605,0,MANUAL
127.56,-0.046,-0.046,-2.167,0.277,0.081,5.0,100,-33.467225,-70.657605,0,MANUAL
127.76,-0.046,-0.046,-2.167,0.277,0.081,5.0,100,-33.467225,-70.657605,0,MANUAL
127.99,-0.046,-0.046,-2.167,0.277,0.094,5.0,100,-33.467225,-70.657605,0,MANUAL
128.24,-0.046,-0.046,-2.167,0.277,0.094,5.0,100,-33.467225,-70.657605,0,MANUAL
128.45,-0.046,-0.046,-2.167,0.277,0.094,5.0,100,-33.467225,-70.657605,0,MANUAL
128.86,-0.045,-0.046,-2.167,0.258,0.094,5.0,100,-33.467225,-70.657605,0,MANUAL
128.94,-0.045,-0.046,-2.167,0.258,0.105,5.0,100,-33.467225,-70.657605,0,MANUAL
129.14,-0.046,-0.046,-2.167,0.258,0.105,5.0,100,-33.467225,-70.657605,0,MANUAL
129.37,-0.045,-0.046,-2.167,0.258,0.105,5.0,100,-33.467225,-70.657605,0,MANUAL
129.78,-0.045,-0.046,-2.167,0.258,0.105,5.0,100,-33.467225,-70.657605,0,MANUAL
129.86,-0.045,-0.046,-2.167,0.258,0.114,5.0,100,-33.467225,-70.657605,0,MANUAL
130.19,-0.045,-0.046,-2.167,0.258,0.114,5.0,100,-33.467225,-70.657605,0,MANUAL
130.45,-0.045,-0.046,-2.167,0.258,0.114,5.0,100,-33.467225,-70.657605,0,MANUAL
130.63,-0.045,-0.046,-2.167,0.258,0.114,5.0,100,-33.467225,-70.657605,0,MANUAL
130.89,-0.045,-0.046,-2.167,0.258,0.123,5.0,100,-33.467225,-70.657605,0,MANUAL
131.14,-0.045,-0.046,-2.167,0.258,0.123,5.0,100,-33.467225,-70.657605,0,MANUAL
131.32,-0.045,-0.046,-2.167,0.258,0.123,5.0,100,-33.467225,-70.657605,0,MANUAL
131.57,-0.045,-0.046,-2.167,0.258,0.129,5.0,100,-33.467225,-70.657605,0,MANUAL
131.83,-0.045,-0.046,-2.167,0.258,0.129,5.0,100,-33.467225,-70.657605,0,MANUAL
132.03,-0.045,-0.046,-2.167,0.258,0.129,5.0,100,-33.467225,-70.657605,0,MANUAL
132.26,-0.045,-0.046,-2.167,0.243,0.129,5.0,100,-33.467225,-70.657605,0,MANUAL
132.49,-0.046,-0.046,-2.167,0.243,0.131,5.0,100,-33.467225,-70.657605,0,MANUAL
132.73,-0.045,-0.046,-2.167,0.243,0.131,5.0,100,-33.467225,-70.657605,0,MANUAL
132.95,-0.045,-0.046,-2.167,0.243,0.131,5.0,100,-33.467225,-70.657605,0,MANUAL
133.18,-0.046,-0.046,-2.167,0.243,0.131,5.0,100,-33.467225,-70.657605,0,MANUAL
133.54,-0.047,-0.048,-2.168,0.243,0.132,5.0,100,-33.467225,-70.657605,0,MANUAL
133.77,-0.047,-0.048,-2.167,0.243,0.132,5.0,100,-33.467225,-70.657605,0,MANUAL
134.0,-0.046,-0.046,-2.167,0.243,0.132,5.0,100,-33.467225,-70.657605,0,MANUAL
134.23,-0.045,-0.046,-2.167,0.243,0.132,5.0,100,-33.467225,-70.657605,0,MANUAL
134.46,-0.045,-0.046,-2.167,0.243,0.131,5.0,100,-33.467225,-70.657605,0,MANUAL
134.71,-0.045,-0.046,-2.167,0.243,0.131,5.0,100,-33.467225,-70.657605,0,MANUAL
134.91,-0.045,-0.046,-2.167,0.243,0.131,5.0,100,-33.467225,-70.657605,0,MANUAL
135.14,-0.045,-0.046,-2.167,0.243,0.128,5.0,100,-33.467225,-70.657605,0,MANUAL
135.37,-0.046,-0.046,-2.167,0.243,0.128,5.0,100,-33.467225,-70.657605,0,MANUAL
135.6,-0.046,-0.046,-2.167,0.243,0.128,5.0,100,-33.467225,-70.657605,0,MANUAL
135.8,-0.045,-0.046,-2.167,0.236,0.128,5.0,100,-33.467225,-70.657605,0,MANUAL
136.09,-0.046,-0.046,-2.168,0.236,0.121,5.0,100,-33.467225,-70.657605,0,MANUAL
136.29,-0.046,-0.046,-2.167,0.236,0.121,5.0,100,-33.467225,-70.657605,0,MANUAL
136.55,-0.045,-0.046,-2.168,0.236,0.121,5.0,100,-33.467225,-70.657605,0,MANUAL
136.78,-0.046,-0.046,-2.168,0.236,0.121,5.0,100,-33.467225,-70.657605,0,MANUAL
137.01,-0.045,-0.046,-2.168,0.236,0.112,5.0,100,-33.467225,-70.657605,0,MANUAL
137.24,-0.045,-0.046,-2.168,0.236,0.112,5.0,100,-33.467225,-70.657605,0,MANUAL
137.59,-0.045,-0.046,-2.168,0.236,0.112,5.0,100,-33.467225,-70.657605,0,MANUAL
137.8,-0.045,-0.046,-2.168,0.236,0.112,5.0,100,-33.467225,-70.657605,0,MANUAL
138.04,-0.046,-0.046,-2.168,0.236,0.1,5.0,100,-33.467225,-70.657605,0,MANUAL
138.29,-0.045,-0.046,-2.168,0.236,0.1,5.0,100,-33.467225,-70.657605,0,MANUAL
138.5,-0.045,-0.046,-2.169,0.236,0.1,5.0,100,-33.467225,-70.657605,0,MANUAL
138.73,-0.045,-0.046,-2.169,0.236,0.078,5.0,100,-33.467225,-70.657605,0,MANUAL
138.98,-0.045,-0.046,-2.169,0.236,0.078,5.0,100,-33.467225,-70.657605,0,MANUAL
139.18,-0.045,-0.046,-2.169,0.236,0.078,5.0,100,-33.467225,-70.657605,0,MANUAL
139.49,-0.045,-0.046,-2.169,0.299,0.078,5.0,100,-33.467225,-70.657605,0,MANUAL
139.64,-0.045,-0.046,-2.169,0.299,0.002,5.0,100,-33.467225,-70.657605,0,MANUAL
139.87,-0.045,-0.046,-2.169,0.299,0.002,5.0,100,-33.467225,-70.657605,0,MANUAL
140.1,-0.046,-0.046,-2.169,0.299,0.002,5.0,100,-33.467225,-70.657605,0,MANUAL
140.35,-0.046,-0.046,-2.169,0.299,0.002,5.0,100,-33.467225,-70.657605,0,MANUAL
140.56,-0.046,-0.047,-2.169,0.299,0.004,5.0,100,-33.467225,-70.657605,0,MANUAL
140.81,-0.046,-0.047,-2.169,0.299,0.004,5.0,100,-33.467225,-70.657605,0,MANUAL
141.15,-0.047,-0.047,-2.168,0.299,0.004,5.0,100,-33.467225,-70.657605,0,MANUAL
141.36,-0.047,-0.047,-2.168,0.299,0.004,5.0,100,-33.467225,-70.657605,0,MANUAL
141.61,-0.047,-0.047,-2.169,0.299,0.003,5.0,100,-33.467225,-70.657605,0,MANUAL
141.86,-0.047,-0.047,-2.169,0.299,0.003,5.0,100,-33.467225,-70.657605,0,MANUAL
142.07,-0.047,-0.047,-2.168,0.299,0.003,5.0,100,-33.467225,-70.657605,0,MANUAL
142.3,-0.047,-0.047,-2.168,0.299,0.002,5.0,100,-33.467225,-70.657605,0,MANUAL
142.56,-0.047,-0.047,-2.168,0.299,0.002,5.0,100,-33.467225,-70.657605,0,MANUAL
142.78,-0.047,-0.047,-2.168,0.299,0.002,5.0,100,-33.467225,-70.657605,0,MANUAL
143.01,-0.047,-0.047,-2.168,0.284,0.002,5.0,100,-33.467225,-70.657605,0,MANUAL
143.24,-0.047,-0.047,-2.168,0.284,0.003,5.0,100,-33.467225,-70.657605,0,MANUAL
143.45,-0.047,-0.047,-2.168,0.284,0.003,5.0,100,-33.467225,-70.657605,0,MANUAL
143.68,-0.047,-0.047,-2.168,0.284,0.003,5.0,100,-33.467225,-70.657605,0,MANUAL
143.93,-0.047,-0.047,-2.168,0.284,0.003,5.0,100,-33.467225,-70.657605,0,MANUAL
144.14,-0.047,-0.047,-2.168,0.284,0.002,5.0,100,-33.467225,-70.657605,0,MANUAL
144.39,-0.047,-0.047,-2.168,0.284,0.002,5.0,100,-33.467225,-70.657605,0,MANUAL
144.75,-0.047,-0.047,-2.168,0.284,0.002,5.0,100,-33.467225,-70.657605,0,MANUAL
144.88,-0.047,-0.047,-2.168,0.284,0.002,5.0,100,-33.467225,-70.657605,0,MANUAL
145.18,-0.047,-0.047,-2.168,0.284,0.002,5.0,100,-33.467225,-70.657605,0,MANUAL
145.46,-0.047,-0.047,-2.168,0.284,0.002,5.0,100,-33.467225,-70.657605,0,MANUAL
145.64,-0.047,-0.047,-2.168,0.284,0.002,5.0,100,-33.467225,-70.657605,0,MANUAL
145.87,-0.047,-0.047,-2.168,0.284,0.001,5.0,100,-33.467225,-70.657605,0,MANUAL
146.12,-0.047,-0.047,-2.168,0.284,0.001,5.0,100,-33.467225,-70.657605,0,MANUAL
146.33,-0.047,-0.048,-2.168,0.284,0.001,5.0,100,-33.467225,-70.657605,0,MANUAL
146.56,-0.047,-0.048,-2.168,0.304,0.001,5.0,100,-33.467225,-70.657605,0,MANUAL
146.81,-0.047,-0.048,-2.168,0.304,0.001,5.0,100,-33.467225,-70.657605,0,MANUAL
147.04,-0.047,-0.048,-2.168,0.304,0.001,5.0,100,-33.467225,-70.657605,0,MANUAL
147.27,-0.047,-0.048,-2.168,0.304,0.001,5.0,100,-33.467225,-70.657605,0,MANUAL
147.52,-0.047,-0.048,-2.168,0.304,0.001,5.0,100,-33.467225,-70.657605,0,MANUAL
147.75,-0.047,-0.048,-2.168,0.304,0.001,5.0,100,-33.467225,-70.657605,0,MANUAL
147.98,-0.047,-0.048,-2.168,0.304,0.001,5.0,100,-33.467225,-70.657605,0,MANUAL
148.18,-0.047,-0.048,-2.168,0.304,0.001,5.0,100,-33.467225,-70.657605,0,MANUAL
148.56,-0.047,-0.048,-2.168,0.304,0.001,5.0,100,-33.467225,-70.657605,0,MANUAL
148.77,-0.047,-0.048,-2.168,0.304,0.001,5.0,100,-33.467225,-70.657605,0,MANUAL
149.05,-0.047,-0.048,-2.168,0.304,0.001,5.0,100,-33.467225,-70.657605,0,MANUAL
149.23,-0.047,-0.048,-2.168,0.304,0.001,5.0,100,-33.467225,-70.657605,0,MANUAL
149.46,-0.047,-0.047,-2.168,0.304,0.002,5.0,100,-33.467225,-70.657605,0,MANUAL
149.71,-0.047,-0.048,-2.168,0.304,0.002,5.0,100,-33.467225,-70.657605,0,MANUAL
149.92,-0.047,-0.048,-2.168,0.304,0.002,5.0,100,-33.467225,-70.657605,0,MANUAL
150.17,-0.047,-0.048,-2.168,0.309,0.002,5.0,100,-33.467225,-70.657605,0,MANUAL
150.41,-0.047,-0.048,-2.168,0.309,0.001,5.0,100,-33.467225,-70.657605,0,MANUAL
150.64,-0.047,-0.048,-2.168,0.309,0.001,5.0,100,-33.467225,-70.657605,0,MANUAL
150.84,-0.047,-0.048,-2.168,0.309,0.001,5.0,100,-33.467225,-70.657605,0,MANUAL
151.09,-0.047,-0.048,-2.168,0.309,0.001,5.0,100,-33.467225,-70.657605,0,MANUAL
151.3,-0.047,-0.048,-2.168,0.309,0.001,5.0,100,-33.467225,-70.657605,0,MANUAL
151.53,-0.047,-0.048,-2.168,0.309,0.001,5.0,100,-33.467225,-70.657605,0,MANUAL
151.79,-0.047,-0.048,-2.168,0.309,0.001,5.0,100,-33.467225,-70.657605,0,MANUAL
152.02,-0.047,-0.048,-2.168,0.309,0.001,5.0,100,-33.467225,-70.657605,0,MANUAL
152.25,-0.047,-0.048,-2.168,0.309,0.001,5.0,100,-33.467225,-70.657605,0,MANUAL
152.61,-0.047,-0.048,-2.168,0.309,0.001,5.0,100,-33.467225,-70.657605,0,MANUAL
152.82,-0.047,-0.048,-2.168,0.309,0.001,5.0,100,-33.467225,-70.657605,0,MANUAL
153.05,-0.047,-0.048,-2.168,0.309,0.002,5.0,100,-33.467225,-70.657605,0,MANUAL
153.3,-0.047,-0.048,-2.168,0.309,0.002,5.0,100,-33.467225,-70.657605,0,MANUAL
153.51,-0.047,-0.048,-2.168,0.309,0.002,5.0,100,-33.467225,-70.657605,0,MANUAL
153.82,-0.047,-0.048,-2.168,0.307,0.002,5.0,100,-33.467225,-70.657605,0,MANUAL
153.97,-0.047,-0.048,-2.169,0.307,0.001,5.0,100,-33.467225,-70.657605,0,MANUAL
154.2,-0.048,-0.048,-2.169,0.307,0.001,5.0,100,-33.467225,-70.657605,0,MANUAL
154.43,-0.048,-0.048,-2.17,0.307,0.001,5.0,100,-33.467225,-70.657605,0,MANUAL
154.68,-0.048,-0.048,-2.17,0.307,0.001,5.0,100,-33.467225,-70.657605,0,MANUAL
154.89,-0.048,-0.048,-2.17,0.307,0.0,5.0,100,-33.467225,-70.657605,0,MANUAL
155.1,-0.048,-0.048,-2.17,0.307,0.0,5.0,100,-33.467225,-70.657605,0,MANUAL
155.36,-0.048,-0.048,-2.17,0.307,0.0,5.0,100,-33.467225,-70.657605,0,MANUAL
155.59,-0.048,-0.048,-2.17,0.307,0.0,5.0,100,-33.467225,-70.657605,0,MANUAL
155.82,-0.048,-0.048,-2.171,0.307,0.002,5.0,100,-33.467225,-70.657605,0,MANUAL
156.05,-0.048,-0.048,-2.172,0.307,0.002,5.0,100,-33.467225,-70.657605,0,MANUAL
156.38,-0.048,-0.048,-2.172,0.307,0.002,5.0,100,-33.467225,-70.657605,0,MANUAL
156.54,-0.048,-0.048,-2.173,0.307,0.002,5.0,100,-33.467225,-70.657605,0,MANUAL
156.87,-0.048,-0.048,-2.173,0.307,0.002,5.0,100,-33.467225,-70.657605,0,MANUAL
157.08,-0.048,-0.048,-2.174,0.307,0.002,5.0,100,-33.467225,-70.657605,0,MANUAL
157.44,-0.048,-0.048,-2.175,0.305,0.002,5.0,100,-33.467225,-70.657605,0,MANUAL
157.59,-0.048,-0.048,-2.175,0.305,0.002,5.0,100,-33.467225,-70.657605,0,MANUAL
157.77,-0.048,-0.048,-2.176,0.305,0.002,5.0,100,-33.467225,-70.657605,0,MANUAL
158.0,-0.048,-0.048,-2.176,0.305,0.002,5.0,100,-33.467225,-70.657605,0,MANUAL
158.26,-0.048,-0.048,-2.177,0.305,0.002,5.0,100,-33.467225,-70.657605,0,MANUAL
158.47,-0.048,-0.048,-2.177,0.305,0.007,5.0,100,-33.467225,-70.657605,0,MANUAL
158.7,-0.048,-0.048,-2.177,0.305,0.007,5.0,100,-33.467225,-70.657605,0,MANUAL
158.95,-0.048,-0.048,-2.177,0.305,0.007,5.0,100,-33.467225,-70.657605,0,MANUAL
159.18,-0.048,-0.048,-2.177,0.305,0.007,5.0,100,-33.467225,-70.657605,0,MANUAL
159.39,-0.048,-0.048,-2.177,0.305,0.013,5.0,100,-33.467225,-70.657605,0,MANUAL
159.65,-0.048,-0.048,-2.177,0.305,0.013,5.0,100,-33.467225,-70.657605,0,MANUAL
159.98,-0.048,-0.048,-2.177,0.305,0.013,5.0,100,-33.467225,-70.657605,0,MANUAL
160.11,-0.048,-0.048,-2.177,0.305,0.02,5.0,100,-33.467225,-70.657605,0,MANUAL
160.47,-0.048,-0.048,-2.177,0.305,0.02,5.0,100,-33.467225,-70.657605,0,MANUAL
160.65,-0.048,-0.048,-2.177,0.305,0.02,5.0,100,-33.467225,-70.657605,0,MANUAL
160.86,-0.048,-0.048,-2.178,0.279,0.02,5.0,100,-33.467225,-70.657605,0,MANUAL
161.14,-0.048,-0.048,-2.177,0.279,0.026,5.0,100,-33.467225,-70.657605,0,MANUAL
161.35,-0.048,-0.048,-2.177,0.279,0.026,5.0,100,-33.467225,-70.657605,0,MANUAL
161.58,-0.048,-0.048,-2.177,0.279,0.026,5.0,100,-33.467225,-70.657605,0,MANUAL
161.84,-0.048,-0.048,-2.177,0.279,0.026,5.0,100,-33.467225,-70.657605,0,MANUAL
162.04,-0.048,-0.049,-2.177,0.279,0.037,5.0,100,-33.467225,-70.657605,0,MANUAL
162.27,-0.048,-0.048,-2.177,0.279,0.037,5.0,100,-33.467225,-70.657605,0,MANUAL
162.5,-0.048,-0.048,-2.178,0.279,0.037,5.0,100,-33.467225,-70.657605,0,MANUAL
162.73,-0.048,-0.048,-2.179,0.279,0.037,5.0,100,-33.467225,-70.657605,0,MANUAL
162.97,-0.048,-0.048,-2.179,0.279,0.047,5.0,100,-33.467225,-70.657605,0,MANUAL
163.22,-0.048,-0.048,-2.179,0.279,0.047,5.0,100,-33.467225,-70.657605,0,MANUAL
163.46,-0.048,-0.048,-2.179,0.279,0.047,5.0,100,-33.467225,-70.657605,0,MANUAL
163.69,-0.048,-0.048,-2.179,0.279,0.003,5.0,100,-33.467225,-70.657605,0,MANUAL
164.05,-0.048,-0.048,-2.179,0.279,0.003,5.0,100,-33.467225,-70.657605,0,MANUAL
164.25,-0.048,-0.048,-2.179,0.279,0.003,5.0,100,-33.467225,-70.657605,0,MANUAL
164.59,-0.048,-0.048,-2.179,0.278,0.003,5.0,100,-33.467225,-70.657605,0,MANUAL
164.74,-0.048,-0.048,-2.179,0.278,0.006,5.0,100,-33.467225,-70.657605,0,MANUAL
164.92,-0.048,-0.048,-2.179,0.278,0.006,5.0,100,-33.467225,-70.657605,0,MANUAL
165.23,-0.048,-0.048,-2.179,0.278,0.006,5.0,100,-33.467225,-70.657605,0,MANUAL
165.43,-0.048,-0.048,-2.179,0.278,0.006,5.0,100,-33.467225,-70.657605,0,MANUAL
165.62,-0.048,-0.048,-2.179,0.278,0.004,5.0,100,-33.467225,-70.657605,0,MANUAL
165.85,-0.048,-0.048,-2.179,0.278,0.004,5.0,100,-33.467225,-70.657605,0,MANUAL
166.11,-0.048,-0.048,-2.179,0.278,0.004,5.0,100,-33.467225,-70.657605,0,MANUAL
166.31,-0.048,-0.048,-2.179,0.278,0.004,5.0,100,-33.467225,-70.657605,0,MANUAL
166.54,-0.048,-0.048,-2.178,0.278,0.0,5.0,100,-33.467225,-70.657605,0,MANUAL
166.77,-0.048,-0.048,-2.178,0.278,0.0,5.0,100,-33.467225,-70.657605,0,MANUAL
167.03,-0.048,-0.048,-2.178,0.278,0.0,5.0,100,-33.467225,-70.657605,0,MANUAL
167.28,-0.048,-0.048,-2.178,0.278,0.002,5.0,100,-33.467225,-70.657605,0,MANUAL
167.62,-0.048,-0.048,-2.178,0.278,0.002,5.0,100,-33.467225,-70.657605,0,MANUAL
167.82,-0.048,-0.048,-2.178,0.278,0.002,5.0,100,-33.467225,-70.657605,0,MANUAL
168.13,-0.048,-0.048,-2.178,0.299,0.002,5.0,100,-33.467225,-70.657605,0,MANUAL
168.31,-0.048,-0.048,-2.178,0.299,0.001,5.0,100,-33.467225,-70.657605,0,MANUAL
168.52,-0.048,-0.048,-2.178,0.299,0.001,5.0,100,-33.467225,-70.657605,0,MANUAL
168.75,-0.048,-0.048,-2.178,0.299,0.001,5.0,100,-33.467225,-70.657605,0,MANUAL
169.03,-0.048,-0.048,-2.178,0.299,0.001,5.0,100,-33.467225,-70.657605,0,MANUAL
169.21,-0.048,-0.048,-2.178,0.299,0.003,5.0,100,-33.467225,-70.657605,0,MANUAL
169.42,-0.048,-0.048,-2.178,0.299,0.003,5.0,100,-33.467225,-70.657605,0,MANUAL
169.67,-0.048,-0.048,-2.178,0.299,0.003,5.0,100,-33.467225,-70.657605,0,MANUAL
169.9,-0.048,-0.048,-2.178,0.299,0.003,5.0,100,-33.467225,-70.657605,0,MANUAL
170.13,-0.048,-0.048,-2.178,0.299,0.002,5.0,100,-33.467225,-70.657605,0,MANUAL
170.33,-0.048,-0.048,-2.178,0.299,0.002,5.0,100,-33.467225,-70.657605,0,MANUAL
170.59,-0.048,-0.048,-2.178,0.299,0.002,5.0,100,-33.467225,-70.657605,0,MANUAL
170.85,-0.048,-0.048,-2.178,0.299,0.002,5.0,100,-33.467225,-70.657605,0,MANUAL
171.18,-0.048,-0.048,-2.178,0.299,0.002,5.0,100,-33.467225,-70.657605,0,MANUAL
171.29,-0.048,-0.048,-2.178,0.299,0.002,5.0,100,-33.467225,-70.657605,0,MANUAL
171.78,-0.048,-0.048,-2.178,0.298,0.002,5.0,100,-33.467225,-70.657605,0,MANUAL
171.86,-0.048,-0.048,-2.178,0.298,0.0,5.0,100,-33.467225,-70.657605,0,MANUAL
172.09,-0.049,-0.048,-2.18,0.298,0.0,5.0,100,-33.467225,-70.657605,0,MANUAL
172.32,-0.05,-0.048,-2.181,0.298,0.0,5.0,100,-33.467225,-70.657605,0,MANUAL
172.55,-0.051,-0.048,-2.181,0.298,0.0,5.0,100,-33.467225,-70.657605,0,MANUAL
172.78,-0.052,-0.048,-2.181,0.298,0.002,5.0,100,-33.467225,-70.657605,0,MANUAL
173.02,-0.051,-0.049,-2.207,0.298,0.002,5.0,100,-33.467225,-70.657605,0,MANUAL
173.27,-0.05,-0.048,-2.222,0.298,0.002,5.0,100,-33.467225,-70.657605,0,MANUAL
173.5,-0.05,-0.048,-2.221,0.298,0.002,5.0,100,-33.467225,-70.657605,0,MANUAL
173.71,-0.049,-0.048,-2.222,0.298,0.007,5.0,100,-33.467225,-70.657605,0,MANUAL
173.96,-0.049,-0.048,-2.222,0.298,0.007,5.0,100,-33.467225,-70.657605,0,MANUAL
174.17,-0.049,-0.048,-2.222,0.298,0.007,5.0,100,-33.467225,-70.657605,0,MANUAL
174.45,-0.049,-0.048,-2.223,0.298,0.015,5.0,100,-33.467225,-70.657605,0,MANUAL
174.63,-0.049,-0.048,-2.223,0.298,0.015,5.0,100,-33.467225,-70.657605,0,MANUAL
174.89,-0.048,-0.047,-2.222,0.298,0.015,5.0,100,-33.467225,-70.657605,0,MANUAL
175.18,-0.048,-0.047,-2.223,0.299,0.015,5.0,100,-33.467225,-70.657605,0,MANUAL
175.46,-0.048,-0.047,-2.224,0.299,0.005,5.0,100,-33.467225,-70.657605,0,MANUAL
175.67,-0.048,-0.047,-2.225,0.299,0.005,5.0,100,-33.467225,-70.657605,0,MANUAL
175.9,-0.048,-0.047,-2.225,0.299,0.005,5.0,100,-33.467225,-70.657605,0,MANUAL
176.18,-0.048,-0.048,-2.225,0.299,0.005,5.0,100,-33.467225,-70.657605,0,MANUAL
176.36,-0.048,-0.048,-2.226,0.299,0.005,5.0,100,-33.467225,-70.657605,0,MANUAL
176.59,-0.049,-0.048,-2.226,0.299,0.005,5.0,100,-33.467225,-70.657605,0,MANUAL
176.84,-0.048,-0.048,-2.227,0.299,0.005,5.0,100,-33.467225,-70.657605,0,MANUAL
177.08,-0.049,-0.048,-2.227,0.299,0.005,5.0,100,-33.467225,-70.657605,0,MANUAL
177.28,-0.048,-0.048,-2.227,0.299,0.001,5.0,100,-33.467225,-70.657605,0,MANUAL
177.51,-0.049,-0.048,-2.228,0.299,0.001,5.0,100,-33.467225,-70.657605,0,MANUAL
177.74,-0.049,-0.048,-2.228,0.299,0.001,5.0,100,-33.467225,-70.657605,0,MANUAL
178.0,-0.049,-0.048,-2.228,0.299,0.0,5.0,100,-33.467225,-70.657605,0,MANUAL
178.2,-0.049,-0.048,-2.229,0.299,0.0,5.0,100,-33.467225,-70.657605,0,MANUAL
178.46,-0.049,-0.048,-2.229,0.299,0.0,5.0,100,-33.467225,-70.657605,0,MANUAL
178.92,-0.049,-0.048,-2.23,0.295,0.0,5.0,100,-33.467225,-70.657605,0,MANUAL
178.92,-0.049,-0.048,-2.23,0.295,0.002,5.0,100,-33.467225,-70.657605,0,MANUAL
179.25,-0.049,-0.048,-2.23,0.295,0.002,5.0,100,-33.467225,-70.657605,0,MANUAL
179.48,-0.049,-0.048,-2.231,0.295,0.002,5.0,100,-33.467225,-70.657605,0,MANUAL
179.75,-0.049,-0.048,-2.231,0.295,0.002,5.0,100,-33.467225,-70.657605,0,MANUAL
179.93,-0.048,-0.048,-2.231,0.295,0.002,5.0,100,-33.467225,-70.657605,0,MANUAL
180.19,-0.049,-0.048,-2.232,0.295,0.002,5.0,100,-33.467225,-70.657605,0,MANUAL
180.39,-0.049,-0.048,-2.232,0.295,0.002,5.0,100,-33.467225,-70.657605,0,MANUAL
180.64,-0.048,-0.048,-2.232,0.295,0.002,5.0,100,-33.467225,-70.657605,0,MANUAL
180.85,-0.048,-0.048,-2.233,0.295,0.003,5.0,100,-33.467225,-70.657605,0,MANUAL
181.1,-0.048,-0.048,-2.233,0.295,0.003,5.0,100,-33.467225,-70.657605,0,MANUAL
181.33,-0.048,-0.048,-2.233,0.295,0.003,5.0,100,-33.467225,-70.657605,0,MANUAL
181.59,-0.048,-0.048,-2.234,0.295,0.002,5.0,100,-33.467225,-70.657605,0,MANUAL
181.79,-0.048,-0.048,-2.234,0.295,0.002,5.0,100,-33.467225,-70.657605,0,MANUAL
182.05,-0.048,-0.048,-2.235,0.295,0.002,5.0,100,-33.467225,-70.657605,0,MANUAL
182.35,-0.048,-0.048,-2.235,0.291,0.002,5.0,100,-33.467225,-70.657605,0,MANUAL
182.61,-0.048,-0.048,-2.235,0.291,0.002,5.0,100,-33.467225,-70.657605,0,MANUAL
182.82,-0.048,-0.048,-2.236,0.291,0.002,5.0,100,-33.467225,-70.657605,0,MANUAL
183.05,-0.048,-0.048,-2.236,0.291,0.002,5.0,100,-33.467225,-70.657605,0,MANUAL
183.33,-0.048,-0.048,-2.236,0.291,0.002,5.0,100,-33.467225,-70.657605,0,MANUAL
183.52,-0.048,-0.048,-2.237,0.291,0.002,5.0,100,-33.467225,-70.657605,0,MANUAL
183.74,-0.048,-0.048,-2.237,0.291,0.002,5.0,100,-33.467225,-70.657605,0,MANUAL
183.97,-0.048,-0.048,-2.237,0.291,0.002,5.0,100,-33.467225,-70.657605,0,MANUAL
184.2,-0.048,-0.048,-2.238,0.291,0.002,5.0,100,-33.467225,-70.657605,0,MANUAL
184.43,-0.048,-0.048,-2.238,0.291,0.001,5.0,100,-33.467225,-70.657605,0,MANUAL
184.69,-0.048,-0.048,-2.238,0.291,0.001,5.0,100,-33.467225,-70.657605,0,MANUAL
184.91,-0.048,-0.048,-2.238,0.291,0.001,5.0,100,-33.467225,-70.657605,0,MANUAL
185.14,-0.048,-0.048,-2.239,0.291,0.001,5.0,100,-33.467225,-70.657605,0,MANUAL
185.37,-0.048,-0.048,-2.239,0.291,0.001,5.0,100,-33.467225,-70.657605,0,MANUAL
185.6,-0.048,-0.048,-2.239,0.291,0.001,5.0,100,-33.467225,-70.657605,0,MANUAL
186.11,-0.048,-0.048,-2.24,0.296,0.001,5.0,100,-33.467225,-70.657605,0,MANUAL
186.11,-0.049,-0.048,-2.24,0.296,0.002,5.0,100,-33.467225,-70.657605,0,MANUAL
186.29,-0.048,-0.048,-2.24,0.296,0.002,5.0,100,-33.467225,-70.657605,0,MANUAL
186.65,-0.049,-0.048,-2.241,0.296,0.002,5.0,100,-33.467225,-70.657605,0,MANUAL
186.9,-0.048,-0.048,-2.241,0.296,0.002,5.0,100,-33.467225,-70.657605,0,MANUAL
187.08,-0.048,-0.048,-2.241,0.296,0.002,5.0,100,-33.467225,-70.657605,0,MANUAL
187.34,-0.048,-0.048,-2.242,0.296,0.002,5.0,100,-33.467225,-70.657605,0,MANUAL
187.59,-0.048,-0.048,-2.242,0.296,0.002,5.0,100,-33.467225,-70.657605,0,MANUAL
187.82,-0.048,-0.048,-2.242,0.296,0.002,5.0,100,-33.467225,-70.657605,0,MANUAL
188.03,-0.048,-0.048,-2.242,0.296,0.001,5.0,100,-33.467225,-70.657605,0,MANUAL
188.28,-0.048,-0.048,-2.243,0.296,0.001,5.0,100,-33.467225,-70.657605,0,MANUAL
188.49,-0.048,-0.048,-2.243,0.296,0.001,5.0,100,-33.467225,-70.657605,0,MANUAL
188.74,-0.048,-0.048,-2.243,0.296,0.002,5.0,100,-33.467225,-70.657605,0,MANUAL
188.97,-0.048,-0.048,-2.243,0.296,0.002,5.0,100,-33.467225,-70.657605,0,MANUAL
189.17,-0.048,-0.048,-2.244,0.296,0.002,5.0,100,-33.467225,-70.657605,0,MANUAL
189.5,-0.048,-0.048,-2.244,0.296,0.002,5.0,100,-33.467225,-70.657605,0,MANUAL
189.63,-0.048,-0.048,-2.244,0.296,0.003,5.0,100,-33.467225,-70.657605,0,MANUAL
189.86,-0.048,-0.048,-2.245,0.296,0.003,5.0,100,-33.467225,-70.657605,0,MANUAL
190.1,-0.048,-0.048,-2.245,0.296,0.003,5.0,100,-33.467225,-70.657605,0,MANUAL
190.5,-0.048,-0.048,-2.245,0.296,0.003,5.0,100,-33.467225,-70.657605,0,MANUAL
190.68,-0.048,-0.048,-2.245,0.296,0.001,5.0,100,-33.467225,-70.657605,0,MANUAL
190.91,-0.048,-0.048,-2.246,0.296,0.001,5.0,100,-33.467225,-70.657605,0,MANUAL
191.16,-0.048,-0.048,-2.246,0.296,0.001,5.0,100,-33.467225,-70.657605,0,MANUAL
191.37,-0.048,-0.048,-2.246,0.296,0.001,5.0,100,-33.467225,-70.657605,0,MANUAL
191.6,-0.048,-0.048,-2.247,0.296,0.001,5.0,100,-33.467225,-70.657605,0,MANUAL
191.85,-0.048,-0.048,-2.247,0.296,0.001,5.0,100,-33.467225,-70.657605,0,MANUAL
192.05,-0.048,-0.048,-2.247,0.296,0.001,5.0,100,-33.467225,-70.657605,0,MANUAL
192.31,-0.048,-0.048,-2.248,0.296,0.002,5.0,100,-33.467225,-70.657605,0,MANUAL
192.54,-0.048,-0.048,-2.248,0.296,0.002,5.0,100,-33.467225,-70.657605,0,MANUAL
192.75,-0.048,-0.048,-2.248,0.296,0.002,5.0,100,-33.467225,-70.657605,0,MANUAL
193.08,-0.048,-0.048,-2.248,0.272,0.002,5.0,100,-33.467225,-70.657605,0,MANUAL
193.23,-0.048,-0.048,-2.249,0.272,0.001,5.0,100,-33.467225,-70.657605,0,MANUAL
193.44,-0.048,-0.048,-2.249,0.272,0.001,5.0,100,-33.467225,-70.657605,0,MANUAL
193.79,-0.048,-0.048,-2.249,0.272,0.001,5.0,100,-33.467225,-70.657605,0,MANUAL
194.07,-0.048,-0.048,-2.249,0.272,0.001,5.0,100,-33.467225,-70.657605,0,MANUAL
194.18,-0.048,-0.048,-2.25,0.272,0.002,5.0,100,-33.467225,-70.657605,0,MANUAL
194.51,-0.048,-0.048,-2.25,0.272,0.002,5.0,100,-33.467225,-70.657605,0,MANUAL
194.74,-0.048,-0.048,-2.25,0.272,0.002,5.0,100,-33.467225,-70.657605,0,MANUAL
194.97,-0.048,-0.048,-2.25,0.272,0.002,5.0,100,-33.467225,-70.657605,0,MANUAL
195.17,-0.048,-0.048,-2.251,0.272,0.002,5.0,100,-33.467225,-70.657605,0,MANUAL
195.4,-0.048,-0.048,-2.251,0.272,0.002,5.0,100,-33.467225,-70.657605,0,MANUAL
195.65,-0.048,-0.048,-2.251,0.272,0.002,5.0,100,-33.467225,-70.657605,0,MANUAL
195.91,-0.048,-0.048,-2.251,0.272,0.002,5.0,100,-33.467225,-70.657605,0,MANUAL
196.11,-0.048,-0.048,-2.252,0.272,0.002,5.0,100,-33.467225,-70.657605,0,MANUAL
196.34,-0.048,-0.047,-2.252,0.272,0.002,5.0,100,-33.467225,-70.657605,0,MANUAL
196.57,-0.048,-0.047,-2.252,0.262,0.002,5.0,100,-33.467225,-70.657605,0,MANUAL
196.8,-0.048,-0.047,-2.252,0.262,0.002,5.0,100,-33.467225,-70.657605,0,MANUAL
197.03,-0.048,-0.047,-2.253,0.262,0.002,5.0,100,-33.467225,-70.657605,0,MANUAL
197.28,-0.048,-0.047,-2.253,0.262,0.002,5.0,100,-33.467225,-70.657605,0,MANUAL
197.67,-0.048,-0.047,-2.253,0.262,0.002,5.0,100,-33.467225,-70.657605,0,MANUAL
197.83,-0.048,-0.047,-2.253,0.262,0.001,5.0,100,-33.467225,-70.657605,0,MANUAL
197.98,-0.048,-0.048,-2.254,0.262,0.001,5.0,100,-33.467225,-70.657605,0,MANUAL
198.34,-0.048,-0.048,-2.254,0.262,0.001,5.0,100,-33.467225,-70.657605,0,MANUAL
198.52,-0.048,-0.048,-2.254,0.262,0.001,5.0,100,-33.467225,-70.657605,0,MANUAL
198.77,-0.048,-0.048,-2.254,0.262,0.001,5.0,100,-33.467225,-70.657605,0,MANUAL
199.03,-0.048,-0.048,-2.255,0.262,0.001,5.0,100,-33.467225,-70.657605,0,MANUAL
199.21,-0.048,-0.047,-2.255,0.262,0.001,5.0,100,-33.467225,-70.657605,0,MANUAL
199.46,-0.048,-0.047,-2.255,0.262,0.002,5.0,100,-33.467225,-70.657605,0,MANUAL
199.67,-0.048,-0.047,-2.255,0.262,0.002,5.0,100,-33.467225,-70.657605,0,MANUAL
199.92,-0.048,-0.047,-2.256,0.262,0.002,5.0,100,-33.467225,-70.657605,0,MANUAL
200.3,-0.048,-0.047,-2.256,0.246,0.002,5.0,100,-33.467225,-70.657605,0,MANUAL
200.38,-0.048,-0.047,-2.256,0.246,0.001,5.0,100,-33.467225,-70.657605,0,MANUAL
200.61,-0.048,-0.047,-2.256,0.246,0.001,5.0,100,-33.467225,-70.657605,0,MANUAL
200.86,-0.048,-0.047,-2.257,0.246,0.001,5.0,100,-33.467225,-70.657605,0,MANUAL
201.07,-0.048,-0.047,-2.257,0.246,0.001,5.0,100,-33.467225,-70.657605,0,MANUAL
201.32,-0.048,-0.047,-2.257,0.246,0.001,5.0,100,-33.467225,-70.657605,0,MANUAL
201.66,-0.048,-0.047,-2.257,0.246,0.001,5.0,100,-33.467225,-70.657605,0,MANUAL
201.88,-0.048,-0.047,-2.257,0.246,0.001,5.0,100,-33.467225,-70.657605,0,MANUAL
202.11,-0.048,-0.047,-2.258,0.246,0.001,5.0,100,-33.467225,-70.657605,0,MANUAL
202.4,-0.048,-0.048,-2.258,0.246,0.002,5.0,100,-33.467225,-70.657605,0,MANUAL
202.6,-0.048,-0.047,-2.258,0.246,0.002,5.0,100,-33.467225,-70.657605,0,MANUAL
202.81,-0.048,-0.047,-2.259,0.246,0.002,5.0,100,-33.467225,-70.657605,0,MANUAL
203.04,-0.048,-0.047,-2.26,0.246,0.0,5.0,100,-33.467225,-70.657605,0,MANUAL
203.27,-0.048,-0.047,-2.26,0.246,0.0,5.0,100,-33.467225,-70.657605,0,MANUAL
203.48,-0.048,-0.047,-2.261,0.246,0.0,5.0,100,-33.467225,-70.657605,0,MANUAL
203.79,-0.048,-0.047,-2.262,0.236,0.0,5.0,100,-33.467225,-70.657605,0,MANUAL
203.99,-0.048,-0.047,-2.263,0.236,0.001,5.0,100,-33.467225,-70.657605,0,MANUAL
204.19,-0.048,-0.047,-2.264,0.236,0.001,5.0,100,-33.467225,-70.657605,0,MANUAL
204.4,-0.048,-0.047,-2.265,0.236,0.001,5.0,100,-33.467225,-70.657605,0,MANUAL
204.66,-0.048,-0.047,-2.265,0.236,0.001,5.0,100,-33.467225,-70.657605,0,MANUAL
204.89,-0.048,-0.047,-2.266,0.236,0.002,5.0,100,-33.467225,-70.657605,0,MANUAL
205.12,-0.048,-0.047,-2.267,0.236,0.002,5.0,100,-33.467225,-70.657605,0,MANUAL
205.43,-0.048,-0.047,-2.268,0.236,0.002,5.0,100,-33.467225,-70.657605,0,MANUAL
205.69,-0.048,-0.047,-2.268,0.236,0.002,5.0,100,-33.467225,-70.657605,0,MANUAL
205.92,-0.048,-0.047,-2.268,0.236,0.002,5.0,100,-33.467225,-70.657605,0,MANUAL
206.17,-0.048,-0.047,-2.269,0.236,0.002,5.0,100,-33.467225,-70.657605,0,MANUAL
206.37,-0.048,-0.047,-2.269,0.236,0.002,5.0,100,-33.467225,-70.657605,0,MANUAL
206.61,-0.048,-0.047,-2.269,0.236,0.002,5.0,100,-33.467225,-70.657605,0,MANUAL
206.84,-0.048,-0.047,-2.27,0.236,0.002,5.0,100,-33.467225,-70.657605,0,MANUAL
207.07,-0.048,-0.047,-2.27,0.236,0.002,5.0,100,-33.467225,-70.657605,0,MANUAL
207.27,-0.048,-0.047,-2.27,0.236,0.002,5.0,100,-33.467225,-70.657605,0,MANUAL
207.55,-0.048,-0.047,-2.27,0.236,0.001,5.0,100,-33.467225,-70.657605,0,MANUAL
207.76,-0.048,-0.047,-2.271,0.236,0.001,5.0,100,-33.467225,-70.657605,0,MANUAL
207.99,-0.048,-0.047,-2.271,0.236,0.001,5.0,100,-33.467225,-70.657605,0,MANUAL
208.22,-0.048,-0.047,-2.271,0.236,0.001,5.0,100,-33.467225,-70.657605,0,MANUAL
208.48,-0.048,-0.047,-2.271,0.236,0.001,5.0,100,-33.467225,-70.657605,0,MANUAL
208.7,-0.048,-0.047,-2.272,0.236,0.001,5.0,100,-33.467225,-70.657605,0,MANUAL
209.06,-0.048,-0.047,-2.272,0.236,0.001,5.0,100,-33.467225,-70.657605,0,MANUAL
209.34,-0.048,-0.047,-2.272,0.236,0.001,5.0,100,-33.467225,-70.657605,0,MANUAL
209.49,-0.048,-0.047,-2.272,0.236,0.001,5.0,100,-33.467225,-70.657605,0,MANUAL
209.75,-0.048,-0.047,-2.273,0.236,0.001,5.0,100,-33.467225,-70.657605,0,MANUAL
209.99,-0.048,-0.047,-2.273,0.236,0.001,5.0,100,-33.467225,-70.657605,0,MANUAL
210.19,-0.048,-0.047,-2.273,0.236,0.001,5.0,100,-33.467225,-70.657605,0,MANUAL
210.45,-0.048,-0.047,-2.274,0.236,0.001,5.0,100,-33.467225,-70.657605,0,MANUAL
210.66,-0.048,-0.047,-2.274,0.236,0.001,5.0,100,-33.467225,-70.657605,0,MANUAL
210.88,-0.048,-0.047,-2.274,0.229,0.001,5.0,100,-33.467225,-70.657605,0,MANUAL
211.14,-0.048,-0.047,-2.274,0.229,0.001,5.0,100,-33.467225,-70.657605,0,MANUAL
211.37,-0.048,-0.047,-2.275,0.229,0.001,5.0,100,-33.467225,-70.657605,0,MANUAL
211.58,-0.048,-0.047,-2.275,0.229,0.001,5.0,100,-33.467225,-70.657605,0,MANUAL
211.81,-0.048,-0.047,-2.275,0.229,0.001,5.0,100,-33.467225,-70.657605,0,MANUAL
212.02,-0.048,-0.047,-2.276,0.229,0.002,5.0,100,-33.467225,-70.657605,0,MANUAL
212.29,-0.048,-0.047,-2.276,0.229,0.002,5.0,100,-33.467225,-70.657605,0,MANUAL
212.5,-0.048,-0.047,-2.276,0.229,0.002,5.0,100,-33.467225,-70.657605,0,MANUAL
212.76,-0.048,-0.047,-2.276,0.229,0.002,5.0,100,-33.467225,-70.657605,0,MANUAL
212.98,-0.048,-0.047,-2.277,0.229,0.001,5.0,100,-33.467225,-70.657605,0,MANUAL
213.33,-0.048,-0.047,-2.277,0.229,0.001,5.0,100,-33.467225,-70.657605,0,MANUAL
213.53,-0.048,-0.047,-2.277,0.229,0.001,5.0,100,-33.467225,-70.657605,0,MANUAL
213.77,-0.048,-0.047,-2.277,0.229,0.001,5.0,100,-33.467225,-70.657605,0,MANUAL
214.02,-0.048,-0.047,-2.278,0.229,0.001,5.0,100,-33.467225,-70.657605,0,MANUAL
214.24,-0.048,-0.047,-2.278,0.229,0.001,5.0,100,-33.467225,-70.657605,0,MANUAL
214.53,-0.048,-0.047,-2.278,0.217,0.001,5.0,100,-33.467225,-70.657605,0,MANUAL
214.71,-0.048,-0.047,-2.279,0.217,0.001,5.0,100,-33.467225,-70.657605,0,MANUAL
214.91,-0.048,-0.047,-2.279,0.217,0.001,5.0,100,-33.467225,-70.657605,0,MANUAL
215.14,-0.048,-0.047,-2.279,0.217,0.001,5.0,100,-33.467225,-70.657605,0,MANUAL
215.39,-0.048,-0.047,-2.279,0.217,0.001,5.0,100,-33.467225,-70.657605,0,MANUAL
215.62,-0.048,-0.047,-2.28,0.217,0.001,5.0,100,-33.467225,-70.657605,0,MANUAL
215.83,-0.048,-0.047,-2.28,0.217,0.001,5.0,100,-33.467225,-70.657605,0,MANUAL
216.25,-0.048,-0.047,-2.28,0.217,0.001,5.0,100,-33.467225,-70.657605,0,MANUAL
216.33,-0.048,-0.047,-2.28,0.217,0.001,5.0,100,-33.467225,-70.657605,0,MANUAL
216.66,-0.048,-0.047,-2.281,0.217,0.001,5.0,100,-33.467225,-70.657605,0,MANUAL
216.89,-0.048,-0.047,-2.281,0.217,0.001,5.0,100,-33.467225,-70.657605,0,MANUAL
217.1,-0.048,-0.047,-2.281,0.217,0.001,5.0,100,-33.467225,-70.657605,0,MANUAL
217.34,-0.048,-0.047,-2.281,0.217,0.001,5.0,100,-33.467225,-70.657605,0,MANUAL
217.6,-0.048,-0.047,-2.281,0.217,0.001,5.0,100,-33.467225,-70.657605,0,MANUAL
217.81,-0.048,-0.047,-2.282,0.217,0.001,5.0,100,-33.467225,-70.657605,0,MANUAL
218.02,-0.048,-0.047,-2.282,0.228,0.001,5.0,100,-33.467225,-70.657605,0,MANUAL
218.3,-0.048,-0.047,-2.282,0.228,0.002,5.0,100,-33.467225,-70.657605,0,MANUAL
218.5,-0.048,-0.047,-2.282,0.228,0.002,5.0,100,-33.467225,-70.657605,0,MANUAL
218.75,-0.048,-0.047,-2.283,0.228,0.002,5.0,100,-33.467225,-70.657605,0,MANUAL
219.01,-0.048,-0.047,-2.283,0.228,0.002,5.0,100,-33.467225,-70.657605,0,MANUAL
219.19,-0.048,-0.047,-2.283,0.228,0.0,5.0,100,-33.467225,-70.657605,0,MANUAL
219.45,-0.048,-0.047,-2.283,0.228,0.0,5.0,100,-33.467225,-70.657605,0,MANUAL
219.66,-0.048,-0.047,-2.284,0.228,0.0,5.0,100,-33.467225,-70.657605,0,MANUAL
219.91,-0.048,-0.047,-2.284,0.228,0.0,5.0,100,-33.467225,-70.657605,0,MANUAL
220.14,-0.048,-0.047,-2.284,0.228,0.001,5.0,100,-33.467225,-70.657605,0,MANUAL
220.51,-0.048,-0.047,-2.284,0.228,0.001,5.0,100,-33.467225,-70.657605,0,MANUAL
220.69,-0.048,-0.047,-2.285,0.228,0.001,5.0,100,-33.467225,-70.657605,0,MANUAL
220.92,-0.048,-0.047,-2.285,0.228,0.001,5.0,100,-33.467225,-70.657605,0,MANUAL
221.2,-0.048,-0.047,-2.285,0.228,0.001,5.0,100,-33.467225,-70.657605,0,MANUAL
221.38,-0.048,-0.047,-2.285,0.228,0.001,5.0,100,-33.467225,-70.657605,0,MANUAL
221.7,-0.048,-0.047,-2.286,0.225,0.001,5.0,100,-33.467225,-70.657605,0,MANUAL
221.88,-0.048,-0.047,-2.286,0.225,0.001,5.0,100,-33.467225,-70.657605,0,MANUAL
222.06,-0.048,-0.047,-2.286,0.225,0.001,5.0,100,-33.467225,-70.657605,0,MANUAL
222.32,-0.048,-0.047,-2.286,0.225,0.001,5.0,100,-33.467225,-70.657605,0,MANUAL
222.55,-0.048,-0.047,-2.287,0.225,0.001,5.0,100,-33.467225,-70.657605,0,MANUAL
222.79,-0.048,-0.047,-2.287,0.225,0.002,5.0,100,-33.467225,-70.657605,0,MANUAL
223.02,-0.048,-0.047,-2.287,0.225,0.002,5.0,100,-33.467225,-70.657605,0,MANUAL
223.23,-0.048,-0.047,-2.287,0.225,0.002,5.0,100,-33.467225,-70.657605,0,MANUAL
223.46,-0.048,-0.047,-2.287,0.225,0.002,5.0,100,-33.467225,-70.657605,0,MANUAL
223.69,-0.048,-0.047,-2.288,0.225,0.0,5.0,100,-33.467225,-70.657605,0,MANUAL
224.08,-0.048,-0.047,-2.288,0.225,0.0,5.0,100,-33.467225,-70.657605,0,MANUAL
224.16,-0.048,-0.047,-2.288,0.225,0.0,5.0,100,-33.467225,-70.657605,0,MANUAL
224.51,-0.048,-0.047,-2.288,0.225,0.002,5.0,100,-33.467225,-70.657605,0,MANUAL
224.74,-0.048,-0.047,-2.289,0.225,0.002,5.0,100,-33.467225,-70.657605,0,MANUAL
224.97,-0.048,-0.047,-2.289,0.225,0.002,5.0,100,-33.467225,-70.657605,0,MANUAL
225.18,-0.048,-0.047,-2.289,0.225,0.002,5.0,100,-33.467225,-70.657605,0,MANUAL
225.46,-0.048,-0.047,-2.289,0.225,0.002,5.0,100,-33.467225,-70.657605,0,MANUAL
225.67,-0.048,-0.047,-2.289,0.225,0.002,5.0,100,-33.467225,-70.657605,0,MANUAL
225.87,-0.048,-0.047,-2.29,0.225,0.002,5.0,100,-33.467225,-70.657605,0,MANUAL
226.13,-0.048,-0.047,-2.29,0.225,0.002,5.0,100,-33.467225,-70.657605,0,MANUAL
226.35,-0.048,-0.047,-2.29,0.225,0.002,5.0,100,-33.467225,-70.657605,0,MANUAL
226.58,-0.048,-0.047,-2.29,0.225,0.002,5.0,100,-33.467225,-70.657605,0,MANUAL
226.84,-0.047,-0.047,-2.291,0.225,0.002,5.0,100,-33.467225,-70.657605,0,MANUAL
227.07,-0.047,-0.047,-2.291,0.225,0.002,5.0,100,-33.467225,-70.657605,0,MANUAL
227.29,-0.047,-0.047,-2.291,0.225,0.0,5.0,100,-33.467225,-70.657605,0,MANUAL
227.63,-0.047,-0.047,-2.291,0.225,0.0,5.0,100,-33.467225,-70.657605,0,MANUAL
227.86,-0.047,-0.047,-2.292,0.225,0.0,5.0,100,-33.467225,-70.657605,0,MANUAL
228.01,-0.047,-0.047,-2.292,0.225,0.001,5.0,100,-33.467225,-70.657605,0,MANUAL
228.32,-0.047,-0.047,-2.292,0.225,0.001,5.0,100,-33.467225,-70.657605,0,MANUAL
228.53,-0.047,-0.047,-2.292,0.225,0.001,5.0,100,-33.467225,-70.657605,0,MANUAL
228.86,-0.047,-0.047,-2.292,0.227,0.001,5.0,100,-33.467225,-70.657605,0,MANUAL
229.01,-0.047,-0.047,-2.293,0.227,0.001,5.0,100,-33.467225,-70.657605,0,MANUAL
229.24,-0.047,-0.047,-2.293,0.227,0.001,5.0,100,-33.467225,-70.657605,0,MANUAL
229.45,-0.047,-0.047,-2.293,0.227,0.001,5.0,100,-33.467225,-70.657605,0,MANUAL
229.71,-0.047,-0.047,-2.293,0.227,0.001,5.0,100,-33.467225,-70.657605,0,MANUAL
229.94,-0.047,-0.047,-2.293,0.227,0.001,5.0,100,-33.467225,-70.657605,0,MANUAL
230.15,-0.047,-0.047,-2.294,0.227,0.001,5.0,100,-33.467225,-70.657605,0,MANUAL
230.4,-0.047,-0.047,-2.294,0.227,0.001,5.0,100,-33.467225,-70.657605,0,MANUAL
230.62,-0.047,-0.047,-2.294,0.227,0.001,5.0,100,-33.467225,-70.657605,0,MANUAL
230.85,-0.048,-0.047,-2.294,0.227,0.001,5.0,100,-33.467225,-70.657605,0,MANUAL
231.11,-0.047,-0.047,-2.294,0.227,0.001,5.0,100,-33.467225,-70.657605,0,MANUAL
231.31,-0.047,-0.047,-2.295,0.227,0.001,5.0,100,-33.467225,-70.657605,0,MANUAL
231.57,-0.047,-0.047,-2.295,0.227,0.001,5.0,100,-33.467225,-70.657605,0,MANUAL
231.92,-0.047,-0.047,-2.295,0.227,0.001,5.0,100,-33.467225,-70.657605,0,MANUAL
232.13,-0.047,-0.047,-2.295,0.227,0.001,5.0,100,-33.467225,-70.657605,0,MANUAL
232.33,-0.047,-0.047,-2.295,0.235,0.001,5.0,100,-33.467225,-70.657605,0,MANUAL
232.61,-0.047,-0.047,-2.296,0.235,0.001,5.0,100,-33.467225,-70.657605,0,MANUAL
232.82,-0.047,-0.047,-2.296,0.235,0.001,5.0,100,-33.467225,-70.657605,0,MANUAL
233.07,-0.047,-0.047,-2.296,0.235,0.001,5.0,100,-33.467225,-70.657605,0,MANUAL
233.31,-0.047,-0.047,-2.296,0.235,0.001,5.0,100,-33.467225,-70.657605,0,MANUAL
233.51,-0.047,-0.047,-2.296,0.235,0.002,5.0,100,-33.467225,-70.657605,0,MANUAL
233.74,-0.048,-0.047,-2.297,0.235,0.002,5.0,100,-33.467225,-70.657605,0,MANUAL
233.97,-0.048,-0.047,-2.297,0.235,0.002,5.0,100,-33.467225,-70.657605,0,MANUAL
234.2,-0.048,-0.047,-2.297,0.235,0.002,5.0,100,-33.467225,-70.657605,0,MANUAL
234.44,-0.048,-0.047,-2.297,0.235,0.001,5.0,100,-33.467225,-70.657605,0,MANUAL
234.67,-0.048,-0.047,-2.297,0.235,0.001,5.0,100,-33.467225,-70.657605,0,MANUAL
234.9,-0.048,-0.047,-2.298,0.235,0.001,5.0,100,-33.467225,-70.657605,0,MANUAL
235.16,-0.047,-0.047,-2.298,0.235,0.003,5.0,100,-33.467225,-70.657605,0,MANUAL
235.52,-0.047,-0.047,-2.298,0.235,0.003,5.0,100,-33.467225,-70.657605,0,MANUAL
235.7,-0.047,-0.047,-2.298,0.235,0.003,5.0,100,-33.467225,-70.657605,0,MANUAL
236.03,-0.047,-0.047,-2.298,0.23,0.003,5.0,100,-33.467225,-70.657605,0,MANUAL
236.18,-0.047,-0.047,-2.299,0.23,0.001,5.0,100,-33.467225,-70.657605,0,MANUAL
236.38,-0.047,-0.047,-2.299,0.23,0.001,5.0,100,-33.467225,-70.657605,0,MANUAL
236.64,-0.047,-0.047,-2.299,0.23,0.001,5.0,100,-33.467225,-70.657605,0,MANUAL
236.89,-0.047,-0.047,-2.299,0.23,0.001,5.0,100,-33.467225,-70.657605,0,MANUAL
237.07,-0.047,-0.047,-2.299,0.23,0.002,5.0,100,-33.467225,-70.657605,0,MANUAL
237.3,-0.047,-0.047,-2.299,0.23,0.002,5.0,100,-33.467225,-70.657605,0,MANUAL
237.56,-0.047,-0.047,-2.3,0.23,0.002,5.0,100,-33.467225,-70.657605,0,MANUAL
237.79,-0.048,-0.047,-2.3,0.23,0.002,5.0,100,-33.467225,-70.657605,0,MANUAL
238.02,-0.048,-0.047,-2.3,0.23,0.001,5.0,100,-33.467225,-70.657605,0,MANUAL
238.25,-0.048,-0.047,-2.3,0.23,0.001,5.0,100,-33.467225,-70.657605,0,MANUAL
238.45,-0.048,-0.047,-2.3,0.23,0.001,5.0,100,-33.467225,-70.657605,0,MANUAL
238.73,-0.048,-0.047,-2.301,0.23,0.002,5.0,100,-33.467225,-70.657605,0,MANUAL
239.09,-0.047,-0.047,-2.301,0.23,0.002,5.0,100,-33.467225,-70.657605,0,MANUAL
239.28,-0.048,-0.047,-2.301,0.23,0.002,5.0,100,-33.467225,-70.657605,0,MANUAL
239.48,-0.048,-0.047,-2.301,0.23,0.002,5.0,100,-33.467225,-70.657605,0,MANUAL
239.79,-0.048,-0.047,-2.301,0.23,0.001,5.0,100,-33.467225,-70.657605,0,MANUAL
239.99,-0.048,-0.047,-2.302,0.23,0.001,5.0,100,-33.467225,-70.657605,0,MANUAL
240.2,-0.048,-0.047,-2.302,0.23,0.001,5.0,100,-33.467225,-70.657605,0,MANUAL
240.46,-0.048,-0.047,-2.302,0.23,0.001,5.0,100,-33.467225,-70.657605,0,MANUAL
240.66,-0.048,-0.047,-2.302,0.23,0.002,5.0,100,-33.467225,-70.657605,0,MANUAL
240.9,-0.047,-0.047,-2.302,0.23,0.002,5.0,100,-33.467225,-70.657605,0,MANUAL
241.15,-0.048,-0.047,-2.302,0.23,0.002,5.0,100,-33.467225,-70.657605,0,MANUAL
241.37,-0.047,-0.047,-2.303,0.23,0.002,5.0,100,-33.467225,-70.657605,0,MANUAL
241.6,-0.048,-0.047,-2.303,0.23,0.001,5.0,100,-33.467225,-70.657605,0,MANUAL
241.83,-0.048,-0.047,-2.303,0.23,0.001,5.0,100,-33.467225,-70.657605,0,MANUAL
242.06,-0.047,-0.047,-2.303,0.23,0.001,5.0,100,-33.467225,-70.657605,0,MANUAL
242.3,-0.047,-0.047,-2.303,0.23,0.001,5.0,100,-33.467225,-70.657605,0,MANUAL
242.5,-0.047,-0.047,-2.303,0.23,0.001,5.0,100,-33.467225,-70.657605,0,MANUAL
242.76,-0.048,-0.047,-2.304,0.23,0.001,5.0,100,-33.467225,-70.657605,0,MANUAL
243.19,-0.047,-0.047,-2.304,0.222,0.001,5.0,100,-33.467225,-70.657605,0,MANUAL
243.32,-0.047,-0.047,-2.304,0.222,0.001,5.0,100,-33.467225,-70.657605,0,MANUAL
243.55,-0.047,-0.047,-2.304,0.222,0.001,5.0,100,-33.467225,-70.657605,0,MANUAL
243.77,-0.047,-0.047,-2.304,0.222,0.001,5.0,100,-33.467225,-70.657605,0,MANUAL
244.08,-0.047,-0.047,-2.304,0.222,0.001,5.0,100,-33.467225,-70.657605,0,MANUAL
244.23,-0.048,-0.047,-2.304,0.222,0.001,5.0,100,-33.467225,-70.657605,0,MANUAL
244.49,-0.047,-0.047,-2.305,0.222,0.001,5.0,100,-33.467225,-70.657605,0,MANUAL
244.69,-0.047,-0.047,-2.305,0.222,0.001,5.0,100,-33.467225,-70.657605,0,MANUAL
244.95,-0.047,-0.047,-2.305,0.222,0.001,5.0,100,-33.467225,-70.657605,0,MANUAL
245.17,-0.047,-0.047,-2.305,0.222,0.001,5.0,100,-33.467225,-70.657605,0,MANUAL
245.4,-0.048,-0.047,-2.305,0.222,0.001,5.0,100,-33.467225,-70.657605,0,MANUAL
245.63,-0.047,-0.047,-2.305,0.222,0.001,5.0,100,-33.467225,-70.657605,0,MANUAL
245.89,-0.048,-0.047,-2.306,0.222,0.001,5.0,100,-33.467225,-70.657605,0,MANUAL
246.12,-0.047,-0.047,-2.306,0.222,0.001,5.0,100,-33.467225,-70.657605,0,MANUAL
246.35,-0.047,-0.047,-2.306,0.222,0.001,5.0,100,-33.467225,-70.657605,0,MANUAL
246.66,-0.047,-0.047,-2.306,0.219,0.001,5.0,100,-33.467225,-70.657605,0,MANUAL
246.94,-0.047,-0.047,-2.306,0.219,0.001,5.0,100,-33.467225,-70.657605,0,MANUAL
247.14,-0.047,-0.047,-2.306,0.219,0.001,5.0,100,-33.467225,-70.657605,0,MANUAL
247.37,-0.047,-0.047,-2.307,0.219,0.001,5.0,100,-33.467225,-70.657605,0,MANUAL
247.65,-0.047,-0.047,-2.307,0.219,0.001,5.0,100,-33.467225,-70.657605,0,MANUAL
247.83,-0.047,-0.047,-2.307,0.219,0.001,5.0,100,-33.467225,-70.657605,0,MANUAL
248.07,-0.047,-0.047,-2.307,0.219,0.001,5.0,100,-33.467225,-70.657605,0,MANUAL
248.32,-0.047,-0.047,-2.307,0.219,0.001,5.0,100,-33.467225,-70.657605,0,MANUAL
248.52,-0.047,-0.046,-2.308,0.219,0.001,5.0,100,-33.467225,-70.657605,0,MANUAL
248.75,-0.047,-0.047,-2.308,0.219,0.002,5.0,100,-33.467225,-70.657605,0,MANUAL
248.98,-0.047,-0.046,-2.308,0.219,0.002,5.0,100,-33.467225,-70.657605,0,MANUAL
249.19,-0.047,-0.047,-2.308,0.219,0.002,5.0,100,-33.467225,-70.657605,0,MANUAL
249.47,-0.048,-0.046,-2.308,0.219,0.001,5.0,100,-33.467225,-70.657605,0,MANUAL
249.67,-0.048,-0.046,-2.308,0.219,0.001,5.0,100,-33.467225,-70.657605,0,MANUAL
249.93,-0.047,-0.046,-2.308,0.219,0.001,5.0,100,-33.467225,-70.657605,0,MANUAL
250.34,-0.047,-0.046,-2.309,0.214,0.001,5.0,100,-33.467225,-70.657605,0,MANUAL
250.52,-0.047,-0.046,-2.309,0.214,0.002,5.0,100,-33.467225,-70.657605,0,MANUAL
250.69,-0.047,-0.046,-2.309,0.214,0.002,5.0,100,-33.467225,-70.657605,0,MANUAL
250.95,-0.047,-0.046,-2.309,0.214,0.002,5.0,100,-33.467225,-70.657605,0,MANUAL
251.23,-0.047,-0.046,-2.309,0.214,0.002,5.0,100,-33.467225,-70.657605,0,MANUAL
251.41,-0.047,-0.046,-2.309,0.214,0.002,5.0,100,-33.467225,-70.657605,0,MANUAL
251.64,-0.047,-0.046,-2.31,0.214,0.002,5.0,100,-33.467225,-70.657605,0,MANUAL
251.89,-0.047,-0.046,-2.31,0.214,0.002,5.0,100,-33.467225,-70.657605,0,MANUAL
252.1,-0.047,-0.046,-2.31,0.214,0.002,5.0,100,-33.467225,-70.657605,0,MANUAL
252.3,-0.047,-0.046,-2.31,0.214,0.002,5.0,100,-33.467225,-70.657605,0,MANUAL
252.56,-0.047,-0.046,-2.31,0.214,0.002,5.0,100,-33.467225,-70.657605,0,MANUAL
252.79,-0.047,-0.047,-2.31,0.214,0.002,5.0,100,-33.467225,-70.657605,0,MANUAL
253.04,-0.047,-0.046,-2.31,0.214,0.001,5.0,100,-33.467225,-70.657605,0,MANUAL
253.27,-0.047,-0.046,-2.31,0.214,0.001,5.0,100,-33.467225,-70.657605,0,MANUAL
253.48,-0.047,-0.046,-2.311,0.214,0.001,5.0,100,-33.467225,-70.657605,0,MANUAL
253.81,-0.047,-0.047,-2.311,0.219,0.001,5.0,100,-33.467225,-70.657605,0,MANUAL
254.11,-0.047,-0.047,-2.311,0.219,0.001,5.0,100,-33.467225,-70.657605,0,MANUAL
254.19,-0.047,-0.047,-2.311,0.219,0.001,5.0,100,-33.467225,-70.657605,0,MANUAL
254.5,-0.047,-0.046,-2.311,0.219,0.001,5.0,100,-33.467225,-70.657605,0,MANUAL
254.78,-0.047,-0.046,-2.311,0.219,0.001,5.0,100,-33.467225,-70.657605,0,MANUAL
254.98,-0.047,-0.046,-2.311,0.219,0.0,5.0,100,-33.467225,-70.657605,0,MANUAL
255.21,-0.047,-0.046,-2.312,0.219,0.0,5.0,100,-33.467225,-70.657605,0,MANUAL
255.48,-0.047,-0.047,-2.312,0.219,0.0,5.0,100,-33.467225,-70.657605,0,MANUAL
255.68,-0.047,-0.047,-2.312,0.219,0.0,5.0,100,-33.467225,-70.657605,0,MANUAL
255.91,-0.047,-0.047,-2.312,0.219,0.001,5.0,100,-33.467225,-70.657605,0,MANUAL
256.14,-0.047,-0.047,-2.312,0.219,0.001,5.0,100,-33.467225,-70.657605,0,MANUAL
256.37,-0.047,-0.047,-2.312,0.219,0.001,5.0,100,-33.467225,-70.657605,0,MANUAL
256.63,-0.047,-0.047,-2.313,0.219,0.001,5.0,100,-33.467225,-70.657605,0,MANUAL
256.83,-0.047,-0.047,-2.313,0.219,0.001,5.0,100,-33.467225,-70.657605,0,MANUAL
257.06,-0.047,-0.047,-2.313,0.219,0.001,5.0,100,-33.467225,-70.657605,0,MANUAL
257.47,-0.047,-0.047,-2.313,0.214,0.001,5.0,100,-33.467225,-70.657605,0,MANUAL
257.53,-0.047,-0.047,-2.313,0.214,0.001,5.0,100,-33.467225,-70.657605,0,MANUAL
257.78,-0.047,-0.047,-2.313,0.214,0.001,5.0,100,-33.467225,-70.657605,0,MANUAL
257.99,-0.047,-0.047,-2.313,0.214,0.001,5.0,100,-33.467225,-70.657605,0,MANUAL
258.39,-0.047,-0.047,-2.314,0.214,0.001,5.0,100,-33.467225,-70.657605,0,MANUAL
258.55,-0.047,-0.047,-2.314,0.214,0.002,5.0,100,-33.467225,-70.657605,0,MANUAL
258.79,-0.047,-0.047,-2.314,0.214,0.002,5.0,100,-33.467225,-70.657605,0,MANUAL
259.07,-0.047,-0.047,-2.314,0.214,0.002,5.0,100,-33.467225,-70.657605,0,MANUAL
259.27,-0.047,-0.046,-2.314,0.214,0.002,5.0,100,-33.467225,-70.657605,0,MANUAL
259.48,-0.047,-0.046,-2.314,0.214,0.001,5.0,100,-33.467225,-70.657605,0,MANUAL
259.73,-0.047,-0.047,-2.314,0.214,0.001,5.0,100,-33.467225,-70.657605,0,MANUAL
259.96,-0.047,-0.046,-2.314,0.214,0.001,5.0,100,-33.467225,-70.657605,0,MANUAL
260.21,-0.047,-0.046,-2.315,0.214,0.001,5.0,100,-33.467225,-70.657605,0,MANUAL
260.41,-0.047,-0.046,-2.315,0.214,0.001,5.0,100,-33.467225,-70.657605,0,MANUAL
260.64,-0.047,-0.046,-2.315,0.214,0.001,5.0,100,-33.467225,-70.657605,0,MANUAL
260.95,-0.047,-0.046,-2.315,0.214,0.001,5.0,100,-33.467225,-70.657605,0,MANUAL
261.1,-0.047,-0.046,-2.315,0.214,0.001,5.0,100,-33.467225,-70.657605,0,MANUAL
261.33,-0.047,-0.046,-2.315,0.214,0.001,5.0,100,-33.467225,-70.657605,0,MANUAL
261.56,-0.047,-0.046,-2.315,0.214,0.001,5.0,100,-33.467225,-70.657605,0,MANUAL
261.94,-0.047,-0.046,-2.316,0.214,0.001,5.0,100,-33.467225,-70.657605,0,MANUAL
262.07,-0.047,-0.046,-2.316,0.214,0.003,5.0,100,-33.467225,-70.657605,0,MANUAL
262.38,-0.047,-0.046,-2.316,0.214,0.003,5.0,100,-33.467225,-70.657605,0,MANUAL
262.63,-0.047,-0.046,-2.316,0.214,0.003,5.0,100,-33.467225,-70.657605,0,MANUAL
262.84,-0.047,-0.046,-2.316,0.214,0.003,5.0,100,-33.467225,-70.657605,0,MANUAL
263.07,-0.047,-0.046,-2.316,0.214,0.002,5.0,100,-33.467225,-70.657605,0,MANUAL
263.28,-0.047,-0.046,-2.316,0.214,0.002,5.0,100,-33.467225,-70.657605,0,MANUAL
263.54,-0.047,-0.046,-2.316,0.214,0.002,5.0,100,-33.467225,-70.657605,0,MANUAL
263.77,-0.047,-0.046,-2.317,0.214,0.002,5.0,100,-33.467225,-70.657605,0,MANUAL
264.02,-0.047,-0.046,-2.317,0.214,0.002,5.0,100,-33.467225,-70.657605,0,MANUAL
264.23,-0.047,-0.046,-2.317,0.214,0.002,5.0,100,-33.467225,-70.657605,0,MANUAL
264.63,-0.047,-0.046,-2.317,0.211,0.002,5.0,100,-33.467225,-70.657605,0,MANUAL
264.68,-0.047,-0.046,-2.317,0.211,0.001,5.0,100,-33.467225,-70.657605,0,MANUAL
264.91,-0.047,-0.046,-2.317,0.211,0.001,5.0,100,-33.467225,-70.657605,0,MANUAL
265.14,-0.047,-0.046,-2.317,0.211,0.001,5.0,100,-33.467225,-70.657605,0,MANUAL
265.55,-0.047,-0.046,-2.318,0.211,0.001,5.0,100,-33.467225,-70.657605,0,MANUAL
265.71,-0.047,-0.046,-2.318,0.211,0.003,5.0,100,-33.467225,-70.657605,0,MANUAL
265.94,-0.047,-0.046,-2.318,0.211,0.003,5.0,100,-33.467225,-70.657605,0,MANUAL
266.22,-0.047,-0.046,-2.318,0.211,0.003,5.0,100,-33.467225,-70.657605,0,MANUAL
266.4,-0.047,-0.046,-2.318,0.211,0.003,5.0,100,-33.467225,-70.657605,0,MANUAL
266.62,-0.047,-0.046,-2.318,0.211,0.002,5.0,100,-33.467225,-70.657605,0,MANUAL
266.88,-0.047,-0.046,-2.318,0.211,0.002,5.0,100,-33.467225,-70.657605,0,MANUAL
267.11,-0.047,-0.046,-2.318,0.211,0.002,5.0,100,-33.467225,-70.657605,0,MANUAL
267.34,-0.047,-0.046,-2.319,0.211,0.002,5.0,100,-33.467225,-70.657605,0,MANUAL
267.56,-0.047,-0.046,-2.319,0.211,0.002,5.0,100,-33.467225,-70.657605,0,MANUAL
267.79,-0.047,-0.046,-2.319,0.211,0.002,5.0,100,-33.467225,-70.657605,0,MANUAL
268.13,-0.047,-0.046,-2.319,0.213,0.002,5.0,100,-33.467225,-70.657605,0,MANUAL
268.28,-0.047,-0.046,-2.319,0.213,0.001,5.0,100,-33.467225,-70.657605,0,MANUAL
268.47,-0.047,-0.046,-2.319,0.213,0.001,5.0,100,-33.467225,-70.657605,0,MANUAL
268.72,-0.047,-0.046,-2.319,0.213,0.001,5.0,100,-33.467225,-70.657605,0,MANUAL
269.13,-0.047,-0.046,-2.319,0.213,0.001,5.0,100,-33.467225,-70.657605,0,MANUAL
269.31,-0.047,-0.046,-2.319,0.213,0.0,5.0,100,-33.467225,-70.657605,0,MANUAL
269.54,-0.047,-0.046,-2.32,0.213,0.0,5.0,100,-33.467225,-70.657605,0,MANUAL
269.77,-0.047,-0.046,-2.32,0.213,0.0,5.0,100,-33.467225,-70.657605,0,MANUAL
270.0,-0.047,-0.046,-2.32,0.213,0.0,5.0,100,-33.467225,-70.657605,0,MANUAL
270.23,-0.047,-0.046,-2.32,0.213,0.001,5.0,100,-33.467225,-70.657605,0,MANUAL
270.46,-0.047,-0.046,-2.32,0.213,0.001,5.0,100,-33.467225,-70.657605,0,MANUAL
270.69,-0.047,-0.046,-2.32,0.213,0.001,5.0,100,-33.467225,-70.657605,0,MANUAL
270.92,-0.047,-0.046,-2.32,0.213,0.001,5.0,100,-33.467225,-70.657605,0,MANUAL
271.17,-0.047,-0.046,-2.32,0.213,0.001,5.0,100,-33.467225,-70.657605,0,MANUAL
271.37,-0.047,-0.046,-2.32,0.213,0.001,5.0,100,-33.467225,-70.657605,0,MANUAL
271.67,-0.047,-0.046,-2.321,0.209,0.001,5.0,100,-33.467225,-70.657605,0,MANUAL
271.84,-0.047,-0.046,-2.321,0.209,0.002,5.0,100,-33.467225,-70.657605,0,MANUAL
272.07,-0.047,-0.046,-2.321,0.209,0.002,5.0,100,-33.467225,-70.657605,0,MANUAL
272.33,-0.047,-0.046,-2.321,0.209,0.002,5.0,100,-33.467225,-70.657605,0,MANUAL
272.53,-0.047,-0.046,-2.321,0.209,0.002,5.0,100,-33.467225,-70.657605,0,MANUAL
272.87,-0.047,-0.046,-2.321,0.209,0.001,5.0,100,-33.467225,-70.657605,0,MANUAL
273.11,-0.047,-0.046,-2.321,0.209,0.001,5.0,100,-33.467225,-70.657605,0,MANUAL
273.34,-0.047,-0.046,-2.321,0.209,0.001,5.0,100,-33.467225,-70.657605,0,MANUAL
273.57,-0.047,-0.046,-2.322,0.209,0.001,5.0,100,-33.467225,-70.657605,0,MANUAL
273.8,-0.047,-0.046,-2.322,0.209,0.001,5.0,100,-33.467225,-70.657605,0,MANUAL
274.06,-0.047,-0.047,-2.322,0.209,0.001,5.0,100,-33.467225,-70.657605,0,MANUAL
274.26,-0.047,-0.046,-2.322,0.209,0.001,5.0,100,-33.467225,-70.657605,0,MANUAL
274.5,-0.047,-0.047,-2.322,0.209,0.001,5.0,100,-33.467225,-70.657605,0,MANUAL
274.75,-0.047,-0.047,-2.322,0.209,0.001,5.0,100,-33.467225,-70.657605,0,MANUAL
274.96,-0.047,-0.047,-2.322,0.209,0.001,5.0,100,-33.467225,-70.657605,0,MANUAL
275.19,-0.047,-0.046,-2.322,0.194,0.001,5.0,100,-33.467225,-70.657605,0,MANUAL
275.42,-0.047,-0.047,-2.323,0.194,0.001,5.0,100,-33.467225,-70.657605,0,MANUAL
275.65,-0.047,-0.046,-2.323,0.194,0.001,5.0,100,-33.467225,-70.657605,0,MANUAL
275.88,-0.047,-0.046,-2.323,0.194,0.001,5.0,100,-33.467225,-70.657605,0,MANUAL
276.11,-0.047,-0.046,-2.323,0.194,0.001,5.0,100,-33.467225,-70.657605,0,MANUAL
276.37,-0.047,-0.046,-2.323,0.194,0.002,5.0,100,-33.467225,-70.657605,0,MANUAL
276.57,-0.047,-0.046,-2.323,0.194,0.002,5.0,100,-33.467225,-70.657605,0,MANUAL
276.96,-0.047,-0.046,-2.323,0.194,0.002,5.0,100,-33.467225,-70.657605,0,MANUAL
277.16,-0.047,-0.046,-2.323,0.194,0.002,5.0,100,-33.467225,-70.657605,0,MANUAL
277.37,-0.047,-0.046,-2.323,0.194,0.002,5.0,100,-33.467225,-70.657605,0,MANUAL
277.65,-0.047,-0.046,-2.324,0.194,0.002,5.0,100,-33.467225,-70.657605,0,MANUAL
277.83,-0.047,-0.046,-2.324,0.194,0.002,5.0,100,-33.467225,-70.657605,0,MANUAL
278.06,-0.047,-0.046,-2.324,0.194,0.001,5.0,100,-33.467225,-70.657605,0,MANUAL
278.3,-0.047,-0.046,-2.324,0.194,0.001,5.0,100,-33.467225,-70.657605,0,MANUAL
278.53,-0.047,-0.046,-2.324,0.194,0.001,5.0,100,-33.467225,-70.657605,0,MANUAL
278.74,-0.047,-0.046,-2.324,0.179,0.001,5.0,100,-33.467225,-70.657605,0,MANUAL
279.03,-0.047,-0.046,-2.324,0.179,0.001,5.0,100,-33.467225,-70.657605,0,MANUAL
279.23,-0.047,-0.046,-2.324,0.179,0.001,5.0,100,-33.467225,-70.657605,0,MANUAL
279.44,-0.047,-0.046,-2.325,0.179,0.001,5.0,100,-33.467225,-70.657605,0,MANUAL
279.7,-0.047,-0.046,-2.325,0.179,0.001,5.0,100,-33.467225,-70.657605,0,MANUAL
279.91,-0.047,-0.046,-2.325,0.179,0.002,5.0,100,-33.467225,-70.657605,0,MANUAL
280.16,-0.047,-0.046,-2.325,0.179,0.002,5.0,100,-33.467225,-70.657605,0,MANUAL
280.53,-0.047,-0.046,-2.325,0.179,0.002,5.0,100,-33.467225,-70.657605,0,MANUAL
280.73,-0.047,-0.046,-2.325,0.179,0.002,5.0,100,-33.467225,-70.657605,0,MANUAL
280.96,-0.047,-0.046,-2.325,0.179,0.0,5.0,100,-33.467225,-70.657605,0,MANUAL
281.22,-0.047,-0.046,-2.325,0.179,0.0,5.0,100,-33.467225,-70.657605,0,MANUAL
281.42,-0.047,-0.046,-2.326,0.179,0.0,5.0,100,-33.467225,-70.657605,0,MANUAL
281.65,-0.047,-0.046,-2.326,0.179,0.001,5.0,100,-33.467225,-70.657605,0,MANUAL
281.89,-0.047,-0.046,-2.326,0.179,0.001,5.0,100,-33.467225,-70.657605,0,MANUAL
282.12,-0.047,-0.046,-2.326,0.179,0.001,5.0,100,-33.467225,-70.657605,0,MANUAL
282.33,-0.047,-0.046,-2.326,0.168,0.001,5.0,100,-33.467225,-70.657605,0,MANUAL
282.59,-0.047,-0.046,-2.326,0.168,0.001,5.0,100,-33.467225,-70.657605,0,MANUAL
282.8,-0.047,-0.046,-2.326,0.168,0.001,5.0,100,-33.467225,-70.657605,0,MANUAL
283.06,-0.047,-0.046,-2.326,0.168,0.001,5.0,100,-33.467225,-70.657605,0,MANUAL
283.28,-0.047,-0.046,-2.326,0.168,0.001,5.0,100,-33.467225,-70.657605,0,MANUAL
283.49,-0.047,-0.046,-2.327,0.168,0.001,5.0,100,-33.467225,-70.657605,0,MANUAL
283.73,-0.047,-0.046,-2.327,0.168,0.001,5.0,100,-33.467225,-70.657605,0,MANUAL
283.95,-0.047,-0.046,-2.327,0.168,0.001,5.0,100,-33.467225,-70.657605,0,MANUAL
284.21,-0.047,-0.046,-2.327,0.168,0.001,5.0,100,-33.467225,-70.657605,0,MANUAL
284.54,-0.047,-0.046,-2.327,0.168,0.001,5.0,100,-33.467225,-70.657605,0,MANUAL
284.81,-0.047,-0.046,-2.327,0.168,0.001,5.0,100,-33.467225,-70.657605,0,MANUAL
285.01,-0.047,-0.046,-2.327,0.168,0.001,5.0,100,-33.467225,-70.657605,0,MANUAL
285.22,-0.047,-0.046,-2.327,0.168,0.0,5.0,100,-33.467225,-70.657605,0,MANUAL
285.5,-0.047,-0.046,-2.328,0.168,0.0,5.0,100,-33.467225,-70.657605,0,MANUAL
285.7,-0.047,-0.046,-2.328,0.168,0.0,5.0,100,-33.467225,-70.657605,0,MANUAL
285.91,-0.047,-0.046,-2.328,0.143,0.0,5.0,100,-33.467225,-70.657605,0,MANUAL
286.17,-0.047,-0.046,-2.328,0.143,0.001,5.0,100,-33.467225,-70.657605,0,MANUAL
286.4,-0.047,-0.046,-2.328,0.143,0.001,5.0,100,-33.467225,-70.657605,0,MANUAL
286.61,-0.047,-0.046,-2.328,0.143,0.001,5.0,100,-33.467225,-70.657605,0,MANUAL
286.86,-0.047,-0.046,-2.328,0.143,0.001,5.0,100,-33.467225,-70.657605,0,MANUAL
287.08,-0.047,-0.046,-2.329,0.143,0.001,5.0,100,-33.467225,-70.657605,0,MANUAL
287.33,-0.047,-0.046,-2.329,0.143,0.001,5.0,100,-33.467225,-70.657605,0,MANUAL
287.53,-0.047,-0.046,-2.329,0.143,0.001,5.0,100,-33.467225,-70.657605,0,MANUAL
287.79,-0.047,-0.046,-2.329,0.143,0.001,5.0,100,-33.467225,-70.657605,0,MANUAL
288.03,-0.047,-0.046,-2.329,0.143,0.001,5.0,100,-33.467225,-70.657605,0,MANUAL
288.38,-0.047,-0.046,-2.329,0.143,0.001,5.0,100,-33.467225,-70.657605,0,MANUAL
288.56,-0.047,-0.046,-2.329,0.143,0.001,5.0,100,-33.467225,-70.657605,0,MANUAL
288.82,-0.047,-0.046,-2.329,0.143,0.001,5.0,100,-33.467225,-70.657605,0,MANUAL
289.08,-0.047,-0.046,-2.329,0.143,0.001,5.0,100,-33.467225,-70.657605,0,MANUAL
289.26,-0.047,-0.046,-2.33,0.143,0.001,5.0,100,-33.467225,-70.657605,0,MANUAL
289.49,-0.047,-0.046,-2.33,0.134,0.001,5.0,100,-33.467225,-70.657605,0,MANUAL
289.73,-0.047,-0.046,-2.33,0.134,0.0,5.0,100,-33.467225,-70.657605,0,MANUAL
289.96,-0.047,-0.046,-2.33,0.134,0.0,5.0,100,-33.467225,-70.657605,0,MANUAL
290.18,-0.047,-0.046,-2.33,0.134,0.0,5.0,100,-33.467225,-70.657605,0,MANUAL
290.44,-0.047,-0.046,-2.33,0.134,0.0,5.0,100,-33.467225,-70.657605,0,MANUAL
290.67,-0.047,-0.046,-2.33,0.134,0.002,5.0,100,-33.467225,-70.657605,0,MANUAL
290.88,-0.047,-0.046,-2.33,0.134,0.002,5.0,100,-33.467225,-70.657605,0,MANUAL
291.13,-0.047,-0.046,-2.331,0.134,0.002,5.0,100,-33.467225,-70.657605,0,MANUAL
291.38,-0.047,-0.046,-2.331,0.134,0.002,5.0,100,-33.467225,-70.657605,0,MANUAL
291.59,-0.047,-0.046,-2.331,0.134,0.003,5.0,100,-33.467225,-70.657605,0,MANUAL
291.95,-0.047,-0.046,-2.331,0.134,0.003,5.0,100,-33.467225,-70.657605,0,MANUAL
292.06,-0.047,-0.046,-2.331,0.134,0.003,5.0,100,-33.467225,-70.657605,0,MANUAL
292.4,-0.047,-0.046,-2.331,0.134,0.001,5.0,100,-33.467225,-70.657605,0,MANUAL
292.62,-0.047,-0.046,-2.331,0.134,0.001,5.0,100,-33.467225,-70.657605,0,MANUAL
292.84,-0.047,-0.046,-2.331,0.134,0.001,5.0,100,-33.467225,-70.657605,0,MANUAL
293.14,-0.047,-0.046,-2.331,0.131,0.001,5.0,100,-33.467225,-70.657605,0,MANUAL
293.3,-0.047,-0.046,-2.332,0.131,0.001,5.0,100,-33.467225,-70.657605,0,MANUAL
293.55,-0.047,-0.046,-2.332,0.131,0.001,5.0,100,-33.467225,-70.657605,0,MANUAL
293.76,-0.047,-0.046,-2.332,0.131,0.001,5.0,100,-33.467225,-70.657605,0,MANUAL
294.01,-0.047,-0.046,-2.332,0.131,0.001,5.0,100,-33.467225,-70.657605,0,MANUAL
294.24,-0.047,-0.046,-2.332,0.131,0.001,5.0,100,-33.467225,-70.657605,0,MANUAL
294.47,-0.047,-0.046,-2.332,0.131,0.001,5.0,100,-33.467225,-70.657605,0,MANUAL
294.7,-0.047,-0.046,-2.332,0.131,0.001,5.0,100,-33.467225,-70.657605,0,MANUAL
294.93,-0.047,-0.046,-2.332,0.131,0.001,5.0,100,-33.467225,-70.657605,0,MANUAL
295.16,-0.047,-0.046,-2.332,0.131,0.001,5.0,100,-33.467225,-70.657605,0,MANUAL
295.52,-0.047,-0.046,-2.333,0.131,0.001,5.0,100,-33.467225,-70.657605,0,MANUAL
295.73,-0.047,-0.046,-2.333,0.131,0.001,5.0,100,-33.467225,-70.657605,0,MANUAL
295.88,-0.047,-0.046,-2.333,0.131,0.001,5.0,100,-33.467225,-70.657605,0,MANUAL
296.21,-0.047,-0.046,-2.333,0.131,0.001,5.0,100,-33.467225,-70.657605,0,MANUAL
296.42,-0.047,-0.046,-2.333,0.131,0.001,5.0,100,-33.467225,-70.657605,0,MANUAL
296.63,-0.047,-0.046,-2.333,0.13,0.001,5.0,100,-33.467225,-70.657605,0,MANUAL
296.88,-0.047,-0.046,-2.333,0.13,0.001,5.0,100,-33.467225,-70.657605,0,MANUAL
297.11,-0.047,-0.046,-2.333,0.13,0.001,5.0,100,-33.467225,-70.657605,0,MANUAL
297.34,-0.047,-0.046,-2.333,0.13,0.001,5.0,100,-33.467225,-70.657605,0,MANUAL
297.59,-0.047,-0.046,-2.334,0.13,0.001,5.0,100,-33.467225,-70.657605,0,MANUAL
297.83,-0.047,-0.046,-2.334,0.13,0.002,5.0,100,-33.467225,-70.657605,0,MANUAL
298.05,-0.047,-0.046,-2.334,0.13,0.002,5.0,100,-33.467225,-70.657605,0,MANUAL
298.29,-0.047,-0.046,-2.334,0.13,0.002,5.0,100,-33.467225,-70.657605,0,MANUAL
298.52,-0.047,-0.046,-2.334,0.13,0.002,5.0,100,-33.467225,-70.657605,0,MANUAL
298.75,-0.047,-0.046,-2.334,0.13,0.0,5.0,100,-33.467225,-70.657605,0,MANUAL
298.98,-0.047,-0.046,-2.334,0.13,0.0,5.0,100,-33.467225,-70.657605,0,MANUAL
299.21,-0.047,-0.046,-2.334,0.13,0.0,5.0,100,-33.467225,-70.657605,0,MANUAL
299.47,-0.047,-0.046,-2.334,0.13,0.0,5.0,100,-33.467225,-70.657605,0,MANUAL
299.8,-0.047,-0.046,-2.334,0.13,0.0,5.0,100,-33.467225,-70.657605,0,MANUAL
300.01,-0.047,-0.046,-2.335,0.13,0.0,5.0,100,-33.467225,-70.657605,0,MANUAL
300.31,-0.047,-0.046,-2.335,0.124,0.0,5.0,100,-33.467225,-70.657605,0,MANUAL
300.52,-0.047,-0.046,-2.335,0.124,0.001,5.0,100,-33.467225,-70.657605,0,MANUAL
300.7,-0.047,-0.046,-2.335,0.124,0.001,5.0,100,-33.467225,-70.657605,0,MANUAL
300.93,-0.047,-0.046,-2.335,0.124,0.001,5.0,100,-33.467225,-70.657605,0,MANUAL
301.19,-0.047,-0.046,-2.335,0.124,0.001,5.0,100,-33.467225,-70.657605,0,MANUAL
301.39,-0.047,-0.046,-2.335,0.124,0.001,5.0,100,-33.467225,-70.657605,0,MANUAL
301.62,-0.047,-0.046,-2.335,0.124,0.001,5.0,100,-33.467225,-70.657605,0,MANUAL
301.88,-0.047,-0.046,-2.335,0.124,0.001,5.0,100,-33.467225,-70.657605,0,MANUAL
302.11,-0.047,-0.046,-2.335,0.124,0.001,5.0,100,-33.467225,-70.657605,0,MANUAL
302.31,-0.047,-0.046,-2.336,0.124,0.001,5.0,100,-33.467225,-70.657605,0,MANUAL
302.54,-0.047,-0.046,-2.336,0.124,0.001,5.0,100,-33.467225,-70.657605,0,MANUAL
302.8,-0.047,-0.046,-2.336,0.124,0.001,5.0,100,-33.467225,-70.657605,0,MANUAL
303.05,-0.047,-0.046,-2.336,0.124,0.001,5.0,100,-33.467225,-70.657605,0,MANUAL
303.39,-0.047,-0.046,-2.336,0.124,0.001,5.0,100,-33.467225,-70.657605,0,MANUAL
303.57,-0.047,-0.046,-2.336,0.124,0.001,5.0,100,-33.467225,-70.657605,0,MANUAL
303.79,-0.047,-0.046,-2.336,0.089,0.001,5.0,100,-33.467225,-70.657605,0,MANUAL
304.07,-0.047,-0.046,-2.336,0.089,0.001,5.0,100,-33.467225,-70.657605,0,MANUAL
304.28,-0.047,-0.046,-2.336,0.089,0.001,5.0,100,-33.467225,-70.657605,0,MANUAL
304.51,-0.047,-0.046,-2.336,0.089,0.001,5.0,100,-33.467225,-70.657605,0,MANUAL
304.78,-0.047,-0.046,-2.336,0.089,0.001,5.0,100,-33.467225,-70.657605,0,MANUAL
304.96,-0.047,-0.046,-2.337,0.089,0.001,5.0,100,-33.467225,-70.657605,0,MANUAL
305.19,-0.047,-0.046,-2.337,0.089,0.001,5.0,100,-33.467225,-70.657605,0,MANUAL
305.42,-0.047,-0.046,-2.337,0.089,0.001,5.0,100,-33.467225,-70.657605,0,MANUAL
305.65,-0.047,-0.046,-2.337,0.089,0.001,5.0,100,-33.467225,-70.657605,0,MANUAL
305.88,-0.047,-0.046,-2.337,0.089,0.002,5.0,100,-33.467225,-70.657605,0,MANUAL
306.11,-0.047,-0.046,-2.337,0.089,0.002,5.0,100,-33.467225,-70.657605,0,MANUAL
306.37,-0.047,-0.046,-2.337,0.089,0.002,5.0,100,-33.467225,-70.657605,0,MANUAL
306.62,-0.047,-0.046,-2.337,0.089,0.002,5.0,100,-33.467225,-70.657605,0,MANUAL
306.95,-0.047,-0.046,-2.337,0.089,0.002,5.0,100,-33.467225,-70.657605,0,MANUAL
307.16,-0.047,-0.046,-2.337,0.089,0.002,5.0,100,-33.467225,-70.657605,0,MANUAL
307.46,-0.047,-0.046,-2.337,0.087,0.002,5.0,100,-33.467225,-70.657605,0,MANUAL
307.64,-0.047,-0.046,-2.337,0.087,0.001,5.0,100,-33.467225,-70.657605,0,MANUAL
307.85,-0.047,-0.046,-2.338,0.087,0.001,5.0,100,-33.467225,-70.657605,0,MANUAL
308.1,-0.047,-0.046,-2.338,0.087,0.001,5.0,100,-33.467225,-70.657605,0,MANUAL
308.36,-0.047,-0.046,-2.338,0.087,0.001,5.0,100,-33.467225,-70.657605,0,MANUAL
308.54,-0.047,-0.046,-2.338,0.087,0.002,5.0,100,-33.467225,-70.657605,0,MANUAL
308.77,-0.047,-0.046,-2.338,0.087,0.002,5.0,100,-33.467225,-70.657605,0,MANUAL
309.05,-0.047,-0.046,-2.338,0.087,0.002,5.0,100,-33.467225,-70.657605,0,MANUAL
309.25,-0.047,-0.046,-2.338,0.087,0.002,5.0,100,-33.467225,-70.657605,0,MANUAL
309.48,-0.047,-0.046,-2.338,0.087,0.001,5.0,100,-33.467225,-70.657605,0,MANUAL
309.71,-0.047,-0.046,-2.338,0.087,0.001,5.0,100,-33.467225,-70.657605,0,MANUAL
309.96,-0.047,-0.046,-2.338,0.087,0.001,5.0,100,-33.467225,-70.657605,0,MANUAL
310.19,-0.047,-0.046,-2.338,0.087,0.001,5.0,100,-33.467225,-70.657605,0,MANUAL
310.4,-0.047,-0.046,-2.338,0.087,0.001,5.0,100,-33.467225,-70.657605,0,MANUAL
310.65,-0.047,-0.046,-2.339,0.087,0.001,5.0,100,-33.467225,-70.657605,0,MANUAL
311.03,-0.047,-0.046,-2.339,0.096,0.001,5.0,100,-33.467225,-70.657605,0,MANUAL
311.24,-0.047,-0.046,-2.339,0.096,0.001,5.0,100,-33.467225,-70.657605,0,MANUAL
311.44,-0.047,-0.046,-2.339,0.096,0.001,5.0,100,-33.467225,-70.657605,0,MANUAL
311.65,-0.047,-0.046,-2.339,0.096,0.001,5.0,100,-33.467225,-70.657605,0,MANUAL
311.95,-0.047,-0.046,-2.339,0.096,0.001,5.0,100,-33.467225,-70.657605,0,MANUAL
312.13,-0.047,-0.046,-2.339,0.096,0.001,5.0,100,-33.467225,-70.657605,0,MANUAL
312.36,-0.047,-0.046,-2.339,0.096,0.001,5.0,100,-33.467225,-70.657605,0,MANUAL
312.59,-0.047,-0.046,-2.339,0.096,0.001,5.0,100,-33.467225,-70.657605,0,MANUAL
312.83,-0.047,-0.046,-2.339,0.096,0.001,5.0,100,-33.467225,-70.657605,0,MANUAL
313.06,-0.047,-0.046,-2.34,0.096,0.001,5.0,100,-33.467225,-70.657605,0,MANUAL
313.29,-0.047,-0.046,-2.34,0.096,0.001,5.0,100,-33.467225,-70.657605,0,MANUAL
313.52,-0.047,-0.046,-2.34,0.096,0.001,5.0,100,-33.467225,-70.657605,0,MANUAL
313.77,-0.047,-0.046,-2.34,0.096,0.001,5.0,100,-33.467225,-70.657605,0,MANUAL
313.98,-0.047,-0.046,-2.34,0.096,0.001,5.0,100,-33.467225,-70.657605,0,MANUAL
314.23,-0.047,-0.046,-2.34,0.096,0.001,5.0,100,-33.467225,-70.657605,0,MANUAL
314.64,-0.047,-0.046,-2.34,0.099,0.001,5.0,100,-33.467225,-70.657605,0,MANUAL
314.79,-0.047,-0.046,-2.34,0.099,0.002,5.0,100,-33.467225,-70.657605,0,MANUAL
315.05,-0.047,-0.046,-2.34,0.099,0.002,5.0,100,-33.467225,-70.657605,0,MANUAL
315.23,-0.047,-0.046,-2.34,0.099,0.002,5.0,100,-33.467225,-70.657605,0,MANUAL
315.54,-0.047,-0.046,-2.34,0.099,0.002,5.0,100,-33.467225,-70.657605,0,MANUAL
315.71,-0.047,-0.046,-2.341,0.099,0.0,5.0,100,-33.467225,-70.657605,0,MANUAL
315.92,-0.047,-0.046,-2.341,0.099,0.0,5.0,100,-33.467225,-70.657605,0,MANUAL
316.17,-0.047,-0.046,-2.341,0.099,0.0,5.0,100,-33.467225,-70.657605,0,MANUAL
316.4,-0.047,-0.046,-2.341,0.099,0.0,5.0,100,-33.467225,-70.657605,0,MANUAL
316.63,-0.047,-0.046,-2.341,0.099,0.001,5.0,100,-33.467225,-70.657605,0,MANUAL
316.86,-0.047,-0.046,-2.341,0.099,0.001,5.0,100,-33.467225,-70.657605,0,MANUAL
317.08,-0.047,-0.046,-2.341,0.099,0.001,5.0,100,-33.467225,-70.657605,0,MANUAL
317.34,-0.047,-0.046,-2.341,0.099,0.001,5.0,100,-33.467225,-70.657605,0,MANUAL
317.57,-0.047,-0.046,-2.341,0.099,0.001,5.0,100,-33.467225,-70.657605,0,MANUAL
317.8,-0.047,-0.046,-2.341,0.099,0.001,5.0,100,-33.467225,-70.657605,0,MANUAL
318.11,-0.047,-0.046,-2.341,0.098,0.001,5.0,100,-33.467225,-70.657605,0,MANUAL
318.37,-0.047,-0.046,-2.342,0.098,0.001,5.0,100,-33.467225,-70.657605,0,MANUAL
318.57,-0.047,-0.046,-2.342,0.098,0.001,5.0,100,-33.467225,-70.657605,0,MANUAL
318.82,-0.047,-0.046,-2.342,0.098,0.001,5.0,100,-33.467225,-70.657605,0,MANUAL
319.1,-0.047,-0.046,-2.342,0.098,0.001,5.0,100,-33.467225,-70.657605,0,MANUAL
319.28,-0.047,-0.046,-2.342,0.098,0.003,5.0,100,-33.467225,-70.657605,0,MANUAL
319.51,-0.047,-0.046,-2.342,0.098,0.003,5.0,100,-33.467225,-70.657605,0,MANUAL
319.77,-0.047,-0.046,-2.342,0.098,0.003,5.0,100,-33.467225,-70.657605,0,MANUAL
320.0,-0.047,-0.046,-2.342,0.098,0.003,5.0,100,-33.467225,-70.657605,0,MANUAL
320.21,-0.047,-0.046,-2.342,0.098,0.001,5.0,100,-33.467225,-70.657605,0,MANUAL
320.46,-0.047,-0.046,-2.342,0.098,0.001,5.0,100,-33.467225,-70.657605,0,MANUAL
320.67,-0.047,-0.046,-2.342,0.098,0.001,5.0,100,-33.467225,-70.657605,0,MANUAL
320.92,-0.047,-0.046,-2.342,0.098,0.001,5.0,100,-33.467225,-70.657605,0,MANUAL
321.15,-0.047,-0.046,-2.343,0.098,0.001,5.0,100,-33.467225,-70.657605,0,MANUAL
321.36,-0.047,-0.046,-2.343,0.098,0.001,5.0,100,-33.467225,-70.657605,0,MANUAL
321.79,-0.047,-0.046,-2.343,0.125,0.001,5.0,100,-33.467225,-70.657605,0,MANUAL
321.94,-0.047,-0.046,-2.343,0.125,0.0,5.0,100,-33.467225,-70.657605,0,MANUAL
322.17,-0.047,-0.046,-2.343,0.125,0.0,5.0,100,-33.467225,-70.657605,0,MANUAL
322.4,-0.047,-0.046,-2.343,0.125,0.0,5.0,100,-33.467225,-70.657605,0,MANUAL
322.68,-0.047,-0.046,-2.343,0.125,0.0,5.0,100,-33.467225,-70.657605,0,MANUAL
322.86,-0.047,-0.046,-2.343,0.125,0.002,5.0,100,-33.467225,-70.657605,0,MANUAL
323.1,-0.047,-0.046,-2.343,0.125,0.002,5.0,100,-33.467225,-70.657605,0,MANUAL
323.35,-0.047,-0.046,-2.343,0.125,0.002,5.0,100,-33.467225,-70.657605,0,MANUAL
323.58,-0.047,-0.046,-2.343,0.125,0.002,5.0,100,-33.467225,-70.657605,0,MANUAL
323.79,-0.047,-0.046,-2.343,0.125,0.002,5.0,100,-33.467225,-70.657605,0,MANUAL
324.05,-0.047,-0.046,-2.343,0.125,0.002,5.0,100,-33.467225,-70.657605,0,MANUAL
324.25,-0.047,-0.046,-2.344,0.125,0.002,5.0,100,-33.467225,-70.657605,0,MANUAL
324.51,-0.047,-0.046,-2.344,0.125,0.001,5.0,100,-33.467225,-70.657605,0,MANUAL
324.71,-0.047,-0.046,-2.344,0.125,0.001,5.0,100,-33.467225,-70.657605,0,MANUAL
324.94,-0.047,-0.046,-2.344,0.125,0.001,5.0,100,-33.467225,-70.657605,0,MANUAL
325.35,-0.047,-0.046,-2.344,0.121,0.001,5.0,100,-33.467225,-70.657605,0,MANUAL
325.4,-0.047,-0.046,-2.344,0.121,0.001,5.0,100,-33.467225,-70.657605,0,MANUAL
325.65,-0.047,-0.046,-2.344,0.121,0.001,5.0,100,-33.467225,-70.657605,0,MANUAL
325.98,-0.047,-0.046,-2.344,0.121,0.001,5.0,100,-33.467225,-70.657605,0,MANUAL
326.26,-0.047,-0.046,-2.344,0.121,0.001,5.0,100,-33.467225,-70.657605,0,MANUAL
326.44,-0.047,-0.046,-2.344,0.121,0.001,5.0,100,-33.467225,-70.657605,0,MANUAL
326.67,-0.047,-0.046,-2.344,0.121,0.001,5.0,100,-33.467225,-70.657605,0,MANUAL
326.92,-0.047,-0.046,-2.344,0.121,0.001,5.0,100,-33.467225,-70.657605,0,MANUAL
327.15,-0.047,-0.046,-2.344,0.121,0.001,5.0,100,-33.467225,-70.657605,0,MANUAL
327.35,-0.047,-0.046,-2.344,0.121,0.001,5.0,100,-33.467225,-70.657605,0,MANUAL
327.61,-0.047,-0.046,-2.344,0.121,0.001,5.0,100,-33.467225,-70.657605,0,MANUAL
327.82,-0.047,-0.046,-2.344,0.121,0.001,5.0,100,-33.467225,-70.657605,0,MANUAL
328.07,-0.047,-0.046,-2.344,0.121,0.003,5.0,100,-33.467225,-70.657605,0,MANUAL
328.28,-0.047,-0.046,-2.345,0.121,0.003,5.0,100,-33.467225,-70.657605,0,MANUAL
328.53,-0.047,-0.046,-2.345,0.121,0.003,5.0,100,-33.467225,-70.657605,0,MANUAL
328.84,-0.047,-0.046,-2.345,0.104,0.003,5.0,100,-33.467225,-70.657605,0,MANUAL
328.99,-0.047,-0.046,-2.345,0.104,0.001,5.0,100,-33.467225,-70.657605,0,MANUAL
329.22,-0.047,-0.046,-2.345,0.104,0.001,5.0,100,-33.467225,-70.657605,0,MANUAL
329.45,-0.047,-0.046,-2.345,0.104,0.001,5.0,100,-33.467225,-70.657605,0,MANUAL
329.85,-0.047,-0.046,-2.345,0.104,0.001,5.0,100,-33.467225,-70.657605,0,MANUAL
330.03,-0.047,-0.046,-2.345,0.104,0.002,5.0,100,-33.467225,-70.657605,0,MANUAL
330.26,-0.047,-0.046,-2.345,0.104,0.002,5.0,100,-33.467225,-70.657605,0,MANUAL
330.53,-0.047,-0.046,-2.345,0.104,0.002,5.0,100,-33.467225,-70.657605,0,MANUAL
330.73,-0.047,-0.046,-2.345,0.104,0.002,5.0,100,-33.467225,-70.657605,0,MANUAL
330.96,-0.047,-0.046,-2.345,0.104,0.001,5.0,100,-33.467225,-70.657605,0,MANUAL
331.19,-0.047,-0.046,-2.345,0.104,0.001,5.0,100,-33.467225,-70.657605,0,MANUAL
331.42,-0.047,-0.046,-2.345,0.104,0.001,5.0,100,-33.467225,-70.657605,0,MANUAL
331.65,-0.047,-0.046,-2.345,0.104,0.001,5.0,100,-33.467225,-70.657605,0,MANUAL
331.88,-0.047,-0.046,-2.345,0.104,0.001,5.0,100,-33.467225,-70.657605,0,MANUAL
332.08,-0.047,-0.046,-2.346,0.104,0.001,5.0,100,-33.467225,-70.657605,0,MANUAL
332.5,-0.047,-0.046,-2.346,0.093,0.001,5.0,100,-33.467225,-70.657605,0,MANUAL
332.58,-0.047,-0.046,-2.346,0.093,0.001,5.0,100,-33.467225,-70.657605,0,MANUAL
332.81,-0.047,-0.046,-2.346,0.093,0.001,5.0,100,-33.467225,-70.657605,0,MANUAL
333.05,-0.047,-0.046,-2.346,0.093,0.001,5.0,100,-33.467225,-70.657605,0,MANUAL
333.38,-0.047,-0.046,-2.346,0.093,0.001,5.0,100,-33.467225,-70.657605,0,MANUAL
333.51,-0.047,-0.046,-2.346,0.093,0.002,5.0,100,-33.467225,-70.657605,0,MANUAL
333.84,-0.047,-0.046,-2.346,0.093,0.002,5.0,100,-33.467225,-70.657605,0,MANUAL
334.1,-0.047,-0.046,-2.346,0.093,0.002,5.0,100,-33.467225,-70.657605,0,MANUAL
334.28,-0.047,-0.046,-2.346,0.093,0.002,5.0,100,-33.467225,-70.657605,0,MANUAL
334.53,-0.047,-0.046,-2.346,0.093,0.005,5.0,100,-33.467225,-70.657605,0,MANUAL
334.76,-0.047,-0.046,-2.346,0.093,0.005,5.0,100,-33.467225,-70.657605,0,MANUAL
334.99,-0.047,-0.046,-2.346,0.093,0.005,5.0,100,-33.467225,-70.657605,0,MANUAL
335.22,-0.047,-0.046,-2.346,0.093,0.001,5.0,100,-33.467225,-70.657605,0,MANUAL
335.45,-0.047,-0.046,-2.347,0.093,0.001,5.0,100,-33.467225,-70.657605,0,MANUAL
335.68,-0.047,-0.046,-2.347,0.093,0.001,5.0,100,-33.467225,-70.657605,0,MANUAL
336.02,-0.047,-0.046,-2.347,0.079,0.001,5.0,100,-33.467225,-70.657605,0,MANUAL
336.15,-0.047,-0.046,-2.347,0.079,0.001,5.0,100,-33.467225,-70.657605,0,MANUAL
336.35,-0.047,-0.046,-2.347,0.079,0.001,5.0,100,-33.467225,-70.657605,0,MANUAL
336.61,-0.047,-0.046,-2.347,0.079,0.001,5.0,100,-33.467225,-70.657605,0,MANUAL
337.03,-0.047,-0.046,-2.347,0.079,0.001,5.0,100,-33.467225,-70.657605,0,MANUAL
337.18,-0.047,-0.046,-2.347,0.079,0.0,5.0,100,-33.467225,-70.657605,0,MANUAL
337.41,-0.047,-0.046,-2.347,0.079,0.0,5.0,100,-33.467225,-70.657605,0,MANUAL
337.67,-0.047,-0.046,-2.347,0.079,0.0,5.0,100,-33.467225,-70.657605,0,MANUAL
337.88,-0.047,-0.046,-2.347,0.079,0.0,5.0,100,-33.467225,-70.657605,0,MANUAL
338.11,-0.047,-0.046,-2.347,0.079,0.002,5.0,100,-33.467225,-70.657605,0,MANUAL
338.34,-0.047,-0.046,-2.347,0.079,0.002,5.0,100,-33.467225,-70.657605,0,MANUAL
338.57,-0.047,-0.046,-2.347,0.079,0.002,5.0,100,-33.467225,-70.657605,0,MANUAL
338.81,-0.047,-0.046,-2.347,0.079,0.001,5.0,100,-33.467225,-70.657605,0,MANUAL
339.04,-0.047,-0.046,-2.347,0.079,0.001,5.0,100,-33.467225,-70.657605,0,MANUAL
339.25,-0.047,-0.046,-2.348,0.079,0.001,5.0,100,-33.467225,-70.657605,0,MANUAL
339.58,-0.047,-0.046,-2.348,0.074,0.001,5.0,100,-33.467225,-70.657605,0,MANUAL
339.71,-0.047,-0.046,-2.348,0.074,0.001,5.0,100,-33.467225,-70.657605,0,MANUAL
339.97,-0.047,-0.046,-2.348,0.074,0.001,5.0,100,-33.467225,-70.657605,0,MANUAL
340.21,-0.047,-0.046,-2.348,0.074,0.001,5.0,100,-33.467225,-70.657605,0,MANUAL
340.59,-0.047,-0.046,-2.348,0.074,0.001,5.0,100,-33.467225,-70.657605,0,MANUAL
340.67,-0.047,-0.046,-2.348,0.074,0.001,5.0,100,-33.467225,-70.657605,0,MANUAL
340.88,-0.047,-0.046,-2.348,0.074,0.001,5.0,100,-33.467225,-70.657605,0,MANUAL
341.26,-0.047,-0.046,-2.348,0.074,0.001,5.0,100,-33.467225,-70.657605,0,MANUAL
341.44,-0.047,-0.046,-2.348,0.074,0.001,5.0,100,-33.467225,-70.657605,0,MANUAL
341.67,-0.047,-0.046,-2.348,0.074,0.001,5.0,100,-33.467225,-70.657605,0,MANUAL
341.96,-0.047,-0.046,-2.348,0.074,0.001,5.0,100,-33.467225,-70.657605,0,MANUAL
342.14,-0.047,-0.046,-2.348,0.074,0.001,5.0,100,-33.467225,-70.657605,0,MANUAL
342.37,-0.047,-0.046,-2.348,0.074,0.002,5.0,100,-33.467225,-70.657605,0,MANUAL
342.63,-0.047,-0.046,-2.348,0.074,0.002,5.0,100,-33.467225,-70.657605,0,MANUAL
342.83,-0.047,-0.046,-2.348,0.074,0.002,5.0,100,-33.467225,-70.657605,0,MANUAL
343.1,-0.047,-0.046,-2.348,0.07,0.002,5.0,100,-33.467225,-70.657605,0,MANUAL
343.3,-0.047,-0.046,-2.349,0.07,0.001,5.0,100,-33.467225,-70.657605,0,MANUAL
343.53,-0.047,-0.046,-2.349,0.07,0.001,5.0,100,-33.467225,-70.657605,0,MANUAL
343.76,-0.047,-0.046,-2.349,0.07,0.001,5.0,100,-33.467225,-70.657605,0,MANUAL
343.99,-0.047,-0.046,-2.349,0.07,0.001,5.0,100,-33.467225,-70.657605,0,MANUAL
344.22,-0.047,-0.046,-2.349,0.07,0.001,5.0,100,-33.467225,-70.657605,0,MANUAL
344.56,-0.047,-0.046,-2.349,0.07,0.001,5.0,100,-33.467225,-70.657605,0,MANUAL
344.81,-0.047,-0.046,-2.349,0.07,0.001,5.0,100,-33.467225,-70.657605,0,MANUAL
345.04,-0.047,-0.046,-2.349,0.07,0.001,5.0,100,-33.467225,-70.657605,0,MANUAL
345.27,-0.047,-0.046,-2.349,0.07,0.002,5.0,100,-33.467225,-70.657605,0,MANUAL
345.5,-0.047,-0.046,-2.349,0.07,0.002,5.0,100,-33.467225,-70.657605,0,MANUAL
345.73,-0.047,-0.046,-2.349,0.07,0.002,5.0,100,-33.467225,-70.657605,0,MANUAL
345.94,-0.047,-0.046,-2.349,0.07,0.0,5.0,100,-33.467225,-70.657605,0,MANUAL
346.19,-0.047,-0.046,-2.349,0.07,0.0,5.0,100,-33.467225,-70.657605,0,MANUAL
346.39,-0.047,-0.046,-2.349,0.07,0.0,5.0,100,-33.467225,-70.657605,0,MANUAL
346.65,-0.047,-0.046,-2.349,0.066,0.0,5.0,100,-33.467225,-70.657605,0,MANUAL
346.89,-0.047,-0.046,-2.349,0.066,0.002,5.0,100,-33.467225,-70.657605,0,MANUAL
347.09,-0.047,-0.046,-2.349,0.066,0.002,5.0,100,-33.467225,-70.657605,0,MANUAL
347.35,-0.047,-0.046,-2.349,0.066,0.002,5.0,100,-33.467225,-70.657605,0,MANUAL
347.56,-0.047,-0.046,-2.349,0.066,0.002,5.0,100,-33.467225,-70.657605,0,MANUAL
347.8,-0.047,-0.046,-2.349,0.066,0.0,5.0,100,-33.467225,-70.657605,0,MANUAL
348.05,-0.047,-0.046,-2.35,0.066,0.0,5.0,100,-33.467225,-70.657605,0,MANUAL
348.39,-0.047,-0.046,-2.35,0.066,0.0,5.0,100,-33.467225,-70.657605,0,MANUAL
348.62,-0.047,-0.046,-2.35,0.066,0.0,5.0,100,-33.467225,-70.657605,0,MANUAL
348.85,-0.047,-0.046,-2.35,0.066,0.001,5.0,100,-33.467225,-70.657605,0,MANUAL
349.11,-0.047,-0.046,-2.35,0.066,0.001,5.0,100,-33.467225,-70.657605,0,MANUAL
349.29,-0.047,-0.046,-2.35,0.066,0.001,5.0,100,-33.467225,-70.657605,0,MANUAL
349.53,-0.047,-0.046,-2.35,0.066,0.001,5.0,100,-33.467225,-70.657605,0,MANUAL
349.79,-0.047,-0.046,-2.35,0.066,0.001,5.0,100,-33.467225,-70.657605,0,MANUAL
350.0,-0.047,-0.046,-2.35,0.066,0.001,5.0,100,-33.467225,-70.657605,0,MANUAL
350.21,-0.047,-0.046,-2.35,0.07,0.001,5.0,100,-33.467225,-70.657605,0,MANUAL
350.46,-0.047,-0.046,-2.35,0.07,0.0,5.0,100,-33.467225,-70.657605,0,MANUAL
350.7,-0.047,-0.046,-2.35,0.07,0.0,5.0,100,-33.467225,-70.657605,0,MANUAL
350.9,-0.047,-0.046,-2.35,0.07,0.0,5.0,100,-33.467225,-70.657605,0,MANUAL
351.16,-0.047,-0.046,-2.35,0.07,0.0,5.0,100,-33.467225,-70.657605,0,MANUAL
351.36,-0.047,-0.046,-2.35,0.07,0.001,5.0,100,-33.467225,-70.657605,0,MANUAL
351.62,-0.047,-0.046,-2.35,0.07,0.001,5.0,100,-33.467225,-70.657605,0,MANUAL
352.0,-0.047,-0.046,-2.35,0.07,0.001,5.0,100,-33.467225,-70.657605,0,MANUAL
352.08,-0.047,-0.046,-2.35,0.07,0.001,5.0,100,-33.467225,-70.657605,0,MANUAL
352.44,-0.047,-0.046,-2.35,0.07,0.001,5.0,100,-33.467225,-70.657605,0,MANUAL
352.69,-0.047,-0.046,-2.35,0.07,0.001,5.0,100,-33.467225,-70.657605,0,MANUAL
352.88,-0.047,-0.046,-2.35,0.07,0.001,5.0,100,-33.467225,-70.657605,0,MANUAL
353.11,-0.047,-0.046,-2.351,0.07,0.001,5.0,100,-33.467225,-70.657605,0,MANUAL
353.37,-0.047,-0.046,-2.351,0.07,0.001,5.0,100,-33.467225,-70.657605,0,MANUAL
353.57,-0.047,-0.046,-2.351,0.07,0.001,5.0,100,-33.467225,-70.657605,0,MANUAL
353.8,-0.047,-0.046,-2.351,0.053,0.001,5.0,100,-33.467225,-70.657605,0,MANUAL
354.08,-0.047,-0.046,-2.351,0.053,0.0,5.0,100,-33.467225,-70.657605,0,MANUAL
354.26,-0.047,-0.046,-2.351,0.053,0.0,5.0,100,-33.467225,-70.657605,0,MANUAL
354.52,-0.047,-0.046,-2.351,0.053,0.0,5.0,100,-33.467225,-70.657605,0,MANUAL
354.75,-0.047,-0.046,-2.351,0.053,0.0,5.0,100,-33.467225,-70.657605,0,MANUAL
354.98,-0.047,-0.046,-2.351,0.053,0.002,5.0,100,-33.467225,-70.657605,0,MANUAL
355.19,-0.047,-0.046,-2.351,0.053,0.002,5.0,100,-33.467225,-70.657605,0,MANUAL
355.41,-0.047,-0.046,-2.351,0.053,0.002,5.0,100,-33.467225,-70.657605,0,MANUAL
355.67,-0.047,-0.046,-2.351,0.053,0.002,5.0,100,-33.467225,-70.657605,0,MANUAL
355.99,-0.047,-0.046,-2.351,0.053,0.001,5.0,100,-33.467225,-70.657605,0,MANUAL
356.27,-0.047,-0.046,-2.351,0.053,0.001,5.0,100,-33.467225,-70.657605,0,MANUAL
356.45,-0.047,-0.046,-2.351,0.053,0.001,5.0,100,-33.467225,-70.657605,0,MANUAL
356.68,-0.047,-0.046,-2.351,0.053,0.001,5.0,100,-33.467225,-70.657605,0,MANUAL
356.96,-0.047,-0.046,-2.351,0.053,0.001,5.0,100,-33.467225,-70.657605,0,MANUAL
357.14,-0.047,-0.046,-2.351,0.053,0.001,5.0,100,-33.467225,-70.657605,0,MANUAL
357.4,-0.047,-0.046,-2.351,0.041,0.001,5.0,100,-33.467225,-70.657605,0,MANUAL
357.63,-0.047,-0.046,-2.351,0.041,0.002,5.0,100,-33.467225,-70.657605,0,MANUAL
357.84,-0.047,-0.046,-2.351,0.041,0.002,5.0,100,-33.467225,-70.657605,0,MANUAL
358.07,-0.047,-0.046,-2.351,0.041,0.002,5.0,100,-33.467225,-70.657605,0,MANUAL
358.3,-0.047,-0.046,-2.351,0.041,0.002,5.0,100,-33.467225,-70.657605,0,MANUAL
358.53,-0.047,-0.046,-2.352,0.041,0.001,5.0,100,-33.467225,-70.657605,0,MANUAL
358.77,-0.047,-0.046,-2.352,0.041,0.001,5.0,100,-33.467225,-70.657605,0,MANUAL
359.02,-0.047,-0.046,-2.352,0.041,0.001,5.0,100,-33.467225,-70.657605,0,MANUAL
359.36,-0.047,-0.046,-2.352,0.041,0.001,5.0,100,-33.467225,-70.657605,0,MANUAL
359.46,-0.047,-0.046,-2.352,0.041,0.001,5.0,100,-33.467225,-70.657605,0,MANUAL
359.84,-0.047,-0.046,-2.352,0.041,0.001,5.0,100,-33.467225,-70.657605,0,MANUAL
360.05,-0.047,-0.046,-2.352,0.041,0.001,5.0,100,-33.467225,-70.657605,0,MANUAL
360.26,-0.047,-0.046,-2.352,0.041,0.001,5.0,100,-33.467225,-70.657605,0,MANUAL
360.51,-0.047,-0.046,-2.352,0.041,0.001,5.0,100,-33.467225,-70.657605,0,MANUAL
360.72,-0.047,-0.046,-2.352,0.041,0.001,5.0,100,-33.467225,-70.657605,0,MANUAL
360.91,-0.047,-0.046,-2.352,0.005,0.001,5.0,100,-33.467225,-70.657605,0,MANUAL
361.19,-0.047,-0.046,-2.352,0.005,0.001,5.0,100,-33.467225,-70.657605,0,MANUAL
361.43,-0.047,-0.046,-2.352,0.005,0.001,5.0,100,-33.467225,-70.657605,0,MANUAL
361.65,-0.047,-0.046,-2.352,0.005,0.001,5.0,100,-33.467225,-70.657605,0,MANUAL
361.91,-0.047,-0.046,-2.352,0.005,0.001,5.0,100,-33.467225,-70.657605,0,MANUAL
362.11,-0.047,-0.046,-2.352,0.005,0.002,5.0,100,-33.467225,-70.657605,0,MANUAL
362.34,-0.047,-0.046,-2.352,0.005,0.002,5.0,100,-33.467225,-70.657605,0,MANUAL
362.57,-0.047,-0.046,-2.353,0.005,0.002,5.0,100,-33.467225,-70.657605,0,MANUAL
362.8,-0.047,-0.046,-2.353,0.005,0.002,5.0,100,-33.467225,-70.657605,0,MANUAL
363.06,-0.047,-0.046,-2.353,0.005,0.002,5.0,100,-33.467225,-70.657605,0,MANUAL
363.41,-0.047,-0.046,-2.353,0.005,0.002,5.0,100,-33.467225,-70.657605,0,MANUAL
363.62,-0.047,-0.046,-2.353,0.005,0.002,5.0,100,-33.467225,-70.657605,0,MANUAL
363.77,-0.047,-0.046,-2.353,0.005,0.001,5.0,100,-33.467225,-70.657605,0,MANUAL
364.1,-0.047,-0.046,-2.353,0.005,0.001,5.0,100,-33.467225,-70.657605,0,MANUAL
364.31,-0.047,-0.046,-2.353,0.005,0.001,5.0,100,-33.467225,-70.657605,0,MANUAL
364.54,-0.047,-0.046,-2.353,-0.011,0.001,5.0,100,-33.467225,-70.657605,0,MANUAL
364.77,-0.047,-0.046,-2.353,-0.011,0.001,5.0,100,-33.467225,-70.657605,0,MANUAL
365.02,-0.047,-0.046,-2.353,-0.011,0.001,5.0,100,-33.467225,-70.657605,0,MANUAL
365.23,-0.047,-0.046,-2.353,-0.011,0.001,5.0,100,-33.467225,-70.657605,0,MANUAL
365.48,-0.047,-0.046,-2.353,-0.011,0.001,5.0,100,-33.467225,-70.657605,0,MANUAL
365.69,-0.047,-0.046,-2.353,-0.011,0.002,5.0,100,-33.467225,-70.657605,0,MANUAL
365.92,-0.047,-0.046,-2.353,-0.011,0.002,5.0,100,-33.467225,-70.657605,0,MANUAL
366.17,-0.047,-0.046,-2.353,-0.011,0.002,5.0,100,-33.467225,-70.657605,0,MANUAL
366.4,-0.047,-0.046,-2.353,-0.011,0.002,5.0,100,-33.467225,-70.657605,0,MANUAL
366.63,-0.047,-0.046,-2.353,-0.011,0.001,5.0,100,-33.467225,-70.657605,0,MANUAL
366.99,-0.047,-0.046,-2.353,-0.011,0.001,5.0,100,-33.467225,-70.657605,0,MANUAL
367.2,-0.047,-0.046,-2.353,-0.011,0.001,5.0,100,-33.467225,-70.657605,0,MANUAL
367.43,-0.047,-0.046,-2.354,-0.011,0.001,5.0,100,-33.467225,-70.657605,0,MANUAL
367.66,-0.047,-0.046,-2.354,-0.011,0.001,5.0,100,-33.467225,-70.657605,0,MANUAL
367.89,-0.047,-0.046,-2.354,-0.011,0.001,5.0,100,-33.467225,-70.657605,0,MANUAL
368.09,-0.047,-0.046,-2.354,-0.001,0.001,5.0,100,-33.467225,-70.657605,0,MANUAL
368.37,-0.047,-0.046,-2.354,-0.001,0.002,5.0,100,-33.467225,-70.657605,0,MANUAL
368.58,-0.047,-0.046,-2.354,-0.001,0.002,5.0,100,-33.467225,-70.657605,0,MANUAL
368.81,-0.047,-0.046,-2.354,-0.001,0.002,5.0,100,-33.467225,-70.657605,0,MANUAL
369.06,-0.047,-0.046,-2.354,-0.001,0.002,5.0,100,-33.467225,-70.657605,0,MANUAL
369.27,-0.047,-0.046,-2.354,-0.001,0.001,5.0,100,-33.467225,-70.657605,0,MANUAL
369.5,-0.047,-0.046,-2.354,-0.001,0.001,5.0,100,-33.467225,-70.657605,0,MANUAL
369.75,-0.047,-0.046,-2.354,-0.001,0.001,5.0,100,-33.467225,-70.657605,0,MANUAL
369.98,-0.047,-0.046,-2.354,-0.001,0.001,5.0,100,-33.467225,-70.657605,0,MANUAL
370.21,-0.047,-0.046,-2.354,-0.001,0.0,5.0,100,-33.467225,-70.657605,0,MANUAL
370.42,-0.047,-0.046,-2.354,-0.001,0.0,5.0,100,-33.467225,-70.657605,0,MANUAL
370.67,-0.047,-0.046,-2.354,-0.001,0.0,5.0,100,-33.467225,-70.657605,0,MANUAL
370.93,-0.047,-0.046,-2.354,-0.001,0.001,5.0,100,-33.467225,-70.657605,0,MANUAL
371.23,-0.047,-0.046,-2.354,-0.001,0.001,5.0,100,-33.467225,-70.657605,0,MANUAL
371.46,-0.047,-0.046,-2.354,-0.001,0.001,5.0,100,-33.467225,-70.657605,0,MANUAL
371.69,-0.047,-0.046,-2.354,0.01,0.001,5.0,100,-33.467225,-70.657605,0,MANUAL
371.94,-0.047,-0.046,-2.354,0.01,0.0,5.0,100,-33.467225,-70.657605,0,MANUAL
372.15,-0.047,-0.046,-2.354,0.01,0.0,5.0,100,-33.467225,-70.657605,0,MANUAL
372.38,-0.047,-0.046,-2.354,0.01,0.0,5.0,100,-33.467225,-70.657605,0,MANUAL
372.61,-0.047,-0.046,-2.354,0.01,0.0,5.0,100,-33.467225,-70.657605,0,MANUAL
372.84,-0.047,-0.046,-2.355,0.01,0.001,5.0,100,-33.467225,-70.657605,0,MANUAL
373.07,-0.047,-0.046,-2.355,0.01,0.001,5.0,100,-33.467225,-70.657605,0,MANUAL
373.32,-0.047,-0.046,-2.355,0.01,0.001,5.0,100,-33.467225,-70.657605,0,MANUAL
373.55,-0.047,-0.046,-2.355,0.01,0.001,5.0,100,-33.467225,-70.657605,0,MANUAL
373.78,-0.047,-0.046,-2.355,0.01,0.001,5.0,100,-33.467225,-70.657605,0,MANUAL
374.01,-0.047,-0.046,-2.355,0.01,0.001,5.0,100,-33.467225,-70.657605,0,MANUAL
374.27,-0.047,-0.046,-2.355,0.01,0.001,5.0,100,-33.467225,-70.657605,0,MANUAL
374.5,-0.047,-0.046,-2.355,0.01,0.003,5.0,100,-33.467225,-70.657605,0,MANUAL
374.85,-0.047,-0.046,-2.355,0.01,0.003,5.0,100,-33.467225,-70.657605,0,MANUAL
375.06,-0.047,-0.046,-2.355,0.01,0.003,5.0,100,-33.467225,-70.657605,0,MANUAL
375.26,-0.047,-0.046,-2.355,0.025,0.003,5.0,100,-33.467225,-70.657605,0,MANUAL
375.55,-0.047,-0.046,-2.355,0.025,0.001,5.0,100,-33.467225,-70.657605,0,MANUAL
375.73,-0.047,-0.046,-2.355,0.025,0.001,5.0,100,-33.467225,-70.657605,0,MANUAL
375.98,-0.047,-0.046,-2.355,0.025,0.001,5.0,100,-33.467225,-70.657605,0,MANUAL
376.19,-0.047,-0.046,-2.355,0.025,0.001,5.0,100,-33.467225,-70.657605,0,MANUAL
376.42,-0.047,-0.046,-2.355,0.025,0.002,5.0,100,-33.467225,-70.657605,0,MANUAL
376.68,-0.047,-0.046,-2.355,0.025,0.002,5.0,100,-33.467225,-70.657605,0,MANUAL
376.91,-0.047,-0.046,-2.355,0.025,0.002,5.0,100,-33.467225,-70.657605,0,MANUAL
377.13,-0.047,-0.046,-2.355,0.025,0.002,5.0,100,-33.467225,-70.657605,0,MANUAL
377.34,-0.047,-0.046,-2.355,0.025,0.001,5.0,100,-33.467225,-70.657605,0,MANUAL
377.59,-0.047,-0.046,-2.355,0.025,0.001,5.0,100,-33.467225,-70.657605,0,MANUAL
377.83,-0.047,-0.046,-2.355,0.025,0.001,5.0,100,-33.467225,-70.657605,0,MANUAL
378.11,-0.047,-0.046,-2.355,0.025,0.001,5.0,100,-33.467225,-70.657605,0,MANUAL
378.44,-0.047,-0.046,-2.355,0.025,0.001,5.0,100,-33.467225,-70.657605,0,MANUAL
378.52,-0.047,-0.046,-2.355,0.025,0.001,5.0,100,-33.467225,-70.657605,0,MANUAL
378.85,-0.047,-0.046,-2.356,0.036,0.001,5.0,100,-33.467225,-70.657605,0,MANUAL
379.08,-0.047,-0.046,-2.356,0.036,0.002,5.0,100,-33.467225,-70.657605,0,MANUAL
379.31,-0.047,-0.046,-2.356,0.036,0.002,5.0,100,-33.467225,-70.657605,0,MANUAL
379.54,-0.047,-0.046,-2.356,0.036,0.002,5.0,100,-33.467225,-70.657605,0,MANUAL
379.82,-0.047,-0.046,-2.356,0.036,0.002,5.0,100,-33.467225,-70.657605,0,MANUAL
380.0,-0.046,-0.046,-2.356,0.036,0.004,5.0,100,-33.467225,-70.657605,0,MANUAL
380.23,-0.047,-0.046,-2.356,0.036,0.004,5.0,100,-33.467225,-70.657605,0,MANUAL
380.49,-0.047,-0.046,-2.356,0.036,0.004,5.0,100,-33.467225,-70.657605,0,MANUAL
380.72,-0.047,-0.046,-2.356,0.036,0.004,5.0,100,-33.467225,-70.657605,0,MANUAL
380.92,-0.047,-0.046,-2.356,0.036,0.003,5.0,100,-33.467225,-70.657605,0,MANUAL
381.18,-0.047,-0.046,-2.356,0.036,0.003,5.0,100,-33.467225,-70.657605,0,MANUAL
381.38,-0.047,-0.046,-2.356,0.036,0.003,5.0,100,-33.467225,-70.657605,0,MANUAL
381.66,-0.047,-0.046,-2.356,0.036,0.0,5.0,100,-33.467225,-70.657605,0,MANUAL
381.99,-0.047,-0.046,-2.356,0.036,0.0,5.0,100,-33.467225,-70.657605,0,MANUAL
382.1,-0.047,-0.046,-2.356,0.036,0.0,5.0,100,-33.467225,-70.657605,0,MANUAL
382.4,-0.047,-0.046,-2.356,0.042,0.0,5.0,100,-33.467225,-70.657605,0,MANUAL
382.71,-0.047,-0.046,-2.356,0.042,0.0,5.0,100,-33.467225,-70.657605,0,MANUAL
382.89,-0.047,-0.046,-2.356,0.042,0.0,5.0,100,-33.467225,-70.657605,0,MANUAL
383.13,-0.047,-0.046,-2.356,0.042,0.0,5.0,100,-33.467225,-70.657605,0,MANUAL
383.41,-0.047,-0.046,-2.356,0.042,0.0,5.0,100,-33.467225,-70.657605,0,MANUAL
383.58,-0.047,-0.046,-2.356,0.042,0.001,5.0,100,-33.467225,-70.657605,0,MANUAL
383.81,-0.047,-0.046,-2.356,0.042,0.001,5.0,100,-33.467225,-70.657605,0,MANUAL
384.07,-0.047,-0.046,-2.356,0.042,0.001,5.0,100,-33.467225,-70.657605,0,MANUAL
384.27,-0.047,-0.046,-2.356,0.042,0.001,5.0,100,-33.467225,-70.657605,0,MANUAL
384.5,-0.047,-0.046,-2.357,0.042,0.001,5.0,100,-33.467225,-70.657605,0,MANUAL
384.73,-0.047,-0.046,-2.357,0.042,0.001,5.0,100,-33.467225,-70.657605,0,MANUAL
384.99,-0.047,-0.046,-2.357,0.042,0.001,5.0,100,-33.467225,-70.657605,0,MANUAL
385.24,-0.047,-0.046,-2.357,0.042,0.001,5.0,100,-33.467225,-70.657605,0,MANUAL
385.42,-0.047,-0.046,-2.357,0.042,0.001,5.0,100,-33.467225,-70.657605,0,MANUAL
385.68,-0.047,-0.046,-2.357,0.042,0.001,5.0,100,-33.467225,-70.657605,0,MANUAL
386.01,-0.047,-0.046,-2.357,0.049,0.001,5.0,100,-33.467225,-70.657605,0,MANUAL
386.27,-0.047,-0.046,-2.357,0.049,0.001,5.0,100,-33.467225,-70.657605,0,MANUAL
386.47,-0.047,-0.046,-2.357,0.049,0.001,5.0,100,-33.467225,-70.657605,0,MANUAL
386.7,-0.047,-0.046,-2.357,0.049,0.001,5.0,100,-33.467225,-70.657605,0,MANUAL
386.93,-0.047,-0.046,-2.357,0.049,0.001,5.0,100,-33.467225,-70.657605,0,MANUAL
387.16,-0.047,-0.046,-2.357,0.049,0.001,5.0,100,-33.467225,-70.657605,0,MANUAL
387.39,-0.047,-0.046,-2.357,0.049,0.001,5.0,100,-33.467225,-70.657605,0,MANUAL
387.64,-0.047,-0.046,-2.357,0.049,0.001,5.0,100,-33.467225,-70.657605,0,MANUAL
387.87,-0.047,-0.046,-2.357,0.049,0.001,5.0,100,-33.467225,-70.657605,0,MANUAL
388.08,-0.047,-0.046,-2.357,0.049,0.0,5.0,100,-33.467225,-70.657605,0,MANUAL
388.34,-0.047,-0.046,-2.357,0.049,0.0,5.0,100,-33.467225,-70.657605,0,MANUAL
388.54,-0.047,-0.046,-2.357,0.049,0.0,5.0,100,-33.467225,-70.657605,0,MANUAL
388.8,-0.047,-0.046,-2.357,0.049,0.001,5.0,100,-33.467225,-70.657605,0,MANUAL
389.02,-0.047,-0.046,-2.357,0.049,0.001,5.0,100,-33.467225,-70.657605,0,MANUAL
389.25,-0.047,-0.046,-2.357,0.049,0.001,5.0,100,-33.467225,-70.657605,0,MANUAL
389.56,-0.047,-0.046,-2.357,0.058,0.001,5.0,100,-33.467225,-70.657605,0,MANUAL
389.87,-0.047,-0.046,-2.357,0.058,0.002,5.0,100,-33.467225,-70.657605,0,MANUAL
390.05,-0.047,-0.046,-2.357,0.058,0.002,5.0,100,-33.467225,-70.657605,0,MANUAL
390.28,-0.047,-0.046,-2.357,0.058,0.002,5.0,100,-33.467225,-70.657605,0,MANUAL
390.56,-0.047,-0.046,-2.357,0.058,0.002,5.0,100,-33.467225,-70.657605,0,MANUAL
390.74,-0.047,-0.046,-2.358,0.058,0.0,5.0,100,-33.467225,-70.657605,0,MANUAL
390.97,-0.047,-0.046,-2.358,0.058,0.0,5.0,100,-33.467225,-70.657605,0,MANUAL
391.23,-0.047,-0.046,-2.358,0.058,0.0,5.0,100,-33.467225,-70.657605,0,MANUAL
391.46,-0.047,-0.046,-2.358,0.058,0.0,5.0,100,-33.467225,-70.657605,0,MANUAL
391.66,-0.047,-0.046,-2.358,0.058,0.002,5.0,100,-33.467225,-70.657605,0,MANUAL
391.92,-0.047,-0.046,-2.358,0.058,0.002,5.0,100,-33.467225,-70.657605,0,MANUAL
392.12,-0.047,-0.046,-2.358,0.058,0.002,5.0,100,-33.467225,-70.657605,0,MANUAL
392.4,-0.047,-0.046,-2.358,0.058,0.001,5.0,100,-33.467225,-70.657605,0,MANUAL
392.61,-0.047,-0.046,-2.358,0.058,0.001,5.0,100,-33.467225,-70.657605,0,MANUAL
392.84,-0.047,-0.046,-2.358,0.058,0.001,5.0,100,-33.467225,-70.657605,0,MANUAL
393.25,-0.047,-0.046,-2.358,0.061,0.001,5.0,100,-33.467225,-70.657605,0,MANUAL
393.4,-0.047,-0.046,-2.358,0.061,0.001,5.0,100,-33.467225,-70.657605,0,MANUAL
393.63,-0.047,-0.046,-2.358,0.061,0.001,5.0,100,-33.467225,-70.657605,0,MANUAL
393.86,-0.047,-0.046,-2.358,0.061,0.001,5.0,100,-33.467225,-70.657605,0,MANUAL
394.15,-0.047,-0.046,-2.358,0.061,0.001,5.0,100,-33.467225,-70.657605,0,MANUAL
394.3,-0.047,-0.046,-2.358,0.061,0.001,5.0,100,-33.467225,-70.657605,0,MANUAL
394.56,-0.047,-0.046,-2.358,0.061,0.001,5.0,100,-33.467225,-70.657605,0,MANUAL
394.79,-0.047,-0.046,-2.358,0.061,0.001,5.0,100,-33.467225,-70.657605,0,MANUAL
395.04,-0.047,-0.046,-2.358,0.061,0.001,5.0,100,-33.467225,-70.657605,0,MANUAL
395.25,-0.047,-0.046,-2.358,0.061,0.001,5.0,100,-33.467225,-70.657605,0,MANUAL
395.48,-0.047,-0.046,-2.358,0.061,0.001,5.0,100,-33.467225,-70.657605,0,MANUAL
395.71,-0.047,-0.046,-2.358,0.061,0.001,5.0,100,-33.467225,-70.657605,0,MANUAL
395.96,-0.047,-0.046,-2.358,0.061,0.002,5.0,100,-33.467225,-70.657605,0,MANUAL
396.17,-0.047,-0.046,-2.358,0.061,0.002,5.0,100,-33.467225,-70.657605,0,MANUAL
396.4,-0.047,-0.046,-2.358,0.061,0.002,5.0,100,-33.467225,-70.657605,0,MANUAL
396.73,-0.047,-0.046,-2.358,0.07,0.002,5.0,100,-33.467225,-70.657605,0,MANUAL
396.86,-0.047,-0.046,-2.358,0.07,0.001,5.0,100,-33.467225,-70.657605,0,MANUAL
397.22,-0.047,-0.046,-2.358,0.07,0.001,5.0,100,-33.467225,-70.657605,0,MANUAL
397.45,-0.047,-0.046,-2.358,0.07,0.001,5.0,100,-33.467225,-70.657605,0,MANUAL
397.73,-0.047,-0.046,-2.358,0.07,0.001,5.0,100,-33.467225,-70.657605,0,MANUAL
397.91,-0.047,-0.046,-2.358,0.07,0.0,5.0,100,-33.467225,-70.657605,0,MANUAL
398.14,-0.047,-0.046,-2.359,0.07,0.0,5.0,100,-33.467225,-70.657605,0,MANUAL
398.37,-0.047,-0.046,-2.359,0.07,0.0,5.0,100,-33.467225,-70.657605,0,MANUAL
398.6,-0.047,-0.046,-2.359,0.07,0.0,5.0,100,-33.467225,-70.657605,0,MANUAL
398.83,-0.047,-0.046,-2.359,0.07,0.001,5.0,100,-33.467225,-70.657605,0,MANUAL
399.08,-0.046,-0.046,-2.359,0.07,0.001,5.0,100,-33.467225,-70.657605,0,MANUAL
399.29,-0.047,-0.046,-2.359,0.07,0.001,5.0,100,-33.467225,-70.657605,0,MANUAL
399.55,-0.047,-0.046,-2.359,0.07,0.002,5.0,100,-33.467225,-70.657605,0,MANUAL
399.78,-0.047,-0.046,-2.359,0.07,0.002,5.0,100,-33.467225,-70.657605,0,MANUAL
400.01,-0.047,-0.046,-2.359,0.07,0.002,5.0,100,-33.467225,-70.657605,0,MANUAL
400.32,-0.047,-0.047,-2.359,0.085,0.002,5.0,100,-33.467225,-70.657605,0,MANUAL
400.44,-0.047,-0.047,-2.359,0.085,0.001,5.0,100,-33.467225,-70.657605,0,MANUAL
400.7,-0.047,-0.047,-2.359,0.085,0.001,5.0,100,-33.467225,-70.657605,0,MANUAL
400.93,-0.047,-0.047,-2.359,0.085,0.001,5.0,100,-33.467225,-70.657605,0,MANUAL
401.29,-0.047,-0.047,-2.359,0.085,0.001,5.0,100,-33.467225,-70.657605,0,MANUAL
401.47,-0.047,-0.046,-2.359,0.085,0.001,5.0,100,-33.467225,-70.657605,0,MANUAL
401.72,-0.047,-0.047,-2.359,0.085,0.001,5.0,100,-33.467225,-70.657605,0,MANUAL
401.98,-0.047,-0.046,-2.359,0.085,0.001,5.0,100,-33.467225,-70.657605,0,MANUAL
402.18,-0.047,-0.046,-2.359,0.085,0.001,5.0,100,-33.467225,-70.657605,0,MANUAL
402.41,-0.047,-0.046,-2.359,0.085,0.002,5.0,100,-33.467225,-70.657605,0,MANUAL
402.64,-0.047,-0.046,-2.359,0.085,0.002,5.0,100,-33.467225,-70.657605,0,MANUAL
402.87,-0.047,-0.046,-2.359,0.085,0.002,5.0,100,-33.467225,-70.657605,0,MANUAL
403.13,-0.047,-0.046,-2.359,0.085,0.0,5.0,100,-33.467225,-70.657605,0,MANUAL
403.33,-0.047,-0.046,-2.359,0.085,0.0,5.0,100,-33.467225,-70.657605,0,MANUAL
403.54,-0.047,-0.046,-2.359,0.085,0.0,5.0,100,-33.467225,-70.657605,0,MANUAL
403.97,-0.046,-0.046,-2.359,0.105,0.0,5.0,100,-33.467225,-70.657605,0,MANUAL
404.02,-0.047,-0.047,-2.359,0.105,0.003,5.0,100,-33.467225,-70.657605,0,MANUAL
404.25,-0.047,-0.046,-2.359,0.105,0.003,5.0,100,-33.467225,-70.657605,0,MANUAL
404.6,-0.047,-0.046,-2.359,0.105,0.003,5.0,100,-33.467225,-70.657605,0,MANUAL
404.91,-0.046,-0.046,-2.36,0.105,0.003,5.0,100,-33.467225,-70.657605,0,MANUAL
405.06,-0.047,-0.047,-2.36,0.105,0.003,5.0,100,-33.467225,-70.657605,0,MANUAL
405.29,-0.047,-0.046,-2.36,0.105,0.003,5.0,100,-33.467225,-70.657605,0,MANUAL
405.57,-0.047,-0.047,-2.36,0.105,0.003,5.0,100,-33.467225,-70.657605,0,MANUAL
405.78,-0.047,-0.046,-2.36,0.105,0.003,5.0,100,-33.467225,-70.657605,0,MANUAL
406.01,-0.047,-0.047,-2.36,0.105,0.001,5.0,100,-33.467225,-70.657605,0,MANUAL
406.24,-0.047,-0.047,-2.36,0.105,0.001,5.0,100,-33.467225,-70.657605,0,MANUAL
406.45,-0.047,-0.047,-2.36,0.105,0.001,5.0,100,-33.467225,-70.657605,0,MANUAL
406.71,-0.047,-0.047,-2.36,0.105,0.0,5.0,100,-33.467225,-70.657605,0,MANUAL
406.94,-0.047,-0.047,-2.36,0.105,0.0,5.0,100,-33.467225,-70.657605,0,MANUAL
407.14,-0.047,-0.047,-2.36,0.105,0.0,5.0,100,-33.467225,-70.657605,0,MANUAL
407.57,-0.047,-0.047,-2.36,0.118,0.0,5.0,100,-33.467225,-70.657605,0,MANUAL
407.62,-0.047,-0.047,-2.36,0.118,0.001,5.0,100,-33.467225,-70.657605,0,MANUAL
407.83,-0.047,-0.047,-2.36,0.118,0.001,5.0,100,-33.467225,-70.657605,0,MANUAL
408.09,-0.047,-0.047,-2.36,0.118,0.001,5.0,100,-33.467225,-70.657605,0,MANUAL
408.47,-0.047,-0.047,-2.36,0.118,0.001,5.0,100,-33.467225,-70.657605,0,MANUAL
408.55,-0.047,-0.047,-2.36,0.118,0.001,5.0,100,-33.467225,-70.657605,0,MANUAL
408.88,-0.047,-0.047,-2.36,0.118,0.001,5.0,100,-33.467225,-70.657605,0,MANUAL
409.13,-0.047,-0.047,-2.36,0.118,0.001,5.0,100,-33.467225,-70.657605,0,MANUAL
409.31,-0.047,-0.047,-2.36,0.118,0.001,5.0,100,-33.467225,-70.657605,0,MANUAL
409.57,-0.047,-0.047,-2.36,0.118,0.004,5.0,100,-33.467225,-70.657605,0,MANUAL
409.78,-0.047,-0.046,-2.36,0.118,0.004,5.0,100,-33.467225,-70.657605,0,MANUAL
410.03,-0.047,-0.047,-2.36,0.118,0.004,5.0,100,-33.467225,-70.657605,0,MANUAL
410.26,-0.047,-0.047,-2.36,0.118,0.001,5.0,100,-33.467225,-70.657605,0,MANUAL
410.49,-0.047,-0.047,-2.36,0.118,0.001,5.0,100,-33.467225,-70.657605,0,MANUAL
410.72,-0.047,-0.047,-2.36,0.118,0.001,5.0,100,-33.467225,-70.657605,0,MANUAL
411.03,-0.047,-0.047,-2.36,0.132,0.001,5.0,100,-33.467225,-70.657605,0,MANUAL
411.19,-0.047,-0.047,-2.36,0.132,0.001,5.0,100,-33.467225,-70.657605,0,MANUAL
411.42,-0.047,-0.046,-2.36,0.132,0.001,5.0,100,-33.467225,-70.657605,0,MANUAL
411.65,-0.047,-0.046,-2.36,0.132,0.001,5.0,100,-33.467225,-70.657605,0,MANUAL
411.85,-0.047,-0.046,-2.36,0.132,0.001,5.0,100,-33.467225,-70.657605,0,MANUAL
412.21,-0.047,-0.046,-2.36,0.132,0.001,5.0,100,-33.467225,-70.657605,0,MANUAL
412.45,-0.047,-0.046,-2.36,0.132,0.001,5.0,100,-33.467225,-70.657605,0,MANUAL
412.73,-0.047,-0.047,-2.36,0.132,0.001,5.0,100,-33.467225,-70.657605,0,MANUAL
412.93,-0.047,-0.047,-2.36,0.132,0.001,5.0,100,-33.467225,-70.657605,0,MANUAL
413.14,-0.047,-0.046,-2.36,0.132,0.003,5.0,100,-33.467225,-70.657605,0,MANUAL
413.42,-0.047,-0.047,-2.36,0.132,0.003,5.0,100,-33.467225,-70.657605,0,MANUAL
413.6,-0.047,-0.047,-2.36,0.132,0.003,5.0,100,-33.467225,-70.657605,0,MANUAL
413.85,-0.047,-0.047,-2.36,0.132,0.0,5.0,100,-33.467225,-70.657605,0,MANUAL
414.08,-0.047,-0.047,-2.36,0.132,0.0,5.0,100,-33.467225,-70.657605,0,MANUAL
414.31,-0.047,-0.047,-2.361,0.132,0.0,5.0,100,-33.467225,-70.657605,0,MANUAL
414.51,-0.047,-0.047,-2.361,0.151,0.0,5.0,100,-33.467225,-70.657605,0,MANUAL
414.77,-0.047,-0.046,-2.361,0.151,0.003,5.0,100,-33.467225,-70.657605,0,MANUAL
415.0,-0.047,-0.046,-2.361,0.151,0.003,5.0,100,-33.467225,-70.657605,0,MANUAL
415.23,-0.047,-0.046,-2.361,0.151,0.003,5.0,100,-33.467225,-70.657605,0,MANUAL
415.46,-0.047,-0.046,-2.361,0.151,0.003,5.0,100,-33.467225,-70.657605,0,MANUAL
415.69,-0.047,-0.046,-2.361,0.151,0.002,5.0,100,-33.467225,-70.657605,0,MANUAL
415.92,-0.047,-0.046,-2.361,0.151,0.002,5.0,100,-33.467225,-70.657605,0,MANUAL
416.27,-0.047,-0.046,-2.361,0.151,0.002,5.0,100,-33.467225,-70.657605,0,MANUAL
416.5,-0.047,-0.047,-2.361,0.151,0.002,5.0,100,-33.467225,-70.657605,0,MANUAL
416.71,-0.047,-0.047,-2.361,0.151,0.004,5.0,100,-33.467225,-70.657605,0,MANUAL
416.99,-0.047,-0.047,-2.361,0.151,0.004,5.0,100,-33.467225,-70.657605,0,MANUAL
417.19,-0.047,-0.047,-2.361,0.151,0.004,5.0,100,-33.467225,-70.657605,0,MANUAL
417.39,-0.047,-0.047,-2.361,0.151,0.0,5.0,100,-33.467225,-70.657605,0,MANUAL
417.65,-0.047,-0.047,-2.361,0.151,0.0,5.0,100,-33.467225,-70.657605,0,MANUAL
417.88,-0.046,-0.047,-2.361,0.151,0.0,5.0,100,-33.467225,-70.657605,0,MANUAL
418.19,-0.046,-0.047,-2.361,0.163,0.0,5.0,100,-33.467225,-70.657605,0,MANUAL
418.34,-0.046,-0.047,-2.361,0.163,0.001,5.0,100,-33.467225,-70.657605,0,MANUAL
418.57,-0.046,-0.047,-2.361,0.163,0.001,5.0,100,-33.467225,-70.657605,0,MANUAL
418.8,-0.046,-0.047,-2.361,0.163,0.001,5.0,100,-33.467225,-70.657605,0,MANUAL
419.05,-0.047,-0.047,-2.361,0.163,0.001,5.0,100,-33.467225,-70.657605,0,MANUAL
419.26,-0.046,-0.047,-2.361,0.163,0.0,5.0,100,-33.467225,-70.657605,0,MANUAL
419.49,-0.046,-0.047,-2.361,0.163,0.0,5.0,100,-33.467225,-70.657605,0,MANUAL
419.84,-0.046,-0.046,-2.361,0.163,0.0,5.0,100,-33.467225,-70.657605,0,MANUAL
420.1,-0.046,-0.047,-2.361,0.163,0.0,5.0,100,-33.467225,-70.657605,0,MANUAL
420.3,-0.046,-0.046,-2.361,0.163,0.001,5.0,100,-33.467225,-70.657605,0,MANUAL
420.58,-0.046,-0.047,-2.361,0.163,0.001,5.0,100,-33.467225,-70.657605,0,MANUAL
420.76,-0.046,-0.046,-2.361,0.163,0.001,5.0,100,-33.467225,-70.657605,0,MANUAL
421.02,-0.046,-0.047,-2.361,0.163,0.001,5.0,100,-33.467225,-70.657605,0,MANUAL
421.25,-0.046,-0.047,-2.361,0.163,0.001,5.0,100,-33.467225,-70.657605,0,MANUAL
421.45,-0.046,-0.047,-2.361,0.163,0.001,5.0,100,-33.467225,-70.657605,0,MANUAL
421.66,-0.046,-0.047,-2.361,0.184,0.001,5.0,100,-33.467225,-70.657605,0,MANUAL
421.94,-0.046,-0.046,-2.361,0.184,0.002,5.0,100,-33.467225,-70.657605,0,MANUAL
422.14,-0.046,-0.047,-2.361,0.184,0.002,5.0,100,-33.467225,-70.657605,0,MANUAL
422.37,-0.046,-0.046,-2.361,0.184,0.002,5.0,100,-33.467225,-70.657605,0,MANUAL
422.6,-0.046,-0.046,-2.361,0.184,0.002,5.0,100,-33.467225,-70.657605,0,MANUAL
422.83,-0.046,-0.047,-2.361,0.184,0.002,5.0,100,-33.467225,-70.657605,0,MANUAL
423.09,-0.047,-0.047,-2.361,0.184,0.002,5.0,100,-33.467225,-70.657605,0,MANUAL
423.29,-0.046,-0.047,-2.361,0.184,0.002,5.0,100,-33.467225,-70.657605,0,MANUAL
423.54,-0.046,-0.047,-2.361,0.184,0.002,5.0,100,-33.467225,-70.657605,0,MANUAL
423.88,-0.046,-0.047,-2.361,0.184,0.001,5.0,100,-33.467225,-70.657605,0,MANUAL
424.13,-0.047,-0.047,-2.362,0.184,0.001,5.0,100,-33.467225,-70.657605,0,MANUAL
424.33,-0.046,-0.047,-2.362,0.184,0.001,5.0,100,-33.467225,-70.657605,0,MANUAL
424.56,-0.046,-0.047,-2.362,0.184,0.0,5.0,100,-33.467225,-70.657605,0,MANUAL
424.82,-0.046,-0.047,-2.362,0.184,0.0,5.0,100,-33.467225,-70.657605,0,MANUAL
425.05,-0.046,-0.047,-2.362,0.184,0.0,5.0,100,-33.467225,-70.657605,0,MANUAL
425.26,-0.046,-0.047,-2.362,0.195,0.0,5.0,100,-33.467225,-70.657605,0,MANUAL
425.51,-0.046,-0.047,-2.362,0.195,0.003,5.0,100,-33.467225,-70.657605,0,MANUAL
425.72,-0.046,-0.047,-2.362,0.195,0.003,5.0,100,-33.467225,-70.657605,0,MANUAL
425.95,-0.046,-0.047,-2.362,0.195,0.003,5.0,100,-33.467225,-70.657605,0,MANUAL
426.2,-0.046,-0.047,-2.362,0.195,0.003,5.0,100,-33.467225,-70.657605,0,MANUAL
426.41,-0.046,-0.047,-2.362,0.195,0.001,5.0,100,-33.467225,-70.657605,0,MANUAL
426.64,-0.046,-0.047,-2.362,0.195,0.001,5.0,100,-33.467225,-70.657605,0,MANUAL
427.0,-0.046,-0.047,-2.362,0.195,0.001,5.0,100,-33.467225,-70.657605,0,MANUAL
427.1,-0.046,-0.047,-2.362,0.195,0.001,5.0,100,-33.467225,-70.657605,0,MANUAL
427.46,-0.046,-0.047,-2.362,0.195,0.002,5.0,100,-33.467225,-70.657605,0,MANUAL
427.71,-0.047,-0.047,-2.362,0.195,0.002,5.0,100,-33.467225,-70.657605,0,MANUAL
427.92,-0.047,-0.047,-2.362,0.195,0.002,5.0,100,-33.467225,-70.657605,0,MANUAL
428.15,-0.047,-0.047,-2.362,0.195,0.001,5.0,100,-33.467225,-70.657605,0,MANUAL
428.38,-0.047,-0.047,-2.362,0.195,0.001,5.0,100,-33.467225,-70.657605,0,MANUAL
428.61,-0.047,-0.047,-2.362,0.195,0.001,5.0,100,-33.467225,-70.657605,0,MANUAL
428.81,-0.047,-0.047,-2.362,0.198,0.001,5.0,100,-33.467225,-70.657605,0,MANUAL
429.1,-0.047,-0.047,-2.362,0.198,0.003,5.0,100,-33.467225,-70.657605,0,MANUAL
429.3,-0.046,-0.047,-2.362,0.198,0.003,5.0,100,-33.467225,-70.657605,0,MANUAL
429.53,-0.047,-0.047,-2.362,0.198,0.003,5.0,100,-33.467225,-70.657605,0,MANUAL
429.78,-0.046,-0.047,-2.362,0.198,0.003,5.0,100,-33.467225,-70.657605,0,MANUAL
430.01,-0.047,-0.047,-2.362,0.198,0.002,5.0,100,-33.467225,-70.657605,0,MANUAL
430.22,-0.046,-0.047,-2.362,0.198,0.002,5.0,100,-33.467225,-70.657605,0,MANUAL
430.45,-0.046,-0.047,-2.362,0.198,0.002,5.0,100,-33.467225,-70.657605,0,MANUAL
430.73,-0.046,-0.047,-2.362,0.198,0.002,5.0,100,-33.467225,-70.657605,0,MANUAL
431.03,-0.046,-0.047,-2.362,0.198,0.001,5.0,100,-33.467225,-70.657605,0,MANUAL
431.29,-0.046,-0.047,-2.362,0.198,0.001,5.0,100,-33.467225,-70.657605,0,MANUAL
431.49,-0.047,-0.047,-2.362,0.198,0.001,5.0,100,-33.467225,-70.657605,0,MANUAL
431.72,-0.046,-0.047,-2.362,0.198,0.001,5.0,100,-33.467225,-70.657605,0,MANUAL
432.0,-0.046,-0.047,-2.362,0.198,0.001,5.0,100,-33.467225,-70.657605,0,MANUAL
432.18,-0.046,-0.047,-2.362,0.198,0.001,5.0,100,-33.467225,-70.657605,0,MANUAL
432.38,-0.046,-0.047,-2.362,0.212,0.001,5.0,100,-33.467225,-70.657605,0,MANUAL
432.67,-0.046,-0.047,-2.362,0.212,0.001,5.0,100,-33.467225,-70.657605,0,MANUAL
432.9,-0.046,-0.047,-2.362,0.212,0.001,5.0,100,-33.467225,-70.657605,0,MANUAL
433.1,-0.046,-0.047,-2.362,0.212,0.001,5.0,100,-33.467225,-70.657605,0,MANUAL
433.35,-0.046,-0.047,-2.362,0.212,0.001,5.0,100,-33.467225,-70.657605,0,MANUAL
433.56,-0.046,-0.047,-2.362,0.212,0.002,5.0,100,-33.467225,-70.657605,0,MANUAL
433.81,-0.046,-0.047,-2.362,0.212,0.002,5.0,100,-33.467225,-70.657605,0,MANUAL
434.07,-0.046,-0.047,-2.362,0.212,0.002,5.0,100,-33.467225,-70.657605,0,MANUAL
434.28,-0.046,-0.047,-2.362,0.212,0.002,5.0,100,-33.467225,-70.657605,0,MANUAL
434.5,-0.046,-0.047,-2.362,0.212,0.001,5.0,100,-33.467225,-70.657605,0,MANUAL
434.86,-0.046,-0.047,-2.362,0.212,0.001,5.0,100,-33.467225,-70.657605,0,MANUAL
435.07,-0.046,-0.047,-2.362,0.212,0.001,5.0,100,-33.467225,-70.657605,0,MANUAL
435.3,-0.046,-0.047,-2.362,0.212,0.001,5.0,100,-33.467225,-70.657605,0,MANUAL
435.55,-0.046,-0.047,-2.362,0.212,0.001,5.0,100,-33.467225,-70.657605,0,MANUAL
435.76,-0.046,-0.047,-2.362,0.212,0.001,5.0,100,-33.467225,-70.657605,0,MANUAL
435.99,-0.046,-0.047,-2.363,0.223,0.001,5.0,100,-33.467225,-70.657605,0,MANUAL
436.27,-0.046,-0.047,-2.362,0.223,0.001,5.0,100,-33.467225,-70.657605,0,MANUAL
436.45,-0.046,-0.046,-2.362,0.223,0.001,5.0,100,-33.467225,-70.657605,0,MANUAL
436.7,-0.047,-0.047,-2.362,0.223,0.001,5.0,100,-33.467225,-70.657605,0,MANUAL
436.93,-0.046,-0.047,-2.362,0.223,0.001,5.0,100,-33.467225,-70.657605,0,MANUAL
437.16,-0.046,-0.047,-2.362,0.223,0.001,5.0,100,-33.467225,-70.657605,0,MANUAL
437.39,-0.046,-0.047,-2.363,0.223,0.001,5.0,100,-33.467225,-70.657605,0,MANUAL
437.64,-0.046,-0.047,-2.363,0.223,0.001,5.0,100,-33.467225,-70.657605,0,MANUAL
437.87,-0.046,-0.047,-2.363,0.223,0.001,5.0,100,-33.467225,-70.657605,0,MANUAL
438.1,-0.046,-0.047,-2.363,0.223,0.001,5.0,100,-33.467225,-70.657605,0,MANUAL
438.31,-0.046,-0.047,-2.363,0.223,0.001,5.0,100,-33.467225,-70.657605,0,MANUAL
438.56,-0.046,-0.047,-2.363,0.223,0.001,5.0,100,-33.467225,-70.657605,0,MANUAL
438.79,-0.046,-0.047,-2.363,0.223,0.001,5.0,100,-33.467225,-70.657605,0,MANUAL
439.12,-0.046,-0.047,-2.363,0.223,0.001,5.0,100,-33.467225,-70.657605,0,MANUAL
439.35,-0.046,-0.047,-2.363,0.223,0.001,5.0,100,-33.467225,-70.657605,0,MANUAL
439.56,-0.046,-0.047,-2.363,0.22,0.001,5.0,100,-33.467225,-70.657605,0,MANUAL
439.81,-0.047,-0.047,-2.363,0.22,0.002,5.0,100,-33.467225,-70.657605,0,MANUAL
440.04,-0.046,-0.047,-2.363,0.22,0.002,5.0,100,-33.467225,-70.657605,0,MANUAL
440.27,-0.046,-0.047,-2.363,0.22,0.002,5.0,100,-33.467225,-70.657605,0,MANUAL
440.5,-0.046,-0.047,-2.363,0.22,0.002,5.0,100,-33.467225,-70.657605,0,MANUAL
440.73,-0.046,-0.047,-2.363,0.22,0.002,5.0,100,-33.467225,-70.657605,0,MANUAL
440.97,-0.046,-0.047,-2.363,0.22,0.002,5.0,100,-33.467225,-70.657605,0,MANUAL
441.2,-0.046,-0.047,-2.363,0.22,0.002,5.0,100,-33.467225,-70.657605,0,MANUAL
441.43,-0.046,-0.047,-2.363,0.22,0.002,5.0,100,-33.467225,-70.657605,0,MANUAL
441.64,-0.046,-0.047,-2.363,0.22,0.0,5.0,100,-33.467225,-70.657605,0,MANUAL
441.89,-0.046,-0.047,-2.363,0.22,0.0,5.0,100,-33.467225,-70.657605,0,MANUAL
442.12,-0.046,-0.047,-2.363,0.22,0.0,5.0,100,-33.467225,-70.657605,0,MANUAL
442.38,-0.046,-0.047,-2.363,0.22,0.002,5.0,100,-33.467225,-70.657605,0,MANUAL
442.73,-0.046,-0.047,-2.363,0.22,0.002,5.0,100,-33.467225,-70.657605,0,MANUAL
442.93,-0.046,-0.047,-2.363,0.22,0.002,5.0,100,-33.467225,-70.657605,0,MANUAL
443.16,-0.046,-0.047,-2.363,0.224,0.002,5.0,100,-33.467225,-70.657605,0,MANUAL
443.42,-0.046,-0.047,-2.363,0.224,0.002,5.0,100,-33.467225,-70.657605,0,MANUAL
443.6,-0.046,-0.047,-2.363,0.224,0.002,5.0,100,-33.467225,-70.657605,0,MANUAL
443.85,-0.047,-0.047,-2.363,0.224,0.002,5.0,100,-33.467225,-70.657605,0,MANUAL
444.11,-0.046,-0.047,-2.363,0.224,0.002,5.0,100,-33.467225,-70.657605,0,MANUAL
444.31,-0.047,-0.047,-2.363,0.224,0.001,5.0,100,-33.467225,-70.657605,0,MANUAL
444.54,-0.046,-0.047,-2.363,0.224,0.001,5.0,100,-33.467225,-70.657605,0,MANUAL
444.8,-0.047,-0.047,-2.363,0.224,0.001,5.0,100,-33.467225,-70.657605,0,MANUAL
445.03,-0.046,-0.047,-2.363,0.224,0.001,5.0,100,-33.467225,-70.657605,0,MANUAL
445.23,-0.046,-0.047,-2.363,0.224,0.001,5.0,100,-33.467225,-70.657605,0,MANUAL
445.48,-0.047,-0.047,-2.363,0.224,0.001,5.0,100,-33.467225,-70.657605,0,MANUAL
445.69,-0.047,-0.047,-2.363,0.224,0.001,5.0,100,-33.467225,-70.657605,0,MANUAL
445.97,-0.047,-0.047,-2.363,0.224,0.001,5.0,100,-33.467225,-70.657605,0,MANUAL
446.3,-0.047,-0.047,-2.363,0.224,0.001,5.0,100,-33.467225,-70.657605,0,MANUAL
446.5,-0.047,-0.047,-2.363,0.224,0.001,5.0,100,-33.467225,-70.657605,0,MANUAL
446.81,-0.047,-0.047,-2.363,0.217,0.001,5.0,100,-33.467225,-70.657605,0,MANUAL
446.98,-0.047,-0.047,-2.363,0.217,0.001,5.0,100,-33.467225,-70.657605,0,MANUAL
447.19,-0.047,-0.047,-2.363,0.217,0.001,5.0,100,-33.467225,-70.657605,0,MANUAL
447.42,-0.047,-0.047,-2.363,0.217,0.001,5.0,100,-33.467225,-70.657605,0,MANUAL
447.7,-0.046,-0.046,-2.363,0.217,0.001,5.0,100,-33.467225,-70.657605,0,MANUAL
447.88,-0.046,-0.046,-2.363,0.217,0.002,5.0,100,-33.467225,-70.657605,0,MANUAL
448.13,-0.046,-0.046,-2.363,0.217,0.002,5.0,100,-33.467225,-70.657605,0,MANUAL
448.36,-0.046,-0.046,-2.363,0.217,0.002,5.0,100,-33.467225,-70.657605,0,MANUAL
448.59,-0.046,-0.047,-2.363,0.217,0.002,5.0,100,-33.467225,-70.657605,0,MANUAL
448.82,-0.047,-0.047,-2.364,0.217,0.002,5.0,100,-33.467225,-70.657605,0,MANUAL
449.07,-0.046,-0.047,-2.363,0.217,0.002,5.0,100,-33.467225,-70.657605,0,MANUAL
449.28,-0.047,-0.047,-2.363,0.217,0.002,5.0,100,-33.467225,-70.657605,0,MANUAL
449.53,-0.047,-0.047,-2.363,0.217,0.002,5.0,100,-33.467225,-70.657605,0,MANUAL
449.86,-0.047,-0.047,-2.363,0.217,0.002,5.0,100,-33.467225,-70.657605,0,MANUAL
449.99,-0.046,-0.047,-2.363,0.217,0.002,5.0,100,-33.467225,-70.657605,0,MANUAL
450.32,-0.046,-0.047,-2.364,0.21,0.002,5.0,100,-33.467225,-70.657605,0,MANUAL
450.57,-0.047,-0.047,-2.364,0.21,0.001,5.0,100,-33.467225,-70.657605,0,MANUAL
450.78,-0.046,-0.047,-2.364,0.21,0.001,5.0,100,-33.467225,-70.657605,0,MANUAL
451.03,-0.047,-0.047,-2.364,0.21,0.001,5.0,100,-33.467225,-70.657605,0,MANUAL
451.28,-0.046,-0.047,-2.364,0.21,0.001,5.0,100,-33.467225,-70.657605,0,MANUAL
451.46,-0.047,-0.047,-2.364,0.21,0.001,5.0,100,-33.467225,-70.657605,0,MANUAL
451.69,-0.047,-0.047,-2.364,0.21,0.001,5.0,100,-33.467225,-70.657605,0,MANUAL
451.95,-0.046,-0.047,-2.364,0.21,0.001,5.0,100,-33.467225,-70.657605,0,MANUAL
452.18,-0.046,-0.047,-2.364,0.21,0.001,5.0,100,-33.467225,-70.657605,0,MANUAL
452.38,-0.046,-0.047,-2.364,0.21,0.002,5.0,100,-33.467225,-70.657605,0,MANUAL
452.64,-0.046,-0.047,-2.364,0.21,0.002,5.0,100,-33.467225,-70.657605,0,MANUAL
452.84,-0.046,-0.047,-2.364,0.21,0.002,5.0,100,-33.467225,-70.657605,0,MANUAL
453.12,-0.046,-0.047,-2.364,0.21,0.001,5.0,100,-33.467225,-70.657605,0,MANUAL
453.45,-0.046,-0.047,-2.364,0.21,0.001,5.0,100,-33.467225,-70.657605,0,MANUAL
453.55,-0.046,-0.047,-2.364,0.21,0.001,5.0,100,-33.467225,-70.657605,0,MANUAL
453.94,-0.046,-0.047,-2.364,0.219,0.001,5.0,100,-33.467225,-70.657605,0,MANUAL
454.14,-0.046,-0.047,-2.364,0.219,0.001,5.0,100,-33.467225,-70.657605,0,MANUAL
454.35,-0.046,-0.047,-2.364,0.219,0.001,5.0,100,-33.467225,-70.657605,0,MANUAL
454.58,-0.046,-0.047,-2.364,0.219,0.001,5.0,100,-33.467225,-70.657605,0,MANUAL
454.81,-0.046,-0.047,-2.364,0.219,0.001,5.0,100,-33.467225,-70.657605,0,MANUAL
455.04,-0.046,-0.047,-2.364,0.219,0.002,5.0,100,-33.467225,-70.657605,0,MANUAL
455.27,-0.046,-0.047,-2.364,0.219,0.002,5.0,100,-33.467225,-70.657605,0,MANUAL
455.53,-0.046,-0.047,-2.364,0.219,0.002,5.0,100,-33.467225,-70.657605,0,MANUAL
455.74,-0.046,-0.047,-2.364,0.219,0.002,5.0,100,-33.467225,-70.657605,0,MANUAL
455.97,-0.046,-0.047,-2.364,0.219,0.002,5.0,100,-33.467225,-70.657605,0,MANUAL
456.22,-0.046,-0.047,-2.364,0.219,0.002,5.0,100,-33.467225,-70.657605,0,MANUAL
456.43,-0.046,-0.047,-2.364,0.219,0.002,5.0,100,-33.467225,-70.657605,0,MANUAL
456.69,-0.046,-0.047,-2.364,0.219,0.001,5.0,100,-33.467225,-70.657605,0,MANUAL
456.89,-0.046,-0.047,-2.364,0.219,0.001,5.0,100,-33.467225,-70.657605,0,MANUAL
457.14,-0.046,-0.047,-2.364,0.219,0.001,5.0,100,-33.467225,-70.657605,0,MANUAL
457.45,-0.046,-0.047,-2.364,0.226,0.001,5.0,100,-33.467225,-70.657605,0,MANUAL
457.71,-0.046,-0.047,-2.364,0.226,0.001,5.0,100,-33.467225,-70.657605,0,MANUAL
457.93,-0.046,-0.047,-2.364,0.226,0.001,5.0,100,-33.467225,-70.657605,0,MANUAL
458.16,-0.046,-0.047,-2.364,0.226,0.001,5.0,100,-33.467225,-70.657605,0,MANUAL
458.45,-0.046,-0.047,-2.364,0.226,0.001,5.0,100,-33.467225,-70.657605,0,MANUAL
458.63,-0.046,-0.047,-2.364,0.226,0.001,5.0,100,-33.467225,-70.657605,0,MANUAL
458.86,-0.046,-0.047,-2.364,0.226,0.001,5.0,100,-33.467225,-70.657605,0,MANUAL
459.09,-0.046,-0.047,-2.364,0.226,0.001,5.0,100,-33.467225,-70.657605,0,MANUAL
459.34,-0.046,-0.047,-2.364,0.226,0.001,5.0,100,-33.467225,-70.657605,0,MANUAL
459.55,-0.046,-0.047,-2.364,0.226,0.002,5.0,100,-33.467225,-70.657605,0,MANUAL
459.81,-0.046,-0.047,-2.364,0.226,0.002,5.0,100,-33.467225,-70.657605,0,MANUAL
460.01,-0.046,-0.047,-2.364,0.226,0.002,5.0,100,-33.467225,-70.657605,0,MANUAL
460.28,-0.046,-0.047,-2.364,0.226,0.001,5.0,100,-33.467225,-70.657605,0,MANUAL
460.45,-0.046,-0.047,-2.364,0.226,0.001,5.0,100,-33.467225,-70.657605,0,MANUAL
460.71,-0.046,-0.047,-2.365,0.226,0.001,5.0,100,-33.467225,-70.657605,0,MANUAL
461.02,-0.046,-0.047,-2.365,0.23,0.001,5.0,100,-33.467225,-70.657605,0,MANUAL
461.33,-0.046,-0.047,-2.365,0.23,0.001,5.0,100,-33.467225,-70.657605,0,MANUAL
461.51,-0.046,-0.047,-2.365,0.23,0.001,5.0,100,-33.467225,-70.657605,0,MANUAL
461.74,-0.046,-0.047,-2.365,0.23,0.001,5.0,100,-33.467225,-70.657605,0,MANUAL
462.02,-0.046,-0.047,-2.365,0.23,0.001,5.0,100,-33.467225,-70.657605,0,MANUAL
462.2,-0.046,-0.047,-2.365,0.23,0.001,5.0,100,-33.467225,-70.657605,0,MANUAL
462.43,-0.046,-0.047,-2.365,0.23,0.001,5.0,100,-33.467225,-70.657605,0,MANUAL
462.69,-0.046,-0.047,-2.365,0.23,0.001,5.0,100,-33.467225,-70.657605,0,MANUAL
462.89,-0.046,-0.047,-2.365,0.23,0.001,5.0,100,-33.467225,-70.657605,0,MANUAL
463.13,-0.046,-0.047,-2.365,0.23,0.002,5.0,100,-33.467225,-70.657605,0,MANUAL
463.38,-0.046,-0.047,-2.365,0.23,0.002,5.0,100,-33.467225,-70.657605,0,MANUAL
463.59,-0.046,-0.047,-2.365,0.23,0.002,5.0,100,-33.467225,-70.657605,0,MANUAL
463.85,-0.046,-0.047,-2.365,0.23,0.001,5.0,100,-33.467225,-70.657605,0,MANUAL
464.08,-0.046,-0.047,-2.365,0.23,0.001,5.0,100,-33.467225,-70.657605,0,MANUAL
464.28,-0.046,-0.047,-2.365,0.23,0.001,5.0,100,-33.467225,-70.657605,0,MANUAL
464.61,-0.046,-0.047,-2.365,0.219,0.001,5.0,100,-33.467225,-70.657605,0,MANUAL
464.74,-0.046,-0.047,-2.365,0.219,0.002,5.0,100,-33.467225,-70.657605,0,MANUAL
465.0,-0.046,-0.047,-2.365,0.219,0.002,5.0,100,-33.467225,-70.657605,0,MANUAL
465.33,-0.046,-0.047,-2.365,0.219,0.002,5.0,100,-33.467225,-70.657605,0,MANUAL
465.61,-0.046,-0.047,-2.365,0.219,0.002,5.0,100,-33.467225,-70.657605,0,MANUAL
465.77,-0.046,-0.047,-2.365,0.219,0.002,5.0,100,-33.467225,-70.657605,0,MANUAL
466.03,-0.046,-0.047,-2.365,0.219,0.002,5.0,100,-33.467225,-70.657605,0,MANUAL
466.23,-0.046,-0.047,-2.365,0.219,0.002,5.0,100,-33.467225,-70.657605,0,MANUAL
466.49,-0.046,-0.047,-2.365,0.219,0.002,5.0,100,-33.467225,-70.657605,0,MANUAL
466.69,-0.046,-0.047,-2.365,0.219,0.002,5.0,100,-33.467225,-70.657605,0,MANUAL
466.95,-0.046,-0.047,-2.365,0.219,0.002,5.0,100,-33.467225,-70.657605,0,MANUAL
467.16,-0.046,-0.047,-2.365,0.219,0.002,5.0,100,-33.467225,-70.657605,0,MANUAL
467.49,-0.046,-0.047,-2.365,0.219,0.002,5.0,100,-33.467225,-70.657605,0,MANUAL
467.65,-0.046,-0.047,-2.365,0.219,0.002,5.0,100,-33.467225,-70.657605,0,MANUAL
467.88,-0.046,-0.047,-2.365,0.219,0.002,5.0,100,-33.467225,-70.657605,0,MANUAL
468.19,-0.046,-0.047,-2.365,0.214,0.002,5.0,100,-33.467225,-70.657605,0,MANUAL
468.32,-0.046,-0.047,-2.365,0.214,0.001,5.0,100,-33.467225,-70.657605,0,MANUAL
468.57,-0.046,-0.047,-2.365,0.214,0.001,5.0,100,-33.467225,-70.657605,0,MANUAL
468.9,-0.046,-0.047,-2.365,0.214,0.001,5.0,100,-33.467225,-70.657605,0,MANUAL
469.18,-0.046,-0.047,-2.365,0.214,0.001,5.0,100,-33.467225,-70.657605,0,MANUAL
469.36,-0.046,-0.047,-2.365,0.214,0.001,5.0,100,-33.467225,-70.657605,0,MANUAL
469.57,-0.046,-0.047,-2.365,0.214,0.001,5.0,100,-33.467225,-70.657605,0,MANUAL
469.85,-0.046,-0.047,-2.365,0.214,0.001,5.0,100,-33.467225,-70.657605,0,MANUAL
470.05,-0.046,-0.047,-2.365,0.214,0.001,5.0,100,-33.467225,-70.657605,0,MANUAL
470.28,-0.047,-0.047,-2.365,0.214,0.001,5.0,100,-33.467225,-70.657605,0,MANUAL
470.5,-0.047,-0.047,-2.365,0.214,0.001,5.0,100,-33.467225,-70.657605,0,MANUAL
470.76,-0.047,-0.047,-2.365,0.214,0.001,5.0,100,-33.467225,-70.657605,0,MANUAL
471.01,-0.047,-0.046,-2.365,0.214,0.001,5.0,100,-33.467225,-70.657605,0,MANUAL
471.22,-0.047,-0.047,-2.365,0.214,0.001,5.0,100,-33.467225,-70.657605,0,MANUAL
471.46,-0.047,-0.047,-2.365,0.214,0.001,5.0,100,-33.467225,-70.657605,0,MANUAL
471.77,-0.047,-0.047,-2.365,0.211,0.001,5.0,100,-33.467225,-70.657605,0,MANUAL
471.9,-0.047,-0.046,-2.365,0.211,0.001,5.0,100,-33.467225,-70.657605,0,MANUAL
472.23,-0.047,-0.046,-2.365,0.211,0.001,5.0,100,-33.467225,-70.657605,0,MANUAL
472.37,-0.047,-0.046,-2.365,0.211,0.001,5.0,100,-33.467225,-70.657605,0,MANUAL
472.75,-0.047,-0.046,-2.365,0.211,0.001,5.0,100,-33.467225,-70.657605,0,MANUAL
472.93,-0.047,-0.046,-2.365,0.211,0.0,5.0,100,-33.467225,-70.657605,0,MANUAL
473.16,-0.047,-0.046,-2.365,0.211,0.0,5.0,100,-33.467225,-70.657605,0,MANUAL
473.43,-0.047,-0.046,-2.365,0.211,0.0,5.0,100,-33.467225,-70.657605,0,MANUAL
473.63,-0.047,-0.046,-2.365,0.211,0.0,5.0,100,-33.467225,-70.657605,0,MANUAL
473.86,-0.047,-0.046,-2.365,0.211,0.001,5.0,100,-33.467225,-70.657605,0,MANUAL
474.12,-0.047,-0.046,-2.365,0.211,0.001,5.0,100,-33.467225,-70.657605,0,MANUAL
474.33,-0.047,-0.046,-2.365,0.211,0.001,5.0,100,-33.467225,-70.657605,0,MANUAL
474.59,-0.047,-0.046,-2.365,0.211,0.001,5.0,100,-33.467225,-70.657605,0,MANUAL
474.79,-0.047,-0.046,-2.365,0.211,0.001,5.0,100,-33.467225,-70.657605,0,MANUAL
475.02,-0.047,-0.046,-2.365,0.211,0.001,5.0,100,-33.467225,-70.657605,0,MANUAL
475.33,-0.047,-0.046,-2.365,0.206,0.001,5.0,100,-33.467225,-70.657605,0,MANUAL
475.49,-0.047,-0.046,-2.365,0.206,0.001,5.0,100,-33.467225,-70.657605,0,MANUAL
475.74,-0.047,-0.046,-2.365,0.206,0.001,5.0,100,-33.467225,-70.657605,0,MANUAL
475.95,-0.047,-0.046,-2.365,0.206,0.001,5.0,100,-33.467225,-70.657605,0,MANUAL
476.38,-0.047,-0.046,-2.365,0.206,0.001,5.0,100,-33.467225,-70.657605,0,MANUAL
476.51,-0.047,-0.046,-2.365,0.206,0.002,5.0,100,-33.467225,-70.657605,0,MANUAL
476.76,-0.047,-0.046,-2.365,0.206,0.002,5.0,100,-33.467225,-70.657605,0,MANUAL
477.02,-0.047,-0.046,-2.365,0.206,0.002,5.0,100,-33.467225,-70.657605,0,MANUAL
477.23,-0.047,-0.046,-2.365,0.206,0.002,5.0,100,-33.467225,-70.657605,0,MANUAL
477.43,-0.047,-0.046,-2.365,0.206,0.001,5.0,100,-33.467225,-70.657605,0,MANUAL
477.77,-0.047,-0.046,-2.365,0.206,0.001,5.0,100,-33.467225,-70.657605,0,MANUAL
477.9,-0.047,-0.046,-2.365,0.206,0.001,5.0,100,-33.467225,-70.657605,0,MANUAL
478.14,-0.047,-0.046,-2.365,0.206,0.001,5.0,100,-33.467225,-70.657605,0,MANUAL
478.37,-0.047,-0.047,-2.365,0.206,0.001,5.0,100,-33.467225,-70.657605,0,MANUAL
478.6,-0.047,-0.046,-2.366,0.206,0.001,5.0,100,-33.467225,-70.657605,0,MANUAL
478.93,-0.047,-0.046,-2.366,0.194,0.001,5.0,100,-33.467225,-70.657605,0,MANUAL
479.06,-0.047,-0.046,-2.366,0.194,0.001,5.0,100,-33.467225,-70.657605,0,MANUAL
479.29,-0.047,-0.046,-2.367,0.194,0.001,5.0,100,-33.467225,-70.657605,0,MANUAL
479.52,-0.047,-0.046,-2.367,0.194,0.001,5.0,100,-33.467225,-70.657605,0,MANUAL
479.94,-0.047,-0.046,-2.367,0.194,0.001,5.0,100,-33.467225,-70.657605,0,MANUAL
479.99,-0.047,-0.046,-2.368,0.194,0.002,5.0,100,-33.467225,-70.657605,0,MANUAL
480.34,-0.047,-0.046,-2.368,0.194,0.002,5.0,100,-33.467225,-70.657605,0,MANUAL
480.6,-0.047,-0.046,-2.368,0.194,0.002,5.0,100,-33.467225,-70.657605,0,MANUAL
480.88,-0.047,-0.046,-2.368,0.194,0.002,5.0,100,-33.467225,-70.657605,0,MANUAL
481.03,-0.047,-0.046,-2.369,0.194,0.001,5.0,100,-33.467225,-70.657605,0,MANUAL
481.28,-0.047,-0.046,-2.369,0.194,0.001,5.0,100,-33.467225,-70.657605,0,MANUAL
481.49,-0.047,-0.046,-2.369,0.194,0.001,5.0,100,-33.467225,-70.657605,0,MANUAL
481.74,-0.047,-0.046,-2.369,0.194,0.0,5.0,100,-33.467225,-70.657605,0,MANUAL
481.97,-0.047,-0.046,-2.368,0.194,0.0,5.0,100,-33.467225,-70.657605,0,MANUAL
482.18,-0.047,-0.046,-2.368,0.194,0.0,5.0,100,-33.467225,-70.657605,0,MANUAL
482.53,-0.047,-0.046,-2.368,0.192,0.0,5.0,100,-33.467225,-70.657605,0,MANUAL
482.64,-0.047,-0.047,-2.368,0.192,0.002,5.0,100,-33.467225,-70.657605,0,MANUAL
482.86,-0.047,-0.046,-2.368,0.192,0.002,5.0,100,-33.467225,-70.657605,0,MANUAL
483.09,-0.047,-0.046,-2.368,0.192,0.002,5.0,100,-33.467225,-70.657605,0,MANUAL
483.35,-0.047,-0.046,-2.368,0.192,0.002,5.0,100,-33.467225,-70.657605,0,MANUAL
483.68,-0.047,-0.046,-2.368,0.192,0.002,5.0,100,-33.467225,-70.657605,0,MANUAL
483.91,-0.047,-0.046,-2.368,0.192,0.002,5.0,100,-33.467225,-70.657605,0,MANUAL
484.16,-0.047,-0.046,-2.368,0.192,0.002,5.0,100,-33.467225,-70.657605,0,MANUAL
484.39,-0.047,-0.046,-2.368,0.192,0.002,5.0,100,-33.467225,-70.657605,0,MANUAL
484.59,-0.047,-0.046,-2.368,0.192,0.0,5.0,100,-33.467225,-70.657605,0,MANUAL
484.82,-0.047,-0.046,-2.368,0.192,0.0,5.0,100,-33.467225,-70.657605,0,MANUAL
485.05,-0.047,-0.046,-2.368,0.192,0.0,5.0,100,-33.467225,-70.657605,0,MANUAL
485.28,-0.047,-0.046,-2.368,0.192,0.001,5.0,100,-33.467225,-70.657605,0,MANUAL
485.51,-0.047,-0.046,-2.368,0.192,0.001,5.0,100,-33.467225,-70.657605,0,MANUAL
485.75,-0.047,-0.046,-2.368,0.192,0.001,5.0,100,-33.467225,-70.657605,0,MANUAL
485.98,-0.047,-0.046,-2.367,0.178,0.001,5.0,100,-33.467225,-70.657605,0,MANUAL
486.2,-0.047,-0.046,-2.367,0.178,0.002,5.0,100,-33.467225,-70.657605,0,MANUAL
486.43,-0.047,-0.046,-2.367,0.178,0.002,5.0,100,-33.467225,-70.657605,0,MANUAL
486.69,-0.047,-0.046,-2.367,0.178,0.002,5.0,100,-33.467225,-70.657605,0,MANUAL
486.92,-0.047,-0.046,-2.367,0.178,0.002,5.0,100,-33.467225,-70.657605,0,MANUAL
487.17,-0.047,-0.046,-2.367,0.178,0.001,5.0,100,-33.467225,-70.657605,0,MANUAL
487.38,-0.047,-0.046,-2.367,0.178,0.001,5.0,100,-33.467225,-70.657605,0,MANUAL
487.74,-0.047,-0.046,-2.367,0.178,0.001,5.0,100,-33.467225,-70.657605,0,MANUAL
487.95,-0.047,-0.046,-2.367,0.178,0.001,5.0,100,-33.467225,-70.657605,0,MANUAL
488.18,-0.047,-0.046,-2.367,0.178,0.001,5.0,100,-33.467225,-70.657605,0,MANUAL
488.46,-0.047,-0.046,-2.367,0.178,0.001,5.0,100,-33.467225,-70.657605,0,MANUAL
488.64,-0.047,-0.046,-2.367,0.178,0.001,5.0,100,-33.467225,-70.657605,0,MANUAL
488.89,-0.047,-0.046,-2.367,0.178,0.001,5.0,100,-33.467225,-70.657605,0,MANUAL
489.12,-0.047,-0.046,-2.367,0.178,0.001,5.0,100,-33.467225,-70.657605,0,MANUAL
489.32,-0.047,-0.046,-2.367,0.178,0.001,5.0,100,-33.467225,-70.657605,0,MANUAL
489.71,-0.047,-0.046,-2.367,0.176,0.001,5.0,100,-33.467225,-70.657605,0,MANUAL
489.81,-0.047,-0.046,-2.367,0.176,0.001,5.0,100,-33.467225,-70.657605,0,MANUAL
490.04,-0.047,-0.046,-2.367,0.176,0.001,5.0,100,-33.467225,-70.657605,0,MANUAL
490.27,-0.047,-0.046,-2.367,0.176,0.001,5.0,100,-33.467225,-70.657605,0,MANUAL
490.5,-0.047,-0.046,-2.367,0.176,0.001,5.0,100,-33.467225,-70.657605,0,MANUAL
490.7,-0.047,-0.046,-2.367,0.176,0.002,5.0,100,-33.467225,-70.657605,0,MANUAL
490.98,-0.047,-0.046,-2.367,0.176,0.002,5.0,100,-33.467225,-70.657605,0,MANUAL
491.32,-0.047,-0.046,-2.367,0.176,0.002,5.0,100,-33.467225,-70.657605,0,MANUAL
491.55,-0.047,-0.046,-2.367,0.176,0.002,5.0,100,-33.467225,-70.657605,0,MANUAL
491.75,-0.047,-0.047,-2.366,0.176,0.0,5.0,100,-33.467225,-70.657605,0,MANUAL
492.03,-0.047,-0.046,-2.366,0.176,0.0,5.0,100,-33.467225,-70.657605,0,MANUAL
492.21,-0.047,-0.046,-2.367,0.176,0.0,5.0,100,-33.467225,-70.657605,0,MANUAL
492.44,-0.047,-0.046,-2.367,0.176,0.002,5.0,100,-33.467225,-70.657605,0,MANUAL
492.67,-0.047,-0.046,-2.367,0.176,0.002,5.0,100,-33.467225,-70.657605,0,MANUAL
492.93,-0.047,-0.046,-2.368,0.176,0.002,5.0,100,-33.467225,-70.657605,0,MANUAL
493.13,-0.047,-0.046,-2.368,0.172,0.002,5.0,100,-33.467225,-70.657605,0,MANUAL
493.38,-0.047,-0.046,-2.368,0.172,0.002,5.0,100,-33.467225,-70.657605,0,MANUAL
493.59,-0.047,-0.046,-2.368,0.172,0.002,5.0,100,-33.467225,-70.657605,0,MANUAL
493.84,-0.047,-0.046,-2.369,0.172,0.002,5.0,100,-33.467225,-70.657605,0,MANUAL
494.05,-0.047,-0.046,-2.369,0.172,0.002,5.0,100,-33.467225,-70.657605,0,MANUAL
494.3,-0.047,-0.046,-2.369,0.172,0.002,5.0,100,-33.467225,-70.657605,0,MANUAL
494.53,-0.047,-0.046,-2.37,0.172,0.002,5.0,100,-33.467225,-70.657605,0,MANUAL
494.91,-0.047,-0.046,-2.37,0.172,0.002,5.0,100,-33.467225,-70.657605,0,MANUAL
495.02,-0.047,-0.046,-2.37,0.172,0.002,5.0,100,-33.467225,-70.657605,0,MANUAL
495.33,-0.047,-0.046,-2.37,0.172,0.004,5.0,100,-33.467225,-70.657605,0,MANUAL
495.58,-0.047,-0.046,-2.37,0.172,0.004,5.0,100,-33.467225,-70.657605,0,MANUAL
495.79,-0.047,-0.046,-2.37,0.172,0.004,5.0,100,-33.467225,-70.657605,0,MANUAL
496.05,-0.047,-0.046,-2.37,0.172,0.005,5.0,100,-33.467225,-70.657605,0,MANUAL
496.3,-0.047,-0.046,-2.37,0.172,0.005,5.0,100,-33.467225,-70.657605,0,MANUAL
496.51,-0.047,-0.046,-2.37,0.172,0.005,5.0,100,-33.467225,-70.657605,0,MANUAL
496.68,-0.047,-0.046,-2.37,0.111,0.005,5.0,100,-33.467225,-70.657605,0,MANUAL
496.96,-0.047,-0.046,-2.37,0.111,0.006,5.0,100,-33.467225,-70.657605,0,MANUAL
497.19,-0.047,-0.046,-2.37,0.111,0.006,5.0,100,-33.467225,-70.657605,0,MANUAL
497.42,-0.047,-0.046,-2.37,0.111,0.006,5.0,100,-33.467225,-70.657605,0,MANUAL
497.65,-0.047,-0.046,-2.37,0.111,0.006,5.0,100,-33.467225,-70.657605,0,MANUAL
497.88,-0.047,-0.046,-2.37,0.111,0.008,5.0,100,-33.467225,-70.657605,0,MANUAL
498.14,-0.047,-0.046,-2.37,0.111,0.008,5.0,100,-33.467225,-70.657605,0,MANUAL
498.34,-0.047,-0.046,-2.37,0.111,0.008,5.0,100,-33.467225,-70.657605,0,MANUAL
498.6,-0.047,-0.046,-2.37,0.111,0.008,5.0,100,-33.467225,-70.657605,0,MANUAL
498.8,-0.047,-0.046,-2.37,0.111,0.009,5.0,100,-33.467225,-70.657605,0,MANUAL
499.19,-0.047,-0.046,-2.37,0.111,0.009,5.0,100,-33.467225,-70.657605,0,MANUAL
499.36,-0.047,-0.046,-2.369,0.111,0.009,5.0,100,-33.467225,-70.657605,0,MANUAL
499.59,-0.047,-0.046,-2.369,0.111,0.013,5.0,100,-33.467225,-70.657605,0,MANUAL
499.86,-0.047,-0.046,-2.369,0.111,0.013,5.0,100,-33.467225,-70.657605,0,MANUAL
500.06,-0.047,-0.046,-2.369,0.111,0.013,5.0,100,-33.467225,-70.657605,0,MANUAL
500.37,-0.047,-0.046,-2.369,0.042,0.013,5.0,100,-33.467225,-70.657605,0,MANUAL
500.55,-0.047,-0.046,-2.369,0.042,0.016,5.0,100,-33.467225,-70.657605,0,MANUAL
500.75,-0.047,-0.046,-2.369,0.042,0.016,5.0,100,-33.467225,-70.657605,0,MANUAL
500.98,-0.047,-0.046,-2.369,0.042,0.016,5.0,100,-33.467225,-70.657605,0,MANUAL
501.24,-0.047,-0.046,-2.369,0.042,0.016,5.0,100,-33.467225,-70.657605,0,MANUAL
501.44,-0.047,-0.046,-2.369,0.042,0.02,5.0,100,-33.467225,-70.657605,0,MANUAL
501.7,-0.047,-0.046,-2.369,0.042,0.02,5.0,100,-33.467225,-70.657605,0,MANUAL
501.91,-0.047,-0.046,-2.369,0.042,0.02,5.0,100,-33.467225,-70.657605,0,MANUAL
502.27,-0.047,-0.046,-2.369,0.042,0.02,5.0,100,-33.467225,-70.657605,0,MANUAL
502.39,-0.046,-0.046,-2.369,0.042,0.027,5.0,100,-33.467225,-70.657605,0,MANUAL
502.75,-0.047,-0.046,-2.369,0.042,0.027,5.0,100,-33.467225,-70.657605,0,MANUAL
502.96,-0.046,-0.046,-2.369,0.042,0.027,5.0,100,-33.467225,-70.657605,0,MANUAL
503.19,-0.047,-0.046,-2.369,0.042,0.031,5.0,100,-33.467225,-70.657605,0,MANUAL
503.44,-0.047,-0.046,-2.369,0.042,0.031,5.0,100,-33.467225,-70.657605,0,MANUAL
503.65,-0.047,-0.046,-2.369,0.042,0.031,5.0,100,-33.467225,-70.657605,0,MANUAL
503.85,-0.047,-0.046,-2.369,0.001,0.031,5.0,100,-33.467225,-70.657605,0,MANUAL
504.11,-0.047,-0.046,-2.369,0.001,0.036,5.0,100,-33.467225,-70.657605,0,MANUAL
504.34,-0.047,-0.046,-2.369,0.001,0.036,5.0,100,-33.467225,-70.657605,0,MANUAL
504.57,-0.047,-0.046,-2.369,0.001,0.036,5.0,100,-33.467225,-70.657605,0,MANUAL
504.83,-0.046,-0.046,-2.368,0.001,0.036,5.0,100,-33.467225,-70.657605,0,MANUAL
505.04,-0.047,-0.046,-2.368,0.001,0.038,5.0,100,-33.467225,-70.657605,0,MANUAL
505.27,-0.047,-0.046,-2.368,0.001,0.038,5.0,100,-33.467225,-70.657605,0,MANUAL
505.52,-0.047,-0.046,-2.368,0.001,0.038,5.0,100,-33.467225,-70.657605,0,MANUAL
505.75,-0.046,-0.046,-2.368,0.001,0.038,5.0,100,-33.467225,-70.657605,0,MANUAL
505.98,-0.047,-0.046,-2.368,0.001,0.045,5.0,100,-33.467225,-70.657605,0,MANUAL
506.33,-0.047,-0.046,-2.368,0.001,0.045,5.0,100,-33.467225,-70.657605,0,MANUAL
506.51,-0.047,-0.046,-2.368,0.001,0.045,5.0,100,-33.467225,-70.657605,0,MANUAL
506.77,-0.047,-0.046,-2.368,0.001,0.053,5.0,100,-33.467225,-70.657605,0,MANUAL
507.0,-0.047,-0.046,-2.368,0.001,0.053,5.0,100,-33.467225,-70.657605,0,MANUAL
507.23,-0.047,-0.046,-2.368,0.001,0.053,5.0,100,-33.467225,-70.657605,0,MANUAL
507.53,-0.047,-0.047,-2.368,0.003,0.053,5.0,100,-33.467225,-70.657605,0,MANUAL
507.71,-0.047,-0.046,-2.368,0.003,0.064,5.0,100,-33.467225,-70.657605,0,MANUAL
507.92,-0.047,-0.046,-2.368,0.003,0.064,5.0,100,-33.467225,-70.657605,0,MANUAL
508.15,-0.047,-0.046,-2.368,0.003,0.064,5.0,100,-33.467225,-70.657605,0,MANUAL
508.4,-0.047,-0.046,-2.368,0.003,0.064,5.0,100,-33.467225,-70.657605,0,MANUAL
508.64,-0.047,-0.046,-2.367,0.003,0.072,5.0,100,-33.467225,-70.657605,0,MANUAL
508.84,-0.047,-0.046,-2.367,0.003,0.072,5.0,100,-33.467225,-70.657605,0,MANUAL
509.07,-0.047,-0.046,-2.367,0.003,0.072,5.0,100,-33.467225,-70.657605,0,MANUAL
509.3,-0.047,-0.047,-2.367,0.003,0.072,5.0,100,-33.467225,-70.657605,0,MANUAL
509.56,-0.047,-0.047,-2.367,0.003,0.082,5.0,100,-33.467225,-70.657605,0,MANUAL
509.92,-0.047,-0.046,-2.367,0.003,0.082,5.0,100,-33.467225,-70.657605,0,MANUAL
510.0,-0.047,-0.047,-2.367,0.003,0.082,5.0,100,-33.467225,-70.657605,0,MANUAL
510.33,-0.047,-0.047,-2.368,0.003,0.083,5.0,100,-33.467225,-70.657605,0,MANUAL
510.59,-0.047,-0.047,-2.368,0.003,0.083,5.0,100,-33.467225,-70.657605,0,MANUAL
510.82,-0.047,-0.047,-2.368,0.003,0.083,5.0,100,-33.467225,-70.657605,0,MANUAL
511.02,-0.047,-0.047,-2.368,-0.026,0.083,5.0,100,-33.467225,-70.657605,0,MANUAL
511.28,-0.047,-0.047,-2.368,-0.026,0.08,5.0,100,-33.467225,-70.657605,0,MANUAL
511.51,-0.046,-0.047,-2.368,-0.026,0.08,5.0,100,-33.467225,-70.657605,0,MANUAL
511.74,-0.046,-0.047,-2.368,-0.026,0.08,5.0,100,-33.467225,-70.657605,0,MANUAL
511.99,-0.046,-0.047,-2.368,-0.026,0.08,5.0,100,-33.467225,-70.657605,0,MANUAL
512.2,-0.047,-0.047,-2.368,-0.026,0.002,5.0,100,-33.467225,-70.657605,0,MANUAL
512.41,-0.046,-0.047,-2.368,-0.026,0.002,5.0,100,-33.467225,-70.657605,0,MANUAL
512.67,-0.047,-0.047,-2.368,-0.026,0.002,5.0,100,-33.467225,-70.657605,0,MANUAL
512.87,-0.047,-0.046,-2.367,-0.026,0.002,5.0,100,-33.467225,-70.657605,0,MANUAL
513.11,-0.047,-0.047,-2.367,-0.026,0.003,5.0,100,-33.467225,-70.657605,0,MANUAL
513.34,-0.047,-0.046,-2.367,-0.026,0.003,5.0,100,-33.467225,-70.657605,0,MANUAL
513.6,-0.047,-0.047,-2.367,-0.026,0.003,5.0,100,-33.467225,-70.657605,0,MANUAL
513.85,-0.047,-0.046,-2.367,-0.026,0.001,5.0,100,-33.467225,-70.657605,0,MANUAL
514.17,-0.047,-0.047,-2.367,-0.026,0.001,5.0,100,-33.467225,-70.657605,0,MANUAL
514.38,-0.047,-0.046,-2.367,-0.026,0.001,5.0,100,-33.467225,-70.657605,0,MANUAL
514.68,-0.047,-0.047,-2.367,0.137,0.001,5.0,100,-33.467225,-70.657605,0,MANUAL
514.89,-0.047,-0.046,-2.367,0.137,0.002,5.0,100,-33.467225,-70.657605,0,MANUAL
515.07,-0.047,-0.047,-2.367,0.137,0.002,5.0,100,-33.467225,-70.657605,0,MANUAL
515.3,-0.047,-0.047,-2.367,0.137,0.002,5.0,100,-33.467225,-70.657605,0,MANUAL
515.58,-0.047,-0.047,-2.367,0.137,0.002,5.0,100,-33.467225,-70.657605,0,MANUAL
515.76,-0.047,-0.047,-2.367,0.137,0.001,5.0,100,-33.467225,-70.657605,0,MANUAL
516.01,-0.047,-0.047,-2.367,0.137,0.001,5.0,100,-33.467225,-70.657605,0,MANUAL
516.24,-0.047,-0.047,-2.367,0.137,0.001,5.0,100,-33.467225,-70.657605,0,MANUAL
516.47,-0.047,-0.047,-2.367,0.137,0.001,5.0,100,-33.467225,-70.657605,0,MANUAL
516.7,-0.047,-0.047,-2.367,0.137,0.001,5.0,100,-33.467225,-70.657605,0,MANUAL
516.91,-0.047,-0.047,-2.367,0.137,0.001,5.0,100,-33.467225,-70.657605,0,MANUAL
517.16,-0.047,-0.047,-2.366,0.137,0.001,5.0,100,-33.467225,-70.657605,0,MANUAL
517.42,-0.047,-0.047,-2.366,0.137,0.001,5.0,100,-33.467225,-70.657605,0,MANUAL
517.75,-0.047,-0.047,-2.366,0.137,0.001,5.0,100,-33.467225,-70.657605,0,MANUAL
517.98,-0.047,-0.047,-2.366,0.137,0.001,5.0,100,-33.467225,-70.657605,0,MANUAL
518.16,-0.047,-0.047,-2.366,0.159,0.001,5.0,100,-33.467225,-70.657605,0,MANUAL
518.47,-0.047,-0.047,-2.366,0.159,0.002,5.0,100,-33.467225,-70.657605,0,MANUAL
518.65,-0.047,-0.046,-2.366,0.159,0.002,5.0,100,-33.467225,-70.657605,0,MANUAL
518.88,-0.047,-0.047,-2.366,0.159,0.002,5.0,100,-33.467225,-70.657605,0,MANUAL
519.14,-0.047,-0.046,-2.366,0.159,0.002,5.0,100,-33.467225,-70.657605,0,MANUAL
519.35,-0.047,-0.047,-2.366,0.159,0.001,5.0,100,-33.467225,-70.657605,0,MANUAL
519.58,-0.047,-0.047,-2.366,0.159,0.001,5.0,100,-33.467225,-70.657605,0,MANUAL
519.83,-0.047,-0.047,-2.366,0.159,0.001,5.0,100,-33.467225,-70.657605,0,MANUAL
520.06,-0.047,-0.047,-2.366,0.159,0.001,5.0,100,-33.467225,-70.657605,0,MANUAL
520.27,-0.047,-0.047,-2.366,0.159,0.002,5.0,100,-33.467225,-70.657605,0,MANUAL
520.5,-0.047,-0.047,-2.366,0.159,0.002,5.0,100,-33.467225,-70.657605,0,MANUAL
520.76,-0.047,-0.047,-2.367,0.159,0.002,5.0,100,-33.467225,-70.657605,0,MANUAL
520.99,-0.047,-0.047,-2.367,0.159,0.001,5.0,100,-33.467225,-70.657605,0,MANUAL
521.33,-0.047,-0.047,-2.367,0.159,0.001,5.0,100,-33.467225,-70.657605,0,MANUAL
521.53,-0.047,-0.047,-2.367,0.159,0.001,5.0,100,-33.467225,-70.657605,0,MANUAL
521.86,-0.047,-0.047,-2.367,0.183,0.001,5.0,100,-33.467225,-70.657605,0,MANUAL
522.04,-0.047,-0.047,-2.367,0.183,0.003,5.0,100,-33.467225,-70.657605,0,MANUAL
522.23,-0.047,-0.047,-2.367,0.183,0.003,5.0,100,-33.467225,-70.657605,0,MANUAL
522.46,-0.047,-0.047,-2.367,0.183,0.003,5.0,100,-33.467225,-70.657605,0,MANUAL
522.75,-0.046,-0.047,-2.367,0.183,0.003,5.0,100,-33.467225,-70.657605,0,MANUAL
522.91,-0.047,-0.047,-2.367,0.183,0.001,5.0,100,-33.467225,-70.657605,0,MANUAL
523.16,-0.047,-0.047,-2.367,0.183,0.001,5.0,100,-33.467225,-70.657605,0,MANUAL
523.37,-0.051,-0.047,-2.371,0.183,0.001,5.0,100,-33.467225,-70.657605,0,MANUAL
523.64,-0.046,-0.046,-2.368,0.183,0.001,5.0,100,-33.467225,-70.657605,0,MANUAL
523.84,-0.047,-0.047,-2.367,0.183,0.011,5.0,100,-33.467225,-70.657605,0,MANUAL
524.1,-0.046,-0.046,-2.368,0.183,0.011,5.0,100,-33.467225,-70.657605,0,MANUAL
524.31,-0.047,-0.047,-2.368,0.183,0.011,5.0,100,-33.467225,-70.657605,0,MANUAL
524.57,-0.047,-0.046,-2.368,0.183,0.003,5.0,100,-33.467225,-70.657605,0,MANUAL
524.94,-0.047,-0.047,-2.367,0.183,0.003,5.0,100,-33.467225,-70.657605,0,MANUAL
525.04,-0.047,-0.046,-2.368,0.183,0.003,5.0,100,-33.467225,-70.657605,0,MANUAL
525.33,-0.047,-0.047,-2.368,0.183,0.003,5.0,100,-33.467225,-70.657605,0,MANUAL
525.61,-0.047,-0.046,-2.367,0.183,0.001,5.0,100,-33.467225,-70.657605,0,MANUAL
525.81,-0.047,-0.046,-2.368,0.183,0.001,5.0,100,-33.467225,-70.657605,0,MANUAL
526.04,-0.047,-0.046,-2.368,0.183,0.001,5.0,100,-33.467225,-70.657605,0,MANUAL
526.33,-0.046,-0.046,-2.367,0.183,0.001,5.0,100,-33.467225,-70.657605,0,MANUAL
526.5,-0.046,-0.046,-2.367,0.183,0.006,5.0,100,-33.467225,-70.657605,0,MANUAL
526.73,-0.046,-0.046,-2.367,0.183,0.006,5.0,100,-33.467225,-70.657605,0,MANUAL
526.99,-0.046,-0.046,-2.367,0.183,0.006,5.0,100,-33.467225,-70.657605,0,MANUAL
527.22,-0.046,-0.046,-2.367,0.183,0.006,5.0,100,-33.467225,-70.657605,0,MANUAL
527.43,-0.045,-0.046,-2.366,0.183,0.003,5.0,100,-33.467225,-70.657605,0,MANUAL
527.66,-0.046,-0.046,-2.367,0.183,0.003,5.0,100,-33.467225,-70.657605,0,MANUAL
527.89,-0.046,-0.046,-2.368,0.183,0.003,5.0,100,-33.467225,-70.657605,0,MANUAL
528.15,-0.046,-0.046,-2.368,0.183,0.002,5.0,100,-33.467225,-70.657605,0,MANUAL
528.38,-0.046,-0.046,-2.368,0.183,0.002,5.0,100,-33.467225,-70.657605,0,MANUAL
528.58,-0.046,-0.046,-2.368,0.183,0.002,5.0,100,-33.467225,-70.657605,0,MANUAL
529.02,-0.047,-0.046,-2.368,0.219,0.002,5.0,100,-33.467225,-70.657605,0,MANUAL
529.2,-0.046,-0.046,-2.368,0.219,0.002,5.0,100,-33.467225,-70.657605,0,MANUAL
529.37,-0.047,-0.046,-2.369,0.219,0.002,5.0,100,-33.467225,-70.657605,0,MANUAL
529.61,-0.047,-0.046,-2.37,0.219,0.002,5.0,100,-33.467225,-70.657605,0,MANUAL
529.86,-0.047,-0.047,-2.369,0.219,0.002,5.0,100,-33.467225,-70.657605,0,MANUAL
530.09,-0.047,-0.046,-2.369,0.219,0.007,5.0,100,-33.467225,-70.657605,0,MANUAL
530.3,-0.045,-0.047,-2.366,0.219,0.007,5.0,100,-33.467225,-70.657605,0,MANUAL
530.58,-0.047,-0.046,-2.371,0.219,0.007,5.0,100,-33.467225,-70.657605,0,MANUAL
530.78,-0.048,-0.047,-2.368,0.219,0.007,5.0,100,-33.467225,-70.657605,0,MANUAL
530.99,-0.048,-0.047,-2.368,0.219,0.011,5.0,100,-33.467225,-70.657605,0,MANUAL
531.25,-0.048,-0.047,-2.369,0.219,0.011,5.0,100,-33.467225,-70.657605,0,MANUAL
531.46,-0.047,-0.047,-2.368,0.219,0.011,5.0,100,-33.467225,-70.657605,0,MANUAL
531.74,-0.047,-0.047,-2.368,0.219,0.005,5.0,100,-33.467225,-70.657605,0,MANUAL
531.94,-0.047,-0.047,-2.368,0.219,0.005,5.0,100,-33.467225,-70.657605,0,MANUAL
532.17,-0.047,-0.047,-2.367,0.219,0.005,5.0,100,-33.467225,-70.657605,0,MANUAL
532.49,-0.047,-0.047,-2.368,0.242,0.005,5.0,100,-33.467225,-70.657605,0,MANUAL
532.77,-0.047,-0.047,-2.369,0.242,0.004,5.0,100,-33.467225,-70.657605,0,MANUAL
532.98,-0.047,-0.047,-2.368,0.242,0.004,5.0,100,-33.467225,-70.657605,0,MANUAL
533.21,-0.047,-0.047,-2.369,0.242,0.004,5.0,100,-33.467225,-70.657605,0,MANUAL
533.47,-0.047,-0.047,-2.369,0.242,0.004,5.0,100,-33.467225,-70.657605,0,MANUAL
533.65,-0.047,-0.047,-2.369,0.242,0.001,5.0,100,-33.467225,-70.657605,0,MANUAL
533.9,-0.047,-0.047,-2.369,0.242,0.001,5.0,100,-33.467225,-70.657605,0,MANUAL
534.16,-0.047,-0.047,-2.369,0.242,0.001,5.0,100,-33.467225,-70.657605,0,MANUAL
534.37,-0.047,-0.047,-2.369,0.242,0.001,5.0,100,-33.467225,-70.657605,0,MANUAL
534.6,-0.047,-0.047,-2.369,0.242,0.001,5.0,100,-33.467225,-70.657605,0,MANUAL
534.83,-0.047,-0.047,-2.369,0.242,0.001,5.0,100,-33.467225,-70.657605,0,MANUAL
535.03,-0.047,-0.047,-2.369,0.242,0.001,5.0,100,-33.467225,-70.657605,0,MANUAL
535.31,-0.047,-0.047,-2.369,0.242,0.002,5.0,100,-33.467225,-70.657605,0,MANUAL
535.52,-0.047,-0.047,-2.369,0.242,0.002,5.0,100,-33.467225,-70.657605,0,MANUAL
535.75,-0.047,-0.047,-2.37,0.242,0.002,5.0,100,-33.467225,-70.657605,0,MANUAL
536.18,-0.047,-0.047,-2.37,0.285,0.002,5.0,100,-33.467225,-70.657605,0,MANUAL
536.36,-0.046,-0.047,-2.37,0.285,0.003,5.0,100,-33.467225,-70.657605,0,MANUAL
536.54,-0.047,-0.046,-2.37,0.285,0.003,5.0,100,-33.467225,-70.657605,0,MANUAL
536.77,-0.046,-0.046,-2.371,0.285,0.003,5.0,100,-33.467225,-70.657605,0,MANUAL
537.08,-0.047,-0.047,-2.371,0.285,0.003,5.0,100,-33.467225,-70.657605,0,MANUAL
537.23,-0.046,-0.047,-2.37,0.285,0.002,5.0,100,-33.467225,-70.657605,0,MANUAL
537.46,-0.047,-0.047,-2.371,0.285,0.002,5.0,100,-33.467225,-70.657605,0,MANUAL
537.73,-0.046,-0.047,-2.371,0.285,0.002,5.0,100,-33.467225,-70.657605,0,MANUAL
537.96,-0.046,-0.047,-2.371,0.285,0.002,5.0,100,-33.467225,-70.657605,0,MANUAL
538.16,-0.046,-0.047,-2.37,0.285,0.001,5.0,100,-33.467225,-70.657605,0,MANUAL
538.41,-0.047,-0.047,-2.37,0.285,0.001,5.0,100,-33.467225,-70.657605,0,MANUAL
538.62,-0.047,-0.047,-2.37,0.285,0.001,5.0,100,-33.467225,-70.657605,0,MANUAL
538.88,-0.047,-0.047,-2.37,0.285,0.001,5.0,100,-33.467225,-70.657605,0,MANUAL
539.1,-0.047,-0.047,-2.37,0.285,0.001,5.0,100,-33.467225,-70.657605,0,MANUAL
539.31,-0.047,-0.047,-2.37,0.285,0.001,5.0,100,-33.467225,-70.657605,0,MANUAL
539.65,-0.047,-0.047,-2.37,0.339,0.001,5.0,100,-33.467225,-70.657605,0,MANUAL
539.8,-0.047,-0.047,-2.37,0.339,0.001,5.0,100,-33.467225,-70.657605,0,MANUAL
540.03,-0.047,-0.047,-2.37,0.339,0.001,5.0,100,-33.467225,-70.657605,0,MANUAL
540.37,-0.047,-0.047,-2.37,0.339,0.001,5.0,100,-33.467225,-70.657605,0,MANUAL
540.6,-0.047,-0.047,-2.37,0.339,0.001,5.0,100,-33.467225,-70.657605,0,MANUAL
540.83,-0.047,-0.047,-2.37,0.339,0.001,5.0,100,-33.467225,-70.657605,0,MANUAL
541.06,-0.047,-0.047,-2.37,0.339,0.001,5.0,100,-33.467225,-70.657605,0,MANUAL
541.29,-0.047,-0.047,-2.37,0.339,0.001,5.0,100,-33.467225,-70.657605,0,MANUAL
541.52,-0.047,-0.047,-2.37,0.339,0.001,5.0,100,-33.467225,-70.657605,0,MANUAL
541.75,-0.047,-0.047,-2.37,0.339,0.0,5.0,100,-33.467225,-70.657605,0,MANUAL
542.0,-0.047,-0.047,-2.37,0.339,0.0,5.0,100,-33.467225,-70.657605,0,MANUAL
542.21,-0.047,-0.047,-2.37,0.339,0.0,5.0,100,-33.467225,-70.657605,0,MANUAL
542.46,-0.047,-0.047,-2.37,0.339,0.001,5.0,100,-33.467225,-70.657605,0,MANUAL
542.69,-0.047,-0.047,-2.37,0.339,0.001,5.0,100,-33.467225,-70.657605,0,MANUAL
542.89,-0.047,-0.047,-2.37,0.339,0.001,5.0,100,-33.467225,-70.657605,0,MANUAL
543.33,-0.047,-0.047,-2.37,0.391,0.001,5.0,100,-33.467225,-70.657605,0,MANUAL
543.35,-0.047,-0.047,-2.37,0.391,0.001,5.0,100,-33.467225,-70.657605,0,MANUAL
543.58,-0.047,-0.047,-2.37,0.391,0.001,5.0,100,-33.467225,-70.657605,0,MANUAL
543.84,-0.047,-0.047,-2.37,0.391,0.001,5.0,100,-33.467225,-70.657605,0,MANUAL
544.22,-0.047,-0.047,-2.37,0.391,0.001,5.0,100,-33.467225,-70.657605,0,MANUAL
544.4,-0.047,-0.047,-2.37,0.391,0.002,5.0,100,-33.467225,-70.657605,0,MANUAL
544.63,-0.047,-0.047,-2.37,0.391,0.002,5.0,100,-33.467225,-70.657605,0,MANUAL
544.88,-0.047,-0.047,-2.369,0.391,0.002,5.0,100,-33.467225,-70.657605,0,MANUAL
545.11,-0.047,-0.047,-2.369,0.391,0.002,5.0,100,-33.467225,-70.657605,0,MANUAL
545.32,-0.047,-0.047,-2.37,0.391,0.001,5.0,100,-33.467225,-70.657605,0,MANUAL
545.6,-0.047,-0.047,-2.369,0.391,0.001,5.0,100,-33.467225,-70.657605,0,MANUAL
545.77,-0.047,-0.047,-2.37,0.391,0.001,5.0,100,-33.467225,-70.657605,0,MANUAL
546.05,-0.047,-0.047,-2.37,0.391,0.003,5.0,100,-33.467225,-70.657605,0,MANUAL
546.25,-0.047,-0.047,-2.37,0.391,0.003,5.0,100,-33.467225,-70.657605,0,MANUAL
546.48,-0.047,-0.047,-2.37,0.391,0.003,5.0,100,-33.467225,-70.657605,0,MANUAL
546.79,-0.047,-0.047,-2.37,0.421,0.003,5.0,100,-33.467225,-70.657605,0,MANUAL
547.01,-0.047,-0.047,-2.37,0.421,0.002,5.0,100,-33.467225,-70.657605,0,MANUAL
547.17,-0.047,-0.047,-2.37,0.421,0.002,5.0,100,-33.467225,-70.657605,0,MANUAL
547.4,-0.047,-0.047,-2.37,0.421,0.002,5.0,100,-33.467225,-70.657605,0,MANUAL
547.78,-0.047,-0.047,-2.371,0.421,0.002,5.0,100,-33.467225,-70.657605,0,MANUAL
547.99,-0.047,-0.047,-2.371,0.421,0.001,5.0,100,-33.467225,-70.657605,0,MANUAL
548.22,-0.047,-0.047,-2.371,0.421,0.001,5.0,100,-33.467225,-70.657605,0,MANUAL
548.47,-0.047,-0.047,-2.372,0.421,0.001,5.0,100,-33.467225,-70.657605,0,MANUAL
548.68,-0.047,-0.047,-2.372,0.421,0.001,5.0,100,-33.467225,-70.657605,0,MANUAL
548.9,-0.047,-0.047,-2.372,0.421,0.002,5.0,100,-33.467225,-70.657605,0,MANUAL
549.16,-0.047,-0.047,-2.373,0.421,0.002,5.0,100,-33.467225,-70.657605,0,MANUAL
549.36,-0.047,-0.047,-2.373,0.421,0.002,5.0,100,-33.467225,-70.657605,0,MANUAL
549.62,-0.047,-0.047,-2.373,0.421,0.004,5.0,100,-33.467225,-70.657605,0,MANUAL
549.85,-0.047,-0.047,-2.374,0.421,0.004,5.0,100,-33.467225,-70.657605,0,MANUAL
550.05,-0.047,-0.047,-2.374,0.421,0.004,5.0,100,-33.467225,-70.657605,0,MANUAL
550.48,-0.047,-0.047,-2.374,0.451,0.004,5.0,100,-33.467225,-70.657605,0,MANUAL
550.51,-0.047,-0.047,-2.374,0.451,0.005,5.0,100,-33.467225,-70.657605,0,MANUAL
550.77,-0.047,-0.047,-2.374,0.451,0.005,5.0,100,-33.467225,-70.657605,0,MANUAL
551.01,-0.047,-0.047,-2.374,0.451,0.005,5.0,100,-33.467225,-70.657605,0,MANUAL
551.37,-0.047,-0.047,-2.374,0.451,0.005,5.0,100,-33.467225,-70.657605,0,MANUAL
551.47,-0.047,-0.047,-2.374,0.451,0.009,5.0,100,-33.467225,-70.657605,0,MANUAL
551.78,-0.047,-0.047,-2.373,0.451,0.009,5.0,100,-33.467225,-70.657605,0,MANUAL
552.06,-0.047,-0.047,-2.373,0.451,0.009,5.0,100,-33.467225,-70.657605,0,MANUAL
552.27,-0.047,-0.047,-2.373,0.451,0.009,5.0,100,-33.467225,-70.657605,0,MANUAL
552.45,-0.047,-0.047,-2.373,0.451,0.012,5.0,100,-33.467225,-70.657605,0,MANUAL
552.7,-0.047,-0.047,-2.373,0.451,0.012,5.0,100,-33.467225,-70.657605,0,MANUAL
552.93,-0.047,-0.047,-2.373,0.451,0.012,5.0,100,-33.467225,-70.657605,0,MANUAL
553.16,-0.047,-0.047,-2.374,0.451,0.016,5.0,100,-33.467225,-70.657605,0,MANUAL
553.42,-0.047,-0.047,-2.374,0.451,0.016,5.0,100,-33.467225,-70.657605,0,MANUAL
553.65,-0.047,-0.047,-2.374,0.451,0.016,5.0,100,-33.467225,-70.657605,0,MANUAL
553.93,-0.047,-0.047,-2.374,0.415,0.016,5.0,100,-33.467225,-70.657605,0,MANUAL
554.11,-0.047,-0.047,-2.375,0.415,0.017,5.0,100,-33.467225,-70.657605,0,MANUAL
554.32,-0.046,-0.047,-2.375,0.415,0.017,5.0,100,-33.467225,-70.657605,0,MANUAL
554.57,-0.047,-0.047,-2.375,0.415,0.017,5.0,100,-33.467225,-70.657605,0,MANUAL
554.8,-0.047,-0.047,-2.375,0.415,0.017,5.0,100,-33.467225,-70.657605,0,MANUAL
555.06,-0.047,-0.047,-2.375,0.415,0.024,5.0,100,-33.467225,-70.657605,0,MANUAL
555.36,-0.047,-0.047,-2.375,0.415,0.024,5.0,100,-33.467225,-70.657605,0,MANUAL
555.59,-0.047,-0.047,-2.375,0.415,0.024,5.0,100,-33.467225,-70.657605,0,MANUAL
555.84,-0.047,-0.047,-2.375,0.415,0.024,5.0,100,-33.467225,-70.657605,0,MANUAL
556.05,-0.047,-0.047,-2.375,0.415,0.025,5.0,100,-33.467225,-70.657605,0,MANUAL
556.35,-0.047,-0.047,-2.375,0.415,0.025,5.0,100,-33.467225,-70.657605,0,MANUAL
556.53,-0.046,-0.047,-2.374,0.415,0.025,5.0,100,-33.467225,-70.657605,0,MANUAL
556.76,-0.047,-0.047,-2.375,0.415,0.029,5.0,100,-33.467225,-70.657605,0,MANUAL
557.02,-0.046,-0.047,-2.375,0.415,0.029,5.0,100,-33.467225,-70.657605,0,MANUAL
557.22,-0.047,-0.047,-2.375,0.415,0.029,5.0,100,-33.467225,-70.657605,0,MANUAL
557.63,-0.047,-0.047,-2.376,0.427,0.029,5.0,100,-33.467225,-70.657605,0,MANUAL
557.71,-0.047,-0.047,-2.376,0.427,0.036,5.0,100,-33.467225,-70.657605,0,MANUAL
557.91,-0.047,-0.047,-2.376,0.427,0.036,5.0,100,-33.467225,-70.657605,0,MANUAL
558.14,-0.047,-0.047,-2.376,0.427,0.036,5.0,100,-33.467225,-70.657605,0,MANUAL
558.37,-0.046,-0.047,-2.376,0.427,0.036,5.0,100,-33.467225,-70.657605,0,MANUAL
558.62,-0.046,-0.047,-2.376,0.427,0.041,5.0,100,-33.467225,-70.657605,0,MANUAL
558.85,-0.046,-0.047,-2.375,0.427,0.041,5.0,100,-33.467225,-70.657605,0,MANUAL
559.18,-0.047,-0.047,-2.375,0.427,0.041,5.0,100,-33.467225,-70.657605,0,MANUAL
559.41,-0.046,-0.047,-2.375,0.427,0.041,5.0,100,-33.467225,-70.657605,0,MANUAL
559.64,-0.047,-0.047,-2.375,0.427,0.043,5.0,100,-33.467225,-70.657605,0,MANUAL
559.89,-0.047,-0.047,-2.375,0.427,0.043,5.0,100,-33.467225,-70.657605,0,MANUAL
560.1,-0.046,-0.047,-2.375,0.427,0.043,5.0,100,-33.467225,-70.657605,0,MANUAL
560.33,-0.047,-0.047,-2.375,0.427,0.051,5.0,100,-33.467225,-70.657605,0,MANUAL
560.58,-0.046,-0.047,-2.375,0.427,0.051,5.0,100,-33.467225,-70.657605,0,MANUAL
560.79,-0.047,-0.047,-2.375,0.427,0.051,5.0,100,-33.467225,-70.657605,0,MANUAL
561.1,-0.047,-0.047,-2.375,0.5,0.051,5.0,100,-33.467225,-70.657605,0,MANUAL
561.35,-0.047,-0.047,-2.375,0.5,0.058,5.0,100,-33.467225,-70.657605,0,MANUAL
561.48,-0.047,-0.047,-2.375,0.5,0.058,5.0,100,-33.467225,-70.657605,0,MANUAL
561.71,-0.047,-0.047,-2.375,0.5,0.058,5.0,100,-33.467225,-70.657605,0,MANUAL
561.97,-0.046,-0.047,-2.375,0.5,0.058,5.0,100,-33.467225,-70.657605,0,MANUAL
562.22,-0.047,-0.047,-2.375,0.5,0.068,5.0,100,-33.467225,-70.657605,0,MANUAL
562.45,-0.046,-0.047,-2.376,0.5,0.068,5.0,100,-33.467225,-70.657605,0,MANUAL
562.89,-0.047,-0.047,-2.376,0.5,0.068,5.0,100,-33.467225,-70.657605,0,MANUAL
563.0,-0.046,-0.047,-2.377,0.5,0.068,5.0,100,-33.467225,-70.657605,0,MANUAL
563.21,-0.046,-0.047,-2.377,0.5,0.088,5.0,100,-33.467225,-70.657605,0,MANUAL
563.49,-0.046,-0.047,-2.377,0.5,0.088,5.0,100,-33.467225,-70.657605,0,MANUAL
563.67,-0.046,-0.047,-2.377,0.5,0.088,5.0,100,-33.467225,-70.657605,0,MANUAL
563.9,-0.046,-0.047,-2.377,0.5,0.002,5.0,100,-33.467225,-70.657605,0,MANUAL
564.14,-0.046,-0.047,-2.377,0.5,0.002,5.0,100,-33.467225,-70.657605,0,MANUAL
564.37,-0.046,-0.047,-2.377,0.5,0.002,5.0,100,-33.467225,-70.657605,0,MANUAL
564.57,-0.046,-0.047,-2.377,0.628,0.002,5.0,100,-33.467225,-70.657605,0,MANUAL
564.83,-0.046,-0.047,-2.376,0.628,0.002,5.0,100,-33.467225,-70.657605,0,MANUAL
565.05,-0.046,-0.047,-2.376,0.628,0.002,5.0,100,-33.467225,-70.657605,0,MANUAL
565.28,-0.046,-0.047,-2.376,0.628,0.002,5.0,100,-33.467225,-70.657605,0,MANUAL
565.54,-0.047,-0.047,-2.376,0.628,0.002,5.0,100,-33.467225,-70.657605,0,MANUAL
565.77,-0.047,-0.047,-2.375,0.628,0.002,5.0,100,-33.467225,-70.657605,0,MANUAL
566.05,-0.047,-0.047,-2.375,0.628,0.002,5.0,100,-33.467225,-70.657605,0,MANUAL
566.23,-0.047,-0.047,-2.375,0.628,0.002,5.0,100,-33.467225,-70.657605,0,MANUAL
566.49,-0.047,-0.047,-2.375,0.628,0.002,5.0,100,-33.467225,-70.657605,0,MANUAL
566.77,-0.047,-0.047,-2.375,0.628,0.002,5.0,100,-33.467225,-70.657605,0,MANUAL
567.05,-0.046,-0.047,-2.375,0.628,0.002,5.0,100,-33.467225,-70.657605,0,MANUAL
567.26,-0.047,-0.047,-2.375,0.628,0.002,5.0,100,-33.467225,-70.657605,0,MANUAL
567.49,-0.046,-0.047,-2.375,0.628,0.0,5.0,100,-33.467225,-70.657605,0,MANUAL
567.72,-0.046,-0.047,-2.375,0.628,0.0,5.0,100,-33.467225,-70.657605,0,MANUAL
567.95,-0.046,-0.047,-2.375,0.628,0.0,5.0,100,-33.467225,-70.657605,0,MANUAL
568.13,-0.047,-0.047,-2.375,0.655,0.0,5.0,100,-33.467225,-70.657605,0,MANUAL
568.41,-0.046,-0.047,-2.375,0.655,0.001,5.0,100,-33.467225,-70.657605,0,MANUAL
568.64,-0.047,-0.047,-2.375,0.655,0.001,5.0,100,-33.467225,-70.657605,0,MANUAL
568.87,-0.046,-0.047,-2.376,0.655,0.001,5.0,100,-33.467225,-70.657605,0,MANUAL
569.12,-0.047,-0.047,-2.376,0.655,0.001,5.0,100,-33.467225,-70.657605,0,MANUAL
569.35,-0.046,-0.047,-2.375,0.655,0.001,5.0,100,-33.467225,-70.657605,0,MANUAL
569.58,-0.047,-0.047,-2.375,0.655,0.001,5.0,100,-33.467225,-70.657605,0,MANUAL
569.81,-0.046,-0.047,-2.376,0.655,0.001,5.0,100,-33.467225,-70.657605,0,MANUAL
570.17,-0.047,-0.047,-2.375,0.655,0.001,5.0,100,-33.467225,-70.657605,0,MANUAL
570.37,-0.046,-0.047,-2.375,0.655,0.001,5.0,100,-33.467225,-70.657605,0,MANUAL
570.63,-0.046,-0.047,-2.376,0.655,0.001,5.0,100,-33.467225,-70.657605,0,MANUAL
570.86,-0.047,-0.047,-2.376,0.655,0.001,5.0,100,-33.467225,-70.657605,0,MANUAL
571.07,-0.047,-0.047,-2.376,0.655,0.001,5.0,100,-33.467225,-70.657605,0,MANUAL
571.29,-0.046,-0.047,-2.377,0.655,0.001,5.0,100,-33.467225,-70.657605,0,MANUAL
571.52,-0.046,-0.047,-2.377,0.655,0.001,5.0,100,-33.467225,-70.657605,0,MANUAL
571.74,-0.046,-0.047,-2.378,0.668,0.001,5.0,100,-33.467225,-70.657605,0,MANUAL
572.02,-0.046,-0.046,-2.378,0.668,0.001,5.0,100,-33.467225,-70.657605,0,MANUAL
572.22,-0.046,-0.047,-2.378,0.668,0.001,5.0,100,-33.467225,-70.657605,0,MANUAL
572.45,-0.046,-0.047,-2.379,0.668,0.001,5.0,100,-33.467225,-70.657605,0,MANUAL
572.7,-0.046,-0.047,-2.379,0.668,0.001,5.0,100,-33.467225,-70.657605,0,MANUAL
572.91,-0.046,-0.047,-2.379,0.668,0.002,5.0,100,-33.467225,-70.657605,0,MANUAL
573.14,-0.046,-0.047,-2.379,0.668,0.002,5.0,100,-33.467225,-70.657605,0,MANUAL
573.37,-0.046,-0.047,-2.38,0.668,0.002,5.0,100,-33.467225,-70.657605,0,MANUAL
573.62,-0.046,-0.047,-2.38,0.668,0.002,5.0,100,-33.467225,-70.657605,0,MANUAL
573.85,-0.046,-0.047,-2.379,0.668,0.002,5.0,100,-33.467225,-70.657605,0,MANUAL
574.21,-0.046,-0.047,-2.379,0.668,0.002,5.0,100,-33.467225,-70.657605,0,MANUAL
574.39,-0.046,-0.047,-2.379,0.668,0.002,5.0,100,-33.467225,-70.657605,0,MANUAL
574.64,-0.047,-0.047,-2.379,0.668,0.001,5.0,100,-33.467225,-70.657605,0,MANUAL
574.92,-0.046,-0.047,-2.379,0.668,0.001,5.0,100,-33.467225,-70.657605,0,MANUAL
575.1,-0.047,-0.047,-2.379,0.668,0.001,5.0,100,-33.467225,-70.657605,0,MANUAL
575.31,-0.047,-0.047,-2.378,0.709,0.001,5.0,100,-33.467225,-70.657605,0,MANUAL
575.59,-0.047,-0.047,-2.378,0.709,0.001,5.0,100,-33.467225,-70.657605,0,MANUAL
575.8,-0.047,-0.047,-2.378,0.709,0.001,5.0,100,-33.467225,-70.657605,0,MANUAL
576.08,-0.047,-0.047,-2.378,0.709,0.001,5.0,100,-33.467225,-70.657605,0,MANUAL
576.26,-0.047,-0.047,-2.378,0.709,0.001,5.0,100,-33.467225,-70.657605,0,MANUAL
576.52,-0.047,-0.047,-2.378,0.709,0.0,5.0,100,-33.467225,-70.657605,0,MANUAL
576.72,-0.047,-0.047,-2.378,0.709,0.0,5.0,100,-33.467225,-70.657605,0,MANUAL
576.96,-0.047,-0.047,-2.377,0.709,0.0,5.0,100,-33.467225,-70.657605,0,MANUAL
577.18,-0.047,-0.047,-2.377,0.709,0.0,5.0,100,-33.467225,-70.657605,0,MANUAL
577.41,-0.047,-0.047,-2.377,0.709,0.001,5.0,100,-33.467225,-70.657605,0,MANUAL
577.79,-0.047,-0.047,-2.377,0.709,0.001,5.0,100,-33.467225,-70.657605,0,MANUAL
578.0,-0.047,-0.047,-2.377,0.709,0.001,5.0,100,-33.467225,-70.657605,0,MANUAL
578.21,-0.047,-0.047,-2.377,0.709,0.001,5.0,100,-33.467225,-70.657605,0,MANUAL
578.5,-0.047,-0.047,-2.376,0.709,0.001,5.0,100,-33.467225,-70.657605,0,MANUAL
578.68,-0.047,-0.047,-2.376,0.709,0.001,5.0,100,-33.467225,-70.657605,0,MANUAL
578.92,-0.047,-0.047,-2.376,0.757,0.001,5.0,100,-33.467225,-70.657605,0,MANUAL
579.15,-0.047,-0.047,-2.376,0.757,0.001,5.0,100,-33.467225,-70.657605,0,MANUAL
579.39,-0.047,-0.047,-2.376,0.757,0.001,5.0,100,-33.467225,-70.657605,0,MANUAL
579.59,-0.047,-0.047,-2.375,0.757,0.001,5.0,100,-33.467225,-70.657605,0,MANUAL
579.85,-0.047,-0.047,-2.375,0.757,0.001,5.0,100,-33.467225,-70.657605,0,MANUAL
580.08,-0.047,-0.047,-2.375,0.757,0.002,5.0,100,-33.467225,-70.657605,0,MANUAL
580.29,-0.047,-0.047,-2.375,0.757,0.002,5.0,100,-33.467225,-70.657605,0,MANUAL
580.56,-0.047,-0.047,-2.375,0.757,0.002,5.0,100,-33.467225,-70.657605,0,MANUAL
580.79,-0.047,-0.047,-2.375,0.757,0.002,5.0,100,-33.467225,-70.657605,0,MANUAL
581.0,-0.047,-0.047,-2.375,0.757,0.001,5.0,100,-33.467225,-70.657605,0,MANUAL
581.21,-0.047,-0.047,-2.374,0.757,0.001,5.0,100,-33.467225,-70.657605,0,MANUAL
581.46,-0.047,-0.047,-2.374,0.757,0.001,5.0,100,-33.467225,-70.657605,0,MANUAL
581.72,-0.047,-0.047,-2.374,0.757,0.001,5.0,100,-33.467225,-70.657605,0,MANUAL
582.05,-0.047,-0.047,-2.374,0.757,0.001,5.0,100,-33.467225,-70.657605,0,MANUAL
582.26,-0.047,-0.047,-2.374,0.757,0.001,5.0,100,-33.467225,-70.657605,0,MANUAL
582.46,-0.047,-0.047,-2.374,0.802,0.001,5.0,100,-33.467225,-70.657605,0,MANUAL
582.72,-0.047,-0.047,-2.373,0.802,0.002,5.0,100,-33.467225,-70.657605,0,MANUAL
582.95,-0.047,-0.047,-2.373,0.802,0.002,5.0,100,-33.467225,-70.657605,0,MANUAL
583.18,-0.047,-0.047,-2.373,0.802,0.002,5.0,100,-33.467225,-70.657605,0,MANUAL
583.41,-0.047,-0.047,-2.373,0.802,0.002,5.0,100,-33.467225,-70.657605,0,MANUAL
583.67,-0.046,-0.047,-2.373,0.802,0.004,5.0,100,-33.467225,-70.657605,0,MANUAL
583.87,-0.046,-0.047,-2.372,0.802,0.004,5.0,100,-33.467225,-70.657605,0,MANUAL
584.13,-0.046,-0.047,-2.372,0.802,0.004,5.0,100,-33.467225,-70.657605,0,MANUAL
584.35,-0.046,-0.047,-2.372,0.802,0.004,5.0,100,-33.467225,-70.657605,0,MANUAL
584.58,-0.046,-0.047,-2.372,0.802,0.002,5.0,100,-33.467225,-70.657605,0,MANUAL
584.97,-0.046,-0.047,-2.372,0.802,0.002,5.0,100,-33.467225,-70.657605,0,MANUAL
585.05,-0.046,-0.047,-2.372,0.802,0.002,5.0,100,-33.467225,-70.657605,0,MANUAL
585.3,-0.046,-0.047,-2.371,0.802,0.003,5.0,100,-33.467225,-70.657605,0,MANUAL
585.64,-0.047,-0.047,-2.371,0.802,0.003,5.0,100,-33.467225,-70.657605,0,MANUAL
585.85,-0.046,-0.047,-2.371,0.802,0.003,5.0,100,-33.467225,-70.657605,0,MANUAL
586.05,-0.047,-0.047,-2.371,0.836,0.003,5.0,100,-33.467225,-70.657605,0,MANUAL
586.32,-0.046,-0.047,-2.371,0.836,0.001,5.0,100,-33.467225,-70.657605,0,MANUAL
586.53,-0.046,-0.047,-2.371,0.836,0.001,5.0,100,-33.467225,-70.657605,0,MANUAL
586.76,-0.046,-0.047,-2.37,0.836,0.001,5.0,100,-33.467225,-70.657605,0,MANUAL
587.03,-0.046,-0.047,-2.37,0.836,0.001,5.0,100,-33.467225,-70.657605,0,MANUAL
587.23,-0.046,-0.047,-2.37,0.836,0.001,5.0,100,-33.467225,-70.657605,0,MANUAL
587.44,-0.046,-0.047,-2.37,0.836,0.001,5.0,100,-33.467225,-70.657605,0,MANUAL
587.7,-0.046,-0.047,-2.37,0.836,0.001,5.0,100,-33.467225,-70.657605,0,MANUAL
587.93,-0.047,-0.047,-2.37,0.836,0.001,5.0,100,-33.467225,-70.657605,0,MANUAL
588.16,-0.046,-0.047,-2.37,0.836,0.0,5.0,100,-33.467225,-70.657605,0,MANUAL
588.39,-0.047,-0.047,-2.369,0.836,0.0,5.0,100,-33.467225,-70.657605,0,MANUAL
588.62,-0.047,-0.047,-2.369,0.836,0.0,5.0,100,-33.467225,-70.657605,0,MANUAL
588.88,-0.046,-0.047,-2.369,0.836,0.001,5.0,100,-33.467225,-70.657605,0,MANUAL
589.21,-0.047,-0.047,-2.369,0.836,0.001,5.0,100,-33.467225,-70.657605,0,MANUAL
589.42,-0.046,-0.047,-2.369,0.836,0.001,5.0,100,-33.467225,-70.657605,0,MANUAL
589.64,-0.046,-0.047,-2.369,0.855,0.001,5.0,100,-33.467225,-70.657605,0,MANUAL
589.97,-0.047,-0.047,-2.368,0.855,0.002,5.0,100,-33.467225,-70.657605,0,MANUAL
590.1,-0.047,-0.047,-2.368,0.855,0.002,5.0,100,-33.467225,-70.657605,0,MANUAL
590.33,-0.047,-0.047,-2.368,0.855,0.002,5.0,100,-33.467225,-70.657605,0,MANUAL
590.58,-0.047,-0.047,-2.368,0.855,0.002,5.0,100,-33.467225,-70.657605,0,MANUAL
590.81,-0.047,-0.047,-2.368,0.855,0.001,5.0,100,-33.467225,-70.657605,0,MANUAL
591.04,-0.046,-0.047,-2.368,0.855,0.001,5.0,100,-33.467225,-70.657605,0,MANUAL
591.28,-0.047,-0.047,-2.368,0.855,0.001,5.0,100,-33.467225,-70.657605,0,MANUAL
591.5,-0.046,-0.047,-2.367,0.855,0.001,5.0,100,-33.467225,-70.657605,0,MANUAL
591.71,-0.046,-0.047,-2.367,0.855,0.002,5.0,100,-33.467225,-70.657605,0,MANUAL
591.99,-0.047,-0.047,-2.367,0.855,0.002,5.0,100,-33.467225,-70.657605,0,MANUAL
592.17,-0.047,-0.047,-2.367,0.855,0.002,5.0,100,-33.467225,-70.657605,0,MANUAL
592.45,-0.047,-0.047,-2.367,0.855,0.001,5.0,100,-33.467225,-70.657605,0,MANUAL
592.81,-0.047,-0.047,-2.367,0.855,0.001,5.0,100,-33.467225,-70.657605,0,MANUAL
592.99,-0.047,-0.047,-2.367,0.855,0.001,5.0,100,-33.467225,-70.657605,0,MANUAL
593.22,-0.047,-0.047,-2.367,0.862,0.001,5.0,100,-33.467225,-70.657605,0,MANUAL
593.5,-0.047,-0.047,-2.367,0.862,0.001,5.0,100,-33.467225,-70.657605,0,MANUAL
593.68,-0.047,-0.047,-2.366,0.862,0.001,5.0,100,-33.467225,-70.657605,0,MANUAL
593.94,-0.047,-0.047,-2.366,0.862,0.001,5.0,100,-33.467225,-70.657605,0,MANUAL
594.2,-0.047,-0.047,-2.366,0.862,0.001,5.0,100,-33.467225,-70.657605,0,MANUAL
594.4,-0.047,-0.047,-2.366,0.862,0.002,5.0,100,-33.467225,-70.657605,0,MANUAL
594.61,-0.047,-0.047,-2.366,0.862,0.002,5.0,100,-33.467225,-70.657605,0,MANUAL
594.87,-0.047,-0.047,-2.366,0.862,0.002,5.0,100,-33.467225,-70.657605,0,MANUAL
595.1,-0.047,-0.047,-2.366,0.862,0.002,5.0,100,-33.467225,-70.657605,0,MANUAL
595.31,-0.047,-0.047,-2.366,0.862,0.0,5.0,100,-33.467225,-70.657605,0,MANUAL
595.54,-0.047,-0.047,-2.366,0.862,0.0,5.0,100,-33.467225,-70.657605,0,MANUAL
595.79,-0.047,-0.047,-2.366,0.862,0.0,5.0,100,-33.467225,-70.657605,0,MANUAL
596.05,-0.047,-0.047,-2.366,0.862,0.001,5.0,100,-33.467225,-70.657605,0,MANUAL
596.22,-0.047,-0.047,-2.365,0.862,0.001,5.0,100,-33.467225,-70.657605,0,MANUAL
596.48,-0.047,-0.047,-2.365,0.862,0.001,5.0,100,-33.467225,-70.657605,0,MANUAL
596.87,-0.047,-0.047,-2.365,0.888,0.001,5.0,100,-33.467225,-70.657605,0,MANUAL
597.07,-0.047,-0.047,-2.365,0.888,0.001,5.0,100,-33.467225,-70.657605,0,MANUAL
597.27,-0.047,-0.047,-2.365,0.888,0.001,5.0,100,-33.467225,-70.657605,0,MANUAL
597.5,-0.047,-0.047,-2.365,0.888,0.001,5.0,100,-33.467225,-70.657605,0,MANUAL
597.78,-0.047,-0.047,-2.365,0.888,0.001,5.0,100,-33.467225,-70.657605,0,MANUAL
597.96,-0.047,-0.047,-2.365,0.888,0.001,5.0,100,-33.467225,-70.657605,0,MANUAL
598.19,-0.047,-0.047,-2.364,0.888,0.001,5.0,100,-33.467225,-70.657605,0,MANUAL
598.43,-0.047,-0.047,-2.364,0.888,0.001,5.0,100,-33.467225,-70.657605,0,MANUAL
598.66,-0.047,-0.047,-2.364,0.888,0.001,5.0,100,-33.467225,-70.657605,0,MANUAL
598.89,-0.047,-0.047,-2.364,0.888,0.0,5.0,100,-33.467225,-70.657605,0,MANUAL
599.12,-0.047,-0.047,-2.364,0.888,0.0,5.0,100,-33.467225,-70.657605,0,MANUAL
599.35,-0.047,-0.047,-2.364,0.888,0.0,5.0,100,-33.467225,-70.657605,0,MANUAL
599.62,-0.047,-0.047,-2.363,0.888,0.001,5.0,100,-33.467225,-70.657605,0,MANUAL
599.8,-0.047,-0.047,-2.363,0.888,0.001,5.0,100,-33.467225,-70.657605,0,MANUAL
600.05,-0.047,-0.047,-2.363,0.888,0.001,5.0,100,-33.467225,-70.657605,0,MANUAL
600.38,-0.047,-0.047,-2.363,0.909,0.001,5.0,100,-33.467225,-70.657605,0,MANUAL
600.65,-0.047,-0.047,-2.363,0.909,0.002,5.0,100,-33.467225,-70.657605,0,MANUAL
600.85,-0.047,-0.047,-2.362,0.909,0.002,5.0,100,-33.467225,-70.657605,0,MANUAL
601.08,-0.047,-0.047,-2.362,0.909,0.002,5.0,100,-33.467225,-70.657605,0,MANUAL
601.36,-0.047,-0.047,-2.362,0.909,0.002,5.0,100,-33.467225,-70.657605,0,MANUAL
601.54,-0.047,-0.047,-2.362,0.909,0.001,5.0,100,-33.467225,-70.657605,0,MANUAL
601.77,-0.047,-0.047,-2.362,0.909,0.001,5.0,100,-33.467225,-70.657605,0,MANUAL
602.05,-0.047,-0.047,-2.361,0.909,0.001,5.0,100,-33.467225,-70.657605,0,MANUAL
602.23,-0.047,-0.047,-2.361,0.909,0.001,5.0,100,-33.467225,-70.657605,0,MANUAL
602.48,-0.047,-0.047,-2.361,0.909,0.003,5.0,100,-33.467225,-70.657605,0,MANUAL
602.69,-0.047,-0.047,-2.361,0.909,0.003,5.0,100,-33.467225,-70.657605,0,MANUAL
602.94,-0.047,-0.047,-2.361,0.909,0.003,5.0,100,-33.467225,-70.657605,0,MANUAL
603.17,-0.047,-0.047,-2.36,0.909,0.003,5.0,100,-33.467225,-70.657605,0,MANUAL
603.4,-0.047,-0.047,-2.36,0.909,0.003,5.0,100,-33.467225,-70.657605,0,MANUAL
603.64,-0.047,-0.047,-2.36,0.909,0.003,5.0,100,-33.467225,-70.657605,0,MANUAL
604.04,-0.047,-0.047,-2.36,0.915,0.003,5.0,100,-33.467225,-70.657605,0,MANUAL
604.22,-0.046,-0.047,-2.36,0.915,0.001,5.0,100,-33.467225,-70.657605,0,MANUAL
604.43,-0.046,-0.047,-2.359,0.915,0.001,5.0,100,-33.467225,-70.657605,0,MANUAL
604.66,-0.046,-0.047,-2.359,0.915,0.001,5.0,100,-33.467225,-70.657605,0,MANUAL
604.9,-0.046,-0.047,-2.359,0.915,0.001,5.0,100,-33.467225,-70.657605,0,MANUAL
605.1,-0.046,-0.047,-2.359,0.915,0.001,5.0,100,-33.467225,-70.657605,0,MANUAL
605.36,-0.046,-0.047,-2.359,0.915,0.001,5.0,100,-33.467225,-70.657605,0,MANUAL
605.59,-0.046,-0.047,-2.359,0.915,0.001,5.0,100,-33.467225,-70.657605,0,MANUAL
605.82,-0.046,-0.047,-2.358,0.915,0.001,5.0,100,-33.467225,-70.657605,0,MANUAL
606.04,-0.046,-0.047,-2.358,0.915,0.003,5.0,100,-33.467225,-70.657605,0,MANUAL
606.27,-0.046,-0.047,-2.358,0.915,0.003,5.0,100,-33.467225,-70.657605,0,MANUAL
606.5,-0.046,-0.047,-2.358,0.915,0.003,5.0,100,-33.467225,-70.657605,0,MANUAL
606.76,-0.046,-0.047,-2.358,0.915,0.003,5.0,100,-33.467225,-70.657605,0,MANUAL
606.98,-0.047,-0.047,-2.357,0.915,0.003,5.0,100,-33.467225,-70.657605,0,MANUAL
607.19,-0.047,-0.047,-2.357,0.915,0.003,5.0,100,-33.467225,-70.657605,0,MANUAL
607.54,-0.047,-0.047,-2.357,0.934,0.003,5.0,100,-33.467225,-70.657605,0,MANUAL
607.67,-0.047,-0.047,-2.357,0.934,0.002,5.0,100,-33.467225,-70.657605,0,MANUAL
607.9,-0.047,-0.047,-2.357,0.934,0.002,5.0,100,-33.467225,-70.657605,0,MANUAL
608.23,-0.047,-0.047,-2.356,0.934,0.002,5.0,100,-33.467225,-70.657605,0,MANUAL
608.51,-0.047,-0.047,-2.356,0.934,0.002,5.0,100,-33.467225,-70.657605,0,MANUAL
608.69,-0.047,-0.047,-2.356,0.934,0.001,5.0,100,-33.467225,-70.657605,0,MANUAL
608.92,-0.047,-0.047,-2.356,0.934,0.001,5.0,100,-33.467225,-70.657605,0,MANUAL
609.2,-0.047,-0.047,-2.356,0.934,0.001,5.0,100,-33.467225,-70.657605,0,MANUAL
609.4,-0.047,-0.047,-2.355,0.934,0.001,5.0,100,-33.467225,-70.657605,0,MANUAL
609.63,-0.047,-0.047,-2.355,0.934,0.001,5.0,100,-33.467225,-70.657605,0,MANUAL
609.84,-0.047,-0.047,-2.355,0.934,0.001,5.0,100,-33.467225,-70.657605,0,MANUAL
610.1,-0.047,-0.047,-2.355,0.934,0.001,5.0,100,-33.467225,-70.657605,0,MANUAL
610.33,-0.047,-0.047,-2.354,0.934,0.001,5.0,100,-33.467225,-70.657605,0,MANUAL
610.58,-0.047,-0.047,-2.354,0.934,0.001,5.0,100,-33.467225,-70.657605,0,MANUAL
610.78,-0.047,-0.047,-2.354,0.934,0.001,5.0,100,-33.467225,-70.657605,0,MANUAL
611.19,-0.047,-0.047,-2.354,0.954,0.001,5.0,100,-33.467225,-70.657605,0,MANUAL
611.24,-0.047,-0.047,-2.354,0.954,0.001,5.0,100,-33.467225,-70.657605,0,MANUAL
611.47,-0.047,-0.047,-2.354,0.954,0.001,5.0,100,-33.467225,-70.657605,0,MANUAL
611.72,-0.047,-0.047,-2.353,0.954,0.001,5.0,100,-33.467225,-70.657605,0,MANUAL
612.1,-0.047,-0.047,-2.353,0.954,0.001,5.0,100,-33.467225,-70.657605,0,MANUAL
612.28,-0.047,-0.047,-2.353,0.954,0.001,5.0,100,-33.467225,-70.657605,0,MANUAL
612.51,-0.047,-0.047,-2.353,0.954,0.001,5.0,100,-33.467225,-70.657605,0,MANUAL
612.76,-0.047,-0.047,-2.352,0.954,0.001,5.0,100,-33.467225,-70.657605,0,MANUAL
612.99,-0.047,-0.047,-2.352,0.954,0.001,5.0,100,-33.467225,-70.657605,0,MANUAL
613.19,-0.047,-0.047,-2.352,0.954,0.001,5.0,100,-33.467225,-70.657605,0,MANUAL
613.45,-0.047,-0.047,-2.352,0.954,0.001,5.0,100,-33.467225,-70.657605,0,MANUAL
613.65,-0.047,-0.047,-2.352,0.954,0.001,5.0,100,-33.467225,-70.657605,0,MANUAL
613.91,-0.047,-0.047,-2.351,0.954,0.001,5.0,100,-33.467225,-70.657605,0,MANUAL
614.14,-0.047,-0.047,-2.351,0.954,0.001,5.0,100,-33.467225,-70.657605,0,MANUAL
614.34,-0.047,-0.047,-2.351,0.954,0.001,5.0,100,-33.467225,-70.657605,0,MANUAL
614.69,-0.047,-0.047,-2.351,0.973,0.001,5.0,100,-33.467225,-70.657605,0,MANUAL
614.82,-0.047,-0.047,-2.35,0.973,0.001,5.0,100,-33.467225,-70.657605,0,MANUAL
615.08,-0.047,-0.047,-2.35,0.973,0.001,5.0,100,-33.467225,-70.657605,0,MANUAL
615.38,-0.047,-0.047,-2.35,0.973,0.001,5.0,100,-33.467225,-70.657605,0,MANUAL
615.69,-0.047,-0.047,-2.35,0.973,0.001,5.0,100,-33.467225,-70.657605,0,MANUAL
615.84,-0.047,-0.047,-2.35,0.973,0.001,5.0,100,-33.467225,-70.657605,0,MANUAL
616.1,-0.047,-0.047,-2.349,0.973,0.001,5.0,100,-33.467225,-70.657605,0,MANUAL
616.35,-0.047,-0.047,-2.349,0.973,0.001,5.0,100,-33.467225,-70.657605,0,MANUAL
616.56,-0.047,-0.047,-2.349,0.973,0.001,5.0,100,-33.467225,-70.657605,0,MANUAL
616.78,-0.047,-0.047,-2.349,0.973,0.002,5.0,100,-33.467225,-70.657605,0,MANUAL
617.04,-0.047,-0.047,-2.348,0.973,0.002,5.0,100,-33.467225,-70.657605,0,MANUAL
617.24,-0.047,-0.047,-2.348,0.973,0.002,5.0,100,-33.467225,-70.657605,0,MANUAL
617.5,-0.047,-0.047,-2.348,0.973,0.001,5.0,100,-33.467225,-70.657605,0,MANUAL
617.7,-0.047,-0.047,-2.348,0.973,0.001,5.0,100,-33.467225,-70.657605,0,MANUAL
617.93,-0.047,-0.047,-2.348,0.973,0.001,5.0,100,-33.467225,-70.657605,0,MANUAL
618.26,-0.047,-0.047,-2.347,0.995,0.001,5.0,100,-33.467225,-70.657605,0,MANUAL
618.42,-0.047,-0.047,-2.347,0.995,0.001,5.0,100,-33.467225,-70.657605,0,MANUAL
618.65,-0.047,-0.047,-2.347,0.995,0.001,5.0,100,-33.467225,-70.657605,0,MANUAL
618.87,-0.047,-0.047,-2.347,0.995,0.001,5.0,100,-33.467225,-70.657605,0,MANUAL
619.26,-0.047,-0.047,-2.346,0.995,0.001,5.0,100,-33.467225,-70.657605,0,MANUAL
619.43,-0.047,-0.047,-2.346,0.995,0.001,5.0,100,-33.467225,-70.657605,0,MANUAL
619.66,-0.047,-0.047,-2.346,0.995,0.001,5.0,100,-33.467225,-70.657605,0,MANUAL
619.92,-0.047,-0.047,-2.346,0.995,0.001,5.0,100,-33.467225,-70.657605,0,MANUAL
620.12,-0.047,-0.047,-2.346,0.995,0.001,5.0,100,-33.467225,-70.657605,0,MANUAL
620.35,-0.047,-0.047,-2.345,0.995,0.001,5.0,100,-33.467225,-70.657605,0,MANUAL
620.61,-0.047,-0.047,-2.345,0.995,0.001,5.0,100,-33.467225,-70.657605,0,MANUAL
620.81,-0.047,-0.047,-2.345,0.995,0.001,5.0,100,-33.467225,-70.657605,0,MANUAL
621.07,-0.047,-0.047,-2.345,0.995,0.001,5.0,100,-33.467225,-70.657605,0,MANUAL
621.27,-0.047,-0.047,-2.344,0.995,0.001,5.0,100,-33.467225,-70.657605,0,MANUAL
621.5,-0.047,-0.047,-2.344,0.995,0.001,5.0,100,-33.467225,-70.657605,0,MANUAL
621.83,-0.047,-0.047,-2.344,1.008,0.001,5.0,100,-33.467225,-70.657605,0,MANUAL
621.98,-0.047,-0.047,-2.344,1.008,0.001,5.0,100,-33.467225,-70.657605,0,MANUAL
622.21,-0.047,-0.047,-2.343,1.008,0.001,5.0,100,-33.467225,-70.657605,0,MANUAL
622.44,-0.047,-0.047,-2.343,1.008,0.001,5.0,100,-33.467225,-70.657605,0,MANUAL
622.8,-0.047,-0.046,-2.343,1.008,0.001,5.0,100,-33.467225,-70.657605,0,MANUAL
623.03,-0.047,-0.047,-2.343,1.008,0.002,5.0,100,-33.467225,-70.657605,0,MANUAL
623.25,-0.047,-0.047,-2.343,1.008,0.002,5.0,100,-33.467225,-70.657605,0,MANUAL
623.51,-0.047,-0.046,-2.342,1.008,0.002,5.0,100,-33.467225,-70.657605,0,MANUAL
623.71,-0.047,-0.047,-2.342,1.008,0.002,5.0,100,-33.467225,-70.657605,0,MANUAL
623.94,-0.047,-0.047,-2.342,1.008,0.002,5.0,100,-33.467225,-70.657605,0,MANUAL
624.2,-0.047,-0.047,-2.342,1.008,0.002,5.0,100,-33.467225,-70.657605,0,MANUAL
624.4,-0.047,-0.047,-2.342,1.008,0.002,5.0,100,-33.467225,-70.657605,0,MANUAL
624.63,-0.047,-0.047,-2.341,1.008,0.001,5.0,100,-33.467225,-70.657605,0,MANUAL
624.86,-0.047,-0.047,-2.341,1.008,0.001,5.0,100,-33.467225,-70.657605,0,MANUAL
625.09,-0.047,-0.047,-2.341,1.008,0.001,5.0,100,-33.467225,-70.657605,0,MANUAL
625.42,-0.047,-0.047,-2.341,1.037,0.001,5.0,100,-33.467225,-70.657605,0,MANUAL
625.55,-0.047,-0.047,-2.341,1.037,0.001,5.0,100,-33.467225,-70.657605,0,MANUAL
625.78,-0.047,-0.047,-2.341,1.037,0.001,5.0,100,-33.467225,-70.657605,0,MANUAL
626.03,-0.047,-0.047,-2.34,1.037,0.001,5.0,100,-33.467225,-70.657605,0,MANUAL
626.26,-0.047,-0.047,-2.34,1.037,0.001,5.0,100,-33.467225,-70.657605,0,MANUAL
626.49,-0.047,-0.047,-2.34,1.037,0.003,5.0,100,-33.467225,-70.657605,0,MANUAL
626.82,-0.047,-0.047,-2.34,1.037,0.003,5.0,100,-33.467225,-70.657605,0,MANUAL
627.08,-0.047,-0.047,-2.34,1.037,0.003,5.0,100,-33.467225,-70.657605,0,MANUAL
627.28,-0.047,-0.047,-2.34,1.037,0.003,5.0,100,-33.467225,-70.657605,0,MANUAL
627.51,-0.047,-0.047,-2.34,1.037,0.001,5.0,100,-33.467225,-70.657605,0,MANUAL
627.79,-0.047,-0.047,-2.339,1.037,0.001,5.0,100,-33.467225,-70.657605,0,MANUAL
627.97,-0.047,-0.047,-2.339,1.037,0.001,5.0,100,-33.467225,-70.657605,0,MANUAL
628.2,-0.047,-0.047,-2.339,1.037,0.001,5.0,100,-33.467225,-70.657605,0,MANUAL
628.46,-0.047,-0.047,-2.339,1.037,0.001,5.0,100,-33.467225,-70.657605,0,MANUAL
628.69,-0.047,-0.047,-2.339,1.037,0.001,5.0,100,-33.467225,-70.657605,0,MANUAL
628.89,-0.047,-0.047,-2.339,1.048,0.001,5.0,100,-33.467225,-70.657605,0,MANUAL
629.15,-0.047,-0.047,-2.339,1.048,0.001,5.0,100,-33.467225,-70.657605,0,MANUAL
629.38,-0.047,-0.047,-2.338,1.048,0.001,5.0,100,-33.467225,-70.657605,0,MANUAL
629.58,-0.047,-0.047,-2.338,1.048,0.001,5.0,100,-33.467225,-70.657605,0,MANUAL
629.81,-0.047,-0.047,-2.338,1.048,0.001,5.0,100,-33.467225,-70.657605,0,MANUAL
630.09,-0.047,-0.047,-2.338,1.048,0.0,5.0,100,-33.467225,-70.657605,0,MANUAL
630.3,-0.047,-0.047,-2.338,1.048,0.0,5.0,100,-33.467225,-70.657605,0,MANUAL
630.66,-0.047,-0.047,-2.338,1.048,0.0,5.0,100,-33.467225,-70.657605,0,MANUAL
630.86,-0.047,-0.047,-2.338,1.048,0.0,5.0,100,-33.467225,-70.657605,0,MANUAL
631.09,-0.047,-0.047,-2.338,1.048,0.0,5.0,100,-33.467225,-70.657605,0,MANUAL
631.37,-0.047,-0.047,-2.338,1.048,0.0,5.0,100,-33.467225,-70.657605,0,MANUAL
631.55,-0.047,-0.047,-2.337,1.048,0.0,5.0,100,-33.467225,-70.657605,0,MANUAL
631.78,-0.047,-0.047,-2.337,1.048,0.0,5.0,100,-33.467225,-70.657605,0,MANUAL
632.04,-0.047,-0.047,-2.337,1.048,0.0,5.0,100,-33.467225,-70.657605,0,MANUAL
632.25,-0.047,-0.047,-2.337,1.048,0.0,5.0,100,-33.467225,-70.657605,0,MANUAL
632.48,-0.047,-0.047,-2.337,1.07,0.0,5.0,100,-33.467225,-70.657605,0,MANUAL
632.73,-0.047,-0.047,-2.337,1.07,0.002,5.0,100,-33.467225,-70.657605,0,MANUAL
632.94,-0.047,-0.047,-2.337,1.07,0.002,5.0,100,-33.467225,-70.657605,0,MANUAL
633.17,-0.047,-0.047,-2.336,1.07,0.002,5.0,100,-33.467225,-70.657605,0,MANUAL
633.42,-0.047,-0.047,-2.336,1.07,0.002,5.0,100,-33.467225,-70.657605,0,MANUAL
633.63,-0.047,-0.047,-2.336,1.07,0.002,5.0,100,-33.467225,-70.657605,0,MANUAL
633.88,-0.047,-0.047,-2.336,1.07,0.002,5.0,100,-33.467225,-70.657605,0,MANUAL
634.24,-0.047,-0.047,-2.336,1.07,0.002,5.0,100,-33.467225,-70.657605,0,MANUAL
634.44,-0.047,-0.047,-2.336,1.07,0.002,5.0,100,-33.467225,-70.657605,0,MANUAL
634.67,-0.047,-0.047,-2.336,1.07,0.001,5.0,100,-33.467225,-70.657605,0,MANUAL
634.93,-0.047,-0.047,-2.336,1.07,0.001,5.0,100,-33.467225,-70.657605,0,MANUAL
635.13,-0.047,-0.047,-2.336,1.07,0.001,5.0,100,-33.467225,-70.657605,0,MANUAL
635.36,-0.047,-0.047,-2.335,1.07,0.001,5.0,100,-33.467225,-70.657605,0,MANUAL
635.59,-0.047,-0.047,-2.335,1.07,0.001,5.0,100,-33.467225,-70.657605,0,MANUAL
635.82,-0.047,-0.047,-2.335,1.07,0.001,5.0,100,-33.467225,-70.657605,0,MANUAL
636.1,-0.047,-0.047,-2.335,1.089,0.001,5.0,100,-33.467225,-70.657605,0,MANUAL
636.3,-0.047,-0.047,-2.335,1.089,0.001,5.0,100,-33.467225,-70.657605,0,MANUAL
636.51,-0.047,-0.047,-2.335,1.089,0.001,5.0,100,-33.467225,-70.657605,0,MANUAL
636.74,-0.047,-0.047,-2.335,1.089,0.001,5.0,100,-33.467225,-70.657605,0,MANUAL
636.99,-0.047,-0.047,-2.335,1.089,0.001,5.0,100,-33.467225,-70.657605,0,MANUAL
637.22,-0.047,-0.047,-2.335,1.089,0.002,5.0,100,-33.467225,-70.657605,0,MANUAL
637.45,-0.047,-0.047,-2.335,1.089,0.002,5.0,100,-33.467225,-70.657605,0,MANUAL
637.83,-0.047,-0.047,-2.335,1.089,0.002,5.0,100,-33.467225,-70.657605,0,MANUAL
638.01,-0.047,-0.047,-2.334,1.089,0.002,5.0,100,-33.467225,-70.657605,0,MANUAL
638.27,-0.047,-0.047,-2.334,1.089,0.001,5.0,100,-33.467225,-70.657605,0,MANUAL
638.52,-0.047,-0.047,-2.334,1.089,0.001,5.0,100,-33.467225,-70.657605,0,MANUAL
638.73,-0.047,-0.047,-2.334,1.089,0.001,5.0,100,-33.467225,-70.657605,0,MANUAL
638.93,-0.047,-0.047,-2.334,1.089,0.0,5.0,100,-33.467225,-70.657605,0,MANUAL
639.22,-0.047,-0.047,-2.334,1.089,0.0,5.0,100,-33.467225,-70.657605,0,MANUAL
639.4,-0.047,-0.047,-2.334,1.089,0.0,5.0,100,-33.467225,-70.657605,0,MANUAL
639.6,-0.047,-0.047,-2.333,1.119,0.0,5.0,100,-33.467225,-70.657605,0,MANUAL
639.86,-0.047,-0.047,-2.333,1.119,0.001,5.0,100,-33.467225,-70.657605,0,MANUAL
640.09,-0.047,-0.047,-2.333,1.119,0.001,5.0,100,-33.467225,-70.657605,0,MANUAL
640.34,-0.047,-0.047,-2.333,1.119,0.001,5.0,100,-33.467225,-70.657605,0,MANUAL
640.57,-0.047,-0.047,-2.333,1.119,0.001,5.0,100,-33.467225,-70.657605,0,MANUAL
640.81,-0.047,-0.047,-2.333,1.119,0.002,5.0,100,-33.467225,-70.657605,0,MANUAL
641.04,-0.047,-0.047,-2.333,1.119,0.002,5.0,100,-33.467225,-70.657605,0,MANUAL
641.27,-0.047,-0.047,-2.333,1.119,0.002,5.0,100,-33.467225,-70.657605,0,MANUAL
641.5,-0.047,-0.047,-2.333,1.119,0.002,5.0,100,-33.467225,-70.657605,0,MANUAL
641.84,-0.047,-0.047,-2.332,1.119,0.0,5.0,100,-33.467225,-70.657605,0,MANUAL
642.09,-0.047,-0.047,-2.332,1.119,0.0,5.0,100,-33.467225,-70.657605,0,MANUAL
642.3,-0.047,-0.047,-2.332,1.119,0.0,5.0,100,-33.467225,-70.657605,0,MANUAL
642.53,-0.047,-0.047,-2.332,1.119,0.008,5.0,100,-33.467225,-70.657605,0,MANUAL
642.76,-0.047,-0.046,-2.332,1.119,0.008,5.0,100,-33.467225,-70.657605,0,MANUAL
642.99,-0.047,-0.047,-2.332,1.119,0.008,5.0,100,-33.467225,-70.657605,0,MANUAL
643.22,-0.047,-0.047,-2.332,1.126,0.008,5.0,100,-33.467225,-70.657605,0,MANUAL
643.46,-0.047,-0.047,-2.332,1.126,0.002,5.0,100,-33.467225,-70.657605,0,MANUAL
643.69,-0.047,-0.047,-2.332,1.126,0.002,5.0,100,-33.467225,-70.657605,0,MANUAL
643.92,-0.048,-0.048,-2.332,1.126,0.002,5.0,100,-33.467225,-70.657605,0,MANUAL
644.15,-0.046,-0.047,-2.332,1.126,0.002,5.0,100,-33.467225,-70.657605,0,MANUAL
644.38,-0.047,-0.047,-2.332,1.126,0.005,5.0,100,-33.467225,-70.657605,0,MANUAL
644.61,-0.047,-0.047,-2.332,1.126,0.005,5.0,100,-33.467225,-70.657605,0,MANUAL
644.84,-0.047,-0.047,-2.331,1.126,0.005,5.0,100,-33.467225,-70.657605,0,MANUAL
645.07,-0.047,-0.047,-2.331,1.126,0.005,5.0,100,-33.467225,-70.657605,0,MANUAL
645.3,-0.047,-0.047,-2.331,1.126,0.005,5.0,100,-33.467225,-70.657605,0,MANUAL
645.68,-0.047,-0.047,-2.331,1.126,0.005,5.0,100,-33.467225,-70.657605,0,MANUAL
645.86,-0.047,-0.047,-2.331,1.126,0.005,5.0,100,-33.467225,-70.657605,0,MANUAL
646.09,-0.047,-0.047,-2.331,1.126,0.001,5.0,100,-33.467225,-70.657605,0,MANUAL
646.38,-0.047,-0.047,-2.331,1.126,0.001,5.0,100,-33.467225,-70.657605,0,MANUAL
646.56,-0.047,-0.047,-2.331,1.126,0.001,5.0,100,-33.467225,-70.657605,0,MANUAL
646.76,-0.047,-0.047,-2.331,1.132,0.001,5.0,100,-33.467225,-70.657605,0,MANUAL
647.06,-0.047,-0.047,-2.331,1.132,0.002,5.0,100,-33.467225,-70.657605,0,MANUAL
647.27,-0.047,-0.047,-2.331,1.132,0.002,5.0,100,-33.467225,-70.657605,0,MANUAL
647.5,-0.047,-0.047,-2.331,1.132,0.002,5.0,100,-33.467225,-70.657605,0,MANUAL
647.73,-0.047,-0.047,-2.331,1.132,0.002,5.0,100,-33.467225,-70.657605,0,MANUAL
647.94,-0.047,-0.047,-2.331,1.132,0.0,5.0,100,-33.467225,-70.657605,0,MANUAL
648.17,-0.047,-0.047,-2.331,1.132,0.0,5.0,100,-33.467225,-70.657605,0,MANUAL
648.42,-0.047,-0.047,-2.331,1.132,0.0,5.0,100,-33.467225,-70.657605,0,MANUAL
648.68,-0.047,-0.047,-2.331,1.132,0.0,5.0,100,-33.467225,-70.657605,0,MANUAL
648.89,-0.047,-0.047,-2.331,1.132,0.001,5.0,100,-33.467225,-70.657605,0,MANUAL
649.24,-0.047,-0.047,-2.33,1.132,0.001,5.0,100,-33.467225,-70.657605,0,MANUAL
649.45,-0.047,-0.047,-2.33,1.132,0.001,5.0,100,-33.467225,-70.657605,0,MANUAL
649.68,-0.047,-0.047,-2.33,1.132,0.002,5.0,100,-33.467225,-70.657605,0,MANUAL
649.91,-0.047,-0.047,-2.33,1.132,0.002,5.0,100,-33.467225,-70.657605,0,MANUAL
650.14,-0.047,-0.047,-2.33,1.132,0.002,5.0,100,-33.467225,-70.657605,0,MANUAL
650.4,-0.047,-0.047,-2.33,1.161,0.002,5.0,100,-33.467225,-70.657605,0,MANUAL
650.63,-0.047,-0.047,-2.33,1.161,0.001,5.0,100,-33.467225,-70.657605,0,MANUAL
650.83,-0.047,-0.047,-2.33,1.161,0.001,5.0,100,-33.467225,-70.657605,0,MANUAL
651.06,-0.047,-0.047,-2.33,1.161,0.001,5.0,100,-33.467225,-70.657605,0,MANUAL
651.32,-0.047,-0.047,-2.33,1.161,0.001,5.0,100,-33.467225,-70.657605,0,MANUAL
651.52,-0.047,-0.047,-2.33,1.161,0.001,5.0,100,-33.467225,-70.657605,0,MANUAL
651.75,-0.047,-0.047,-2.33,1.161,0.001,5.0,100,-33.467225,-70.657605,0,MANUAL
652.01,-0.047,-0.047,-2.33,1.161,0.001,5.0,100,-33.467225,-70.657605,0,MANUAL
652.24,-0.047,-0.047,-2.33,1.161,0.001,5.0,100,-33.467225,-70.657605,0,MANUAL
652.47,-0.047,-0.047,-2.33,1.161,0.002,5.0,100,-33.467225,-70.657605,0,MANUAL
652.67,-0.047,-0.047,-2.33,1.161,0.002,5.0,100,-33.467225,-70.657605,0,MANUAL
652.93,-0.047,-0.047,-2.329,1.161,0.002,5.0,100,-33.467225,-70.657605,0,MANUAL
653.19,-0.047,-0.047,-2.329,1.161,0.001,5.0,100,-33.467225,-70.657605,0,MANUAL
653.54,-0.047,-0.047,-2.329,1.161,0.001,5.0,100,-33.467225,-70.657605,0,MANUAL
653.72,-0.047,-0.047,-2.329,1.161,0.001,5.0,100,-33.467225,-70.657605,0,MANUAL
653.93,-0.047,-0.047,-2.329,1.178,0.001,5.0,100,-33.467225,-70.657605,0,MANUAL
654.23,-0.047,-0.047,-2.329,1.178,0.001,5.0,100,-33.467225,-70.657605,0,MANUAL
654.41,-0.047,-0.047,-2.329,1.178,0.001,5.0,100,-33.467225,-70.657605,0,MANUAL
654.64,-0.047,-0.047,-2.329,1.178,0.001,5.0,100,-33.467225,-70.657605,0,MANUAL
654.89,-0.047,-0.047,-2.329,1.178,0.001,5.0,100,-33.467225,-70.657605,0,MANUAL
655.13,-0.047,-0.047,-2.329,1.178,0.003,5.0,100,-33.467225,-70.657605,0,MANUAL
655.33,-0.047,-0.047,-2.329,1.178,0.003,5.0,100,-33.467225,-70.657605,0,MANUAL
655.59,-0.047,-0.047,-2.329,1.178,0.003,5.0,100,-33.467225,-70.657605,0,MANUAL
655.79,-0.047,-0.047,-2.329,1.178,0.003,5.0,100,-33.467225,-70.657605,0,MANUAL
656.05,-0.047,-0.047,-2.328,1.178,0.003,5.0,100,-33.467225,-70.657605,0,MANUAL
656.25,-0.047,-0.047,-2.328,1.178,0.003,5.0,100,-33.467225,-70.657605,0,MANUAL
656.51,-0.047,-0.047,-2.328,1.178,0.003,5.0,100,-33.467225,-70.657605,0,MANUAL
656.76,-0.047,-0.047,-2.328,1.178,0.001,5.0,100,-33.467225,-70.657605,0,MANUAL
657.11,-0.047,-0.047,-2.328,1.178,0.001,5.0,100,-33.467225,-70.657605,0,MANUAL
657.28,-0.047,-0.047,-2.328,1.178,0.001,5.0,100,-33.467225,-70.657605,0,MANUAL
657.54,-0.047,-0.047,-2.328,1.2,0.001,5.0,100,-33.467225,-70.657605,0,MANUAL
657.79,-0.047,-0.047,-2.328,1.2,0.001,5.0,100,-33.467225,-70.657605,0,MANUAL
658.0,-0.047,-0.047,-2.328,1.2,0.001,5.0,100,-33.467225,-70.657605,0,MANUAL
658.23,-0.047,-0.047,-2.328,1.2,0.001,5.0,100,-33.467225,-70.657605,0,MANUAL
658.46,-0.047,-0.047,-2.328,1.2,0.001,5.0,100,-33.467225,-70.657605,0,MANUAL
658.69,-0.047,-0.047,-2.328,1.2,0.001,5.0,100,-33.467225,-70.657605,0,MANUAL
658.92,-0.047,-0.047,-2.328,1.2,0.001,5.0,100,-33.467225,-70.657605,0,MANUAL
659.15,-0.047,-0.047,-2.328,1.2,0.001,5.0,100,-33.467225,-70.657605,0,MANUAL
659.38,-0.047,-0.047,-2.328,1.2,0.001,5.0,100,-33.467225,-70.657605,0,MANUAL
659.61,-0.047,-0.047,-2.328,1.2,0.001,5.0,100,-33.467225,-70.657605,0,MANUAL
659.84,-0.047,-0.047,-2.328,1.2,0.001,5.0,100,-33.467225,-70.657605,0,MANUAL
660.07,-0.047,-0.047,-2.328,1.2,0.001,5.0,100,-33.467225,-70.657605,0,MANUAL
660.33,-0.047,-0.047,-2.328,1.2,0.004,5.0,100,-33.467225,-70.657605,0,MANUAL
660.69,-0.047,-0.047,-2.328,1.2,0.004,5.0,100,-33.467225,-70.657605,0,MANUAL
660.87,-0.047,-0.047,-2.327,1.2,0.004,5.0,100,-33.467225,-70.657605,0,MANUAL
661.1,-0.047,-0.047,-2.327,1.213,0.004,5.0,100,-33.467225,-70.657605,0,MANUAL
661.38,-0.047,-0.047,-2.327,1.213,0.001,5.0,100,-33.467225,-70.657605,0,MANUAL
661.56,-0.047,-0.047,-2.327,1.213,0.001,5.0,100,-33.467225,-70.657605,0,MANUAL
661.82,-0.047,-0.047,-2.327,1.213,0.001,5.0,100,-33.467225,-70.657605,0,MANUAL
662.07,-0.047,-0.047,-2.327,1.213,0.001,5.0,100,-33.467225,-70.657605,0,MANUAL
662.25,-0.047,-0.047,-2.327,1.213,0.001,5.0,100,-33.467225,-70.657605,0,MANUAL
662.5,-0.047,-0.047,-2.327,1.213,0.001,5.0,100,-33.467225,-70.657605,0,MANUAL
662.73,-0.047,-0.047,-2.327,1.213,0.001,5.0,100,-33.467225,-70.657605,0,MANUAL
662.99,-0.047,-0.047,-2.327,1.213,0.001,5.0,100,-33.467225,-70.657605,0,MANUAL
663.19,-0.047,-0.047,-2.327,1.213,0.002,5.0,100,-33.467225,-70.657605,0,MANUAL
663.44,-0.047,-0.047,-2.327,1.213,0.002,5.0,100,-33.467225,-70.657605,0,MANUAL
663.65,-0.047,-0.047,-2.327,1.213,0.002,5.0,100,-33.467225,-70.657605,0,MANUAL
663.93,-0.047,-0.047,-2.327,1.213,0.001,5.0,100,-33.467225,-70.657605,0,MANUAL
664.26,-0.047,-0.047,-2.327,1.213,0.001,5.0,100,-33.467225,-70.657605,0,MANUAL
664.36,-0.047,-0.047,-2.327,1.213,0.001,5.0,100,-33.467225,-70.657605,0,MANUAL
664.66,-0.047,-0.047,-2.327,1.22,0.001,5.0,100,-33.467225,-70.657605,0,MANUAL
664.94,-0.047,-0.047,-2.327,1.22,0.001,5.0,100,-33.467225,-70.657605,0,MANUAL
665.15,-0.047,-0.047,-2.327,1.22,0.001,5.0,100,-33.467225,-70.657605,0,MANUAL
665.38,-0.047,-0.047,-2.327,1.22,0.001,5.0,100,-33.467225,-70.657605,0,MANUAL
665.66,-0.047,-0.047,-2.327,1.22,0.001,5.0,100,-33.467225,-70.657605,0,MANUAL
665.84,-0.047,-0.047,-2.327,1.22,0.001,5.0,100,-33.467225,-70.657605,0,MANUAL
666.07,-0.047,-0.047,-2.326,1.22,0.001,5.0,100,-33.467225,-70.657605,0,MANUAL
666.32,-0.047,-0.047,-2.326,1.22,0.001,5.0,100,-33.467225,-70.657605,0,MANUAL
666.55,-0.047,-0.047,-2.326,1.22,0.001,5.0,100,-33.467225,-70.657605,0,MANUAL
666.75,-0.047,-0.047,-2.326,1.22,0.0,5.0,100,-33.467225,-70.657605,0,MANUAL
667.01,-0.047,-0.047,-2.326,1.22,0.0,5.0,100,-33.467225,-70.657605,0,MANUAL
667.23,-0.046,-0.047,-2.326,1.22,0.0,5.0,100,-33.467225,-70.657605,0,MANUAL
667.47,-0.046,-0.048,-2.326,1.22,0.001,5.0,100,-33.467225,-70.657605,0,MANUAL
667.85,-0.046,-0.047,-2.326,1.22,0.001,5.0,100,-33.467225,-70.657605,0,MANUAL
667.92,-0.046,-0.047,-2.326,1.22,0.001,5.0,100,-33.467225,-70.657605,0,MANUAL
668.25,-0.046,-0.047,-2.326,1.213,0.001,5.0,100,-33.467225,-70.657605,0,MANUAL
668.54,-0.046,-0.047,-2.326,1.213,0.001,5.0,100,-33.467225,-70.657605,0,MANUAL
668.74,-0.046,-0.047,-2.326,1.213,0.001,5.0,100,-33.467225,-70.657605,0,MANUAL
668.97,-0.046,-0.047,-2.326,1.213,0.001,5.0,100,-33.467225,-70.657605,0,MANUAL
669.25,-0.046,-0.047,-2.326,1.213,0.001,5.0,100,-33.467225,-70.657605,0,MANUAL
669.43,-0.047,-0.047,-2.326,1.213,0.002,5.0,100,-33.467225,-70.657605,0,MANUAL
669.66,-0.047,-0.047,-2.326,1.213,0.002,5.0,100,-33.467225,-70.657605,0,MANUAL
669.91,-0.047,-0.047,-2.326,1.213,0.002,5.0,100,-33.467225,-70.657605,0,MANUAL
670.12,-0.047,-0.047,-2.326,1.213,0.002,5.0,100,-33.467225,-70.657605,0,MANUAL
670.34,-0.047,-0.047,-2.326,1.213,0.001,5.0,100,-33.467225,-70.657605,0,MANUAL
670.6,-0.047,-0.047,-2.326,1.213,0.001,5.0,100,-33.467225,-70.657605,0,MANUAL
670.82,-0.047,-0.047,-2.326,1.213,0.001,5.0,100,-33.467225,-70.657605,0,MANUAL
671.08,-0.047,-0.047,-2.326,1.213,0.003,5.0,100,-33.467225,-70.657605,0,MANUAL
671.26,-0.046,-0.047,-2.326,1.213,0.003,5.0,100,-33.467225,-70.657605,0,MANUAL
671.48,-0.047,-0.047,-2.326,1.213,0.003,5.0,100,-33.467225,-70.657605,0,MANUAL
671.84,-0.047,-0.047,-2.326,1.216,0.003,5.0,100,-33.467225,-70.657605,0,MANUAL
672.08,-0.046,-0.047,-2.326,1.216,0.0,5.0,100,-33.467225,-70.657605,0,MANUAL
672.3,-0.047,-0.047,-2.326,1.216,0.0,5.0,100,-33.467225,-70.657605,0,MANUAL
672.54,-0.046,-0.047,-2.325,1.216,0.0,5.0,100,-33.467225,-70.657605,0,MANUAL
672.81,-0.047,-0.047,-2.325,1.216,0.0,5.0,100,-33.467225,-70.657605,0,MANUAL
672.99,-0.047,-0.047,-2.325,1.216,0.002,5.0,100,-33.467225,-70.657605,0,MANUAL
673.22,-0.047,-0.047,-2.325,1.216,0.002,5.0,100,-33.467225,-70.657605,0,MANUAL
673.48,-0.047,-0.047,-2.325,1.216,0.002,5.0,100,-33.467225,-70.657605,0,MANUAL
673.71,-0.047,-0.047,-2.325,1.216,0.002,5.0,100,-33.467225,-70.657605,0,MANUAL
673.93,-0.047,-0.047,-2.325,1.216,0.001,5.0,100,-33.467225,-70.657605,0,MANUAL
674.16,-0.047,-0.047,-2.325,1.216,0.001,5.0,100,-33.467225,-70.657605,0,MANUAL
674.39,-0.047,-0.047,-2.325,1.216,0.001,5.0,100,-33.467225,-70.657605,0,MANUAL
674.65,-0.047,-0.047,-2.325,1.216,0.002,5.0,100,-33.467225,-70.657605,0,MANUAL
674.85,-0.047,-0.047,-2.325,1.216,0.002,5.0,100,-33.467225,-70.657605,0,MANUAL
675.11,-0.047,-0.047,-2.325,1.216,0.002,5.0,100,-33.467225,-70.657605,0,MANUAL
675.41,-0.048,-0.047,-2.325,1.227,0.002,5.0,100,-33.467225,-70.657605,0,MANUAL
675.57,-0.046,-0.047,-2.324,1.227,0.01,5.0,100,-33.467225,-70.657605,0,MANUAL
675.9,-0.047,-0.047,-2.325,1.227,0.01,5.0,100,-33.467225,-70.657605,0,MANUAL
676.12,-0.047,-0.047,-2.325,1.227,0.01,5.0,100,-33.467225,-70.657605,0,MANUAL
676.38,-0.047,-0.047,-2.325,1.227,0.01,5.0,100,-33.467225,-70.657605,0,MANUAL
676.58,-0.047,-0.047,-2.324,1.227,0.001,5.0,100,-33.467225,-70.657605,0,MANUAL
676.81,-0.047,-0.047,-2.325,1.227,0.001,5.0,100,-33.467225,-70.657605,0,MANUAL
677.09,-0.047,-0.047,-2.324,1.227,0.001,5.0,100,-33.467225,-70.657605,0,MANUAL
677.27,-0.047,-0.047,-2.324,1.227,0.001,5.0,100,-33.467225,-70.657605,0,MANUAL
677.52,-0.047,-0.047,-2.324,1.227,0.001,5.0,100,-33.467225,-70.657605,0,MANUAL
677.72,-0.047,-0.047,-2.324,1.227,0.001,5.0,100,-33.467225,-70.657605,0,MANUAL
677.98,-0.047,-0.047,-2.324,1.227,0.001,5.0,100,-33.467225,-70.657605,0,MANUAL
678.23,-0.047,-0.047,-2.324,1.227,0.001,5.0,100,-33.467225,-70.657605,0,MANUAL
678.44,-0.047,-0.047,-2.324,1.227,0.001,5.0,100,-33.467225,-70.657605,0,MANUAL
678.67,-0.047,-0.047,-2.324,1.227,0.001,5.0,100,-33.467225,-70.657605,0,MANUAL
678.99,-0.047,-0.047,-2.324,1.24,0.001,5.0,100,-33.467225,-70.657605,0,MANUAL
679.15,-0.047,-0.047,-2.324,1.24,0.002,5.0,100,-33.467225,-70.657605,0,MANUAL
679.38,-0.047,-0.047,-2.324,1.24,0.002,5.0,100,-33.467225,-70.657605,0,MANUAL
679.71,-0.047,-0.047,-2.324,1.24,0.002,5.0,100,-33.467225,-70.657605,0,MANUAL
679.99,-0.047,-0.047,-2.324,1.24,0.002,5.0,100,-33.467225,-70.657605,0,MANUAL
680.17,-0.047,-0.047,-2.324,1.24,0.001,5.0,100,-33.467225,-70.657605,0,MANUAL
680.39,-0.047,-0.047,-2.324,1.24,0.001,5.0,100,-33.467225,-70.657605,0,MANUAL
680.65,-0.047,-0.047,-2.324,1.24,0.001,5.0,100,-33.467225,-70.657605,0,MANUAL
680.88,-0.047,-0.047,-2.324,1.24,0.001,5.0,100,-33.467225,-70.657605,0,MANUAL
681.08,-0.047,-0.047,-2.324,1.24,0.001,5.0,100,-33.467225,-70.657605,0,MANUAL
681.31,-0.047,-0.047,-2.323,1.24,0.001,5.0,100,-33.467225,-70.657605,0,MANUAL
681.54,-0.047,-0.047,-2.323,1.24,0.001,5.0,100,-33.467225,-70.657605,0,MANUAL
681.79,-0.047,-0.047,-2.323,1.24,0.002,5.0,100,-33.467225,-70.657605,0,MANUAL
682.02,-0.047,-0.047,-2.323,1.24,0.002,5.0,100,-33.467225,-70.657605,0,MANUAL
682.23,-0.047,-0.047,-2.323,1.24,0.002,5.0,100,-33.467225,-70.657605,0,MANUAL
682.56,-0.047,-0.047,-2.323,1.265,0.002,5.0,100,-33.467225,-70.657605,0,MANUAL
682.71,-0.047,-0.047,-2.323,1.265,0.001,5.0,100,-33.467225,-70.657605,0,MANUAL
682.94,-0.047,-0.047,-2.323,1.265,0.001,5.0,100,-33.467225,-70.657605,0,MANUAL
683.17,-0.047,-0.047,-2.323,1.265,0.001,5.0,100,-33.467225,-70.657605,0,MANUAL
683.57,-0.047,-0.047,-2.323,1.265,0.001,5.0,100,-33.467225,-70.657605,0,MANUAL
683.73,-0.047,-0.047,-2.323,1.265,0.0,5.0,100,-33.467225,-70.657605,0,MANUAL
683.98,-0.047,-0.047,-2.323,1.265,0.0,5.0,100,-33.467225,-70.657605,0,MANUAL
684.23,-0.047,-0.047,-2.323,1.265,0.0,5.0,100,-33.467225,-70.657605,0,MANUAL
684.44,-0.047,-0.047,-2.323,1.265,0.0,5.0,100,-33.467225,-70.657605,0,MANUAL
684.67,-0.047,-0.047,-2.323,1.265,0.001,5.0,100,-33.467225,-70.657605,0,MANUAL
684.9,-0.047,-0.047,-2.323,1.265,0.001,5.0,100,-33.467225,-70.657605,0,MANUAL
685.13,-0.047,-0.047,-2.323,1.265,0.001,5.0,100,-33.467225,-70.657605,0,MANUAL
685.38,-0.047,-0.047,-2.323,1.265,0.001,5.0,100,-33.467225,-70.657605,0,MANUAL
685.61,-0.047,-0.047,-2.323,1.265,0.001,5.0,100,-33.467225,-70.657605,0,MANUAL
685.82,-0.047,-0.047,-2.323,1.265,0.001,5.0,100,-33.467225,-70.657605,0,MANUAL
686.25,-0.047,-0.047,-2.322,1.274,0.001,5.0,100,-33.467225,-70.657605,0,MANUAL
686.27,-0.047,-0.047,-2.322,1.274,0.002,5.0,100,-33.467225,-70.657605,0,MANUAL
686.53,-0.047,-0.047,-2.322,1.274,0.002,5.0,100,-33.467225,-70.657605,0,MANUAL
686.76,-0.047,-0.047,-2.322,1.274,0.002,5.0,100,-33.467225,-70.657605,0,MANUAL
687.14,-0.047,-0.047,-2.322,1.274,0.002,5.0,100,-33.467225,-70.657605,0,MANUAL
687.32,-0.047,-0.047,-2.322,1.274,0.002,5.0,100,-33.467225,-70.657605,0,MANUAL
687.55,-0.047,-0.047,-2.322,1.274,0.002,5.0,100,-33.467225,-70.657605,0,MANUAL
687.8,-0.047,-0.047,-2.322,1.274,0.002,5.0,100,-33.467225,-70.657605,0,MANUAL
688.03,-0.047,-0.047,-2.322,1.274,0.002,5.0,100,-33.467225,-70.657605,0,MANUAL
688.23,-0.047,-0.047,-2.322,1.274,0.002,5.0,100,-33.467225,-70.657605,0,MANUAL
688.48,-0.047,-0.047,-2.322,1.274,0.002,5.0,100,-33.467225,-70.657605,0,MANUAL
688.71,-0.047,-0.047,-2.322,1.274,0.002,5.0,100,-33.467225,-70.657605,0,MANUAL
688.97,-0.047,-0.047,-2.322,1.274,0.001,5.0,100,-33.467225,-70.657605,0,MANUAL
689.17,-0.047,-0.047,-2.322,1.274,0.001,5.0,100,-33.467225,-70.657605,0,MANUAL
689.4,-0.047,-0.047,-2.322,1.274,0.001,5.0,100,-33.467225,-70.657605,0,MANUAL
689.81,-0.047,-0.047,-2.322,1.291,0.001,5.0,100,-33.467225,-70.657605,0,MANUAL
689.86,-0.047,-0.047,-2.321,1.291,0.001,5.0,100,-33.467225,-70.657605,0,MANUAL
690.09,-0.047,-0.047,-2.321,1.291,0.001,5.0,100,-33.467225,-70.657605,0,MANUAL
690.34,-0.047,-0.047,-2.321,1.291,0.001,5.0,100,-33.467225,-70.657605,0,MANUAL
690.67,-0.047,-0.047,-2.321,1.291,0.001,5.0,100,-33.467225,-70.657605,0,MANUAL
690.9,-0.047,-0.047,-2.321,1.291,0.001,5.0,100,-33.467225,-70.657605,0,MANUAL
691.13,-0.047,-0.047,-2.321,1.291,0.001,5.0,100,-33.467225,-70.657605,0,MANUAL
691.39,-0.047,-0.047,-2.321,1.291,0.001,5.0,100,-33.467225,-70.657605,0,MANUAL
691.59,-0.047,-0.047,-2.321,1.291,0.001,5.0,100,-33.467225,-70.657605,0,MANUAL
691.82,-0.047,-0.047,-2.321,1.291,0.001,5.0,100,-33.467225,-70.657605,0,MANUAL
692.08,-0.047,-0.047,-2.321,1.291,0.001,5.0,100,-33.467225,-70.657605,0,MANUAL
692.28,-0.047,-0.047,-2.321,1.291,0.001,5.0,100,-33.467225,-70.657605,0,MANUAL
692.54,-0.047,-0.047,-2.321,1.291,0.0,5.0,100,-33.467225,-70.657605,0,MANUAL
692.74,-0.047,-0.047,-2.321,1.291,0.0,5.0,100,-33.467225,-70.657605,0,MANUAL
692.98,-0.047,-0.047,-2.32,1.291,0.0,5.0,100,-33.467225,-70.657605,0,MANUAL
693.39,-0.047,-0.047,-2.32,1.297,0.0,5.0,100,-33.467225,-70.657605,0,MANUAL
693.44,-0.047,-0.047,-2.32,1.297,0.001,5.0,100,-33.467225,-70.657605,0,MANUAL
693.7,-0.047,-0.047,-2.32,1.297,0.001,5.0,100,-33.467225,-70.657605,0,MANUAL
693.92,-0.047,-0.047,-2.32,1.297,0.001,5.0,100,-33.467225,-70.657605,0,MANUAL
694.13,-0.047,-0.047,-2.32,1.297,0.001,5.0,100,-33.467225,-70.657605,0,MANUAL
694.38,-0.047,-0.047,-2.32,1.297,0.001,5.0,100,-33.467225,-70.657605,0,MANUAL
694.71,-0.047,-0.047,-2.32,1.297,0.001,5.0,100,-33.467225,-70.657605,0,MANUAL
694.97,-0.047,-0.047,-2.32,1.297,0.001,5.0,100,-33.467225,-70.657605,0,MANUAL
695.17,-0.047,-0.047,-2.32,1.297,0.001,5.0,100,-33.467225,-70.657605,0,MANUAL
695.4,-0.047,-0.047,-2.32,1.297,0.002,5.0,100,-33.467225,-70.657605,0,MANUAL
695.63,-0.047,-0.047,-2.32,1.297,0.002,5.0,100,-33.467225,-70.657605,0,MANUAL
695.87,-0.047,-0.047,-2.32,1.297,0.002,5.0,100,-33.467225,-70.657605,0,MANUAL
696.07,-0.047,-0.047,-2.32,1.297,0.004,5.0,100,-33.467225,-70.657605,0,MANUAL
696.33,-0.047,-0.047,-2.32,1.297,0.004,5.0,100,-33.467225,-70.657605,0,MANUAL
696.56,-0.047,-0.047,-2.32,1.297,0.004,5.0,100,-33.467225,-70.657605,0,MANUAL
696.95,-0.047,-0.047,-2.32,1.302,0.004,5.0,100,-33.467225,-70.657605,0,MANUAL
697.02,-0.047,-0.047,-2.319,1.302,0.002,5.0,100,-33.467225,-70.657605,0,MANUAL
697.26,-0.047,-0.047,-2.319,1.302,0.002,5.0,100,-33.467225,-70.657605,0,MANUAL
697.49,-0.047,-0.047,-2.319,1.302,0.002,5.0,100,-33.467225,-70.657605,0,MANUAL
697.69,-0.047,-0.047,-2.319,1.302,0.002,5.0,100,-33.467225,-70.657605,0,MANUAL
697.95,-0.047,-0.047,-2.319,1.302,0.002,5.0,100,-33.467225,-70.657605,0,MANUAL
698.29,-0.047,-0.047,-2.319,1.302,0.002,5.0,100,-33.467225,-70.657605,0,MANUAL
698.57,-0.047,-0.047,-2.319,1.302,0.002,5.0,100,-33.467225,-70.657605,0,MANUAL
698.77,-0.047,-0.047,-2.319,1.302,0.002,5.0,100,-33.467225,-70.657605,0,MANUAL
698.97,-0.047,-0.047,-2.319,1.302,0.002,5.0,100,-33.467225,-70.657605,0,MANUAL
699.2,-0.047,-0.047,-2.319,1.302,0.002,5.0,100,-33.467225,-70.657605,0,MANUAL
699.43,-0.047,-0.047,-2.319,1.302,0.002,5.0,100,-33.467225,-70.657605,0,MANUAL
699.67,-0.047,-0.047,-2.319,1.302,0.001,5.0,100,-33.467225,-70.657605,0,MANUAL
699.9,-0.047,-0.047,-2.319,1.302,0.001,5.0,100,-33.467225,-70.657605,0,MANUAL
700.15,-0.047,-0.047,-2.319,1.302,0.001,5.0,100,-33.467225,-70.657605,0,MANUAL
700.52,-0.047,-0.047,-2.319,1.307,0.001,5.0,100,-33.467225,-70.657605,0,MANUAL
700.62,-0.047,-0.047,-2.319,1.307,0.001,5.0,100,-33.467225,-70.657605,0,MANUAL
700.83,-0.047,-0.047,-2.319,1.307,0.001,5.0,100,-33.467225,-70.657605,0,MANUAL
701.06,-0.047,-0.047,-2.319,1.307,0.001,5.0,100,-33.467225,-70.657605,0,MANUAL
701.29,-0.047,-0.047,-2.319,1.307,0.001,5.0,100,-33.467225,-70.657605,0,MANUAL
701.55,-0.047,-0.047,-2.318,1.307,0.003,5.0,100,-33.467225,-70.657605,0,MANUAL
701.78,-0.047,-0.047,-2.318,1.307,0.003,5.0,100,-33.467225,-70.657605,0,MANUAL
702.13,-0.047,-0.047,-2.318,1.307,0.003,5.0,100,-33.467225,-70.657605,0,MANUAL
702.31,-0.047,-0.047,-2.318,1.307,0.003,5.0,100,-33.467225,-70.657605,0,MANUAL
702.56,-0.047,-0.047,-2.318,1.307,0.001,5.0,100,-33.467225,-70.657605,0,MANUAL
702.82,-0.047,-0.047,-2.318,1.307,0.001,5.0,100,-33.467225,-70.657605,0,MANUAL
703.02,-0.047,-0.047,-2.318,1.307,0.001,5.0,100,-33.467225,-70.657605,0,MANUAL
703.25,-0.047,-0.047,-2.318,1.307,0.002,5.0,100,-33.467225,-70.657605,0,MANUAL
703.51,-0.047,-0.047,-2.318,1.307,0.002,5.0,100,-33.467225,-70.657605,0,MANUAL
703.72,-0.047,-0.047,-2.318,1.307,0.002,5.0,100,-33.467225,-70.657605,0,MANUAL
704.02,-0.047,-0.047,-2.318,1.311,0.002,5.0,100,-33.467225,-70.657605,0,MANUAL
704.18,-0.047,-0.047,-2.318,1.311,0.001,5.0,100,-33.467225,-70.657605,0,MANUAL
704.41,-0.047,-0.047,-2.318,1.311,0.001,5.0,100,-33.467225,-70.657605,0,MANUAL
704.64,-0.047,-0.047,-2.318,1.311,0.001,5.0,100,-33.467225,-70.657605,0,MANUAL
704.86,-0.047,-0.047,-2.318,1.311,0.001,5.0,100,-33.467225,-70.657605,0,MANUAL
705.09,-0.047,-0.047,-2.317,1.311,0.001,5.0,100,-33.467225,-70.657605,0,MANUAL
705.32,-0.047,-0.047,-2.317,1.311,0.001,5.0,100,-33.467225,-70.657605,0,MANUAL
705.71,-0.047,-0.047,-2.317,1.311,0.001,5.0,100,-33.467225,-70.657605,0,MANUAL
705.79,-0.047,-0.047,-2.317,1.311,0.001,5.0,100,-33.467225,-70.657605,0,MANUAL
706.15,-0.047,-0.047,-2.317,1.311,0.0,5.0,100,-33.467225,-70.657605,0,MANUAL
706.4,-0.047,-0.047,-2.317,1.311,0.0,5.0,100,-33.467225,-70.657605,0,MANUAL
706.58,-0.047,-0.047,-2.317,1.311,0.0,5.0,100,-33.467225,-70.657605,0,MANUAL
706.82,-0.047,-0.047,-2.317,1.311,0.001,5.0,100,-33.467225,-70.657605,0,MANUAL
707.07,-0.047,-0.047,-2.317,1.311,0.001,5.0,100,-33.467225,-70.657605,0,MANUAL
707.3,-0.047,-0.047,-2.317,1.311,0.001,5.0,100,-33.467225,-70.657605,0,MANUAL
707.49,-0.047,-0.047,-2.317,1.305,0.001,5.0,100,-33.467225,-70.657605,0,MANUAL
707.78,-0.047,-0.047,-2.317,1.305,0.002,5.0,100,-33.467225,-70.657605,0,MANUAL
707.98,-0.047,-0.047,-2.317,1.305,0.002,5.0,100,-33.467225,-70.657605,0,MANUAL
708.21,-0.047,-0.047,-2.317,1.305,0.002,5.0,100,-33.467225,-70.657605,0,MANUAL
708.47,-0.047,-0.047,-2.317,1.305,0.002,5.0,100,-33.467225,-70.657605,0,MANUAL
708.67,-0.047,-0.047,-2.317,1.305,0.001,5.0,100,-33.467225,-70.657605,0,MANUAL
708.93,-0.047,-0.047,-2.317,1.305,0.001,5.0,100,-33.467225,-70.657605,0,MANUAL
709.14,-0.047,-0.047,-2.317,1.305,0.001,5.0,100,-33.467225,-70.657605,0,MANUAL
709.39,-0.047,-0.047,-2.317,1.305,0.001,5.0,100,-33.467225,-70.657605,0,MANUAL
709.62,-0.047,-0.047,-2.317,1.305,0.001,5.0,100,-33.467225,-70.657605,0,MANUAL
709.98,-0.047,-0.047,-2.317,1.305,0.001,5.0,100,-33.467225,-70.657605,0,MANUAL
710.19,-0.047,-0.047,-2.317,1.305,0.001,5.0,100,-33.467225,-70.657605,0,MANUAL
710.39,-0.047,-0.047,-2.317,1.305,0.0,5.0,100,-33.467225,-70.657605,0,MANUAL
710.67,-0.047,-0.047,-2.317,1.305,0.0,5.0,100,-33.467225,-70.657605,0,MANUAL
710.88,-0.047,-0.047,-2.317,1.305,0.0,5.0,100,-33.467225,-70.657605,0,MANUAL
711.16,-0.047,-0.047,-2.317,1.311,0.0,5.0,100,-33.467225,-70.657605,0,MANUAL
711.31,-0.047,-0.047,-2.317,1.311,0.001,5.0,100,-33.467225,-70.657605,0,MANUAL
711.57,-0.047,-0.047,-2.317,1.311,0.001,5.0,100,-33.467225,-70.657605,0,MANUAL
711.78,-0.047,-0.047,-2.317,1.311,0.001,5.0,100,-33.467225,-70.657605,0,MANUAL
712.03,-0.047,-0.047,-2.317,1.311,0.001,5.0,100,-33.467225,-70.657605,0,MANUAL
712.27,-0.047,-0.047,-2.317,1.311,0.001,5.0,100,-33.467225,-70.657605,0,MANUAL
712.48,-0.047,-0.047,-2.317,1.311,0.001,5.0,100,-33.467225,-70.657605,0,MANUAL
712.7,-0.047,-0.047,-2.317,1.311,0.001,5.0,100,-33.467225,-70.657605,0,MANUAL
712.96,-0.047,-0.047,-2.317,1.311,0.001,5.0,100,-33.467225,-70.657605,0,MANUAL
713.3,-0.047,-0.047,-2.317,1.311,0.002,5.0,100,-33.467225,-70.657605,0,MANUAL
713.56,-0.047,-0.047,-2.317,1.311,0.002,5.0,100,-33.467225,-70.657605,0,MANUAL
713.74,-0.047,-0.047,-2.317,1.311,0.002,5.0,100,-33.467225,-70.657605,0,MANUAL
713.97,-0.047,-0.047,-2.317,1.311,0.0,5.0,100,-33.467225,-70.657605,0,MANUAL
714.23,-0.047,-0.047,-2.317,1.311,0.0,5.0,100,-33.467225,-70.657605,0,MANUAL
714.43,-0.047,-0.047,-2.317,1.311,0.0,5.0,100,-33.467225,-70.657605,0,MANUAL
714.69,-0.047,-0.047,-2.317,1.321,0.0,5.0,100,-33.467225,-70.657605,0,MANUAL
714.92,-0.047,-0.047,-2.317,1.321,0.001,5.0,100,-33.467225,-70.657605,0,MANUAL
715.12,-0.047,-0.047,-2.317,1.321,0.001,5.0,100,-33.467225,-70.657605,0,MANUAL
715.38,-0.047,-0.047,-2.317,1.321,0.001,5.0,100,-33.467225,-70.657605,0,MANUAL
715.61,-0.047,-0.047,-2.317,1.321,0.001,5.0,100,-33.467225,-70.657605,0,MANUAL
715.82,-0.047,-0.047,-2.317,1.321,0.001,5.0,100,-33.467225,-70.657605,0,MANUAL
716.06,-0.047,-0.047,-2.317,1.321,0.001,5.0,100,-33.467225,-70.657605,0,MANUAL
716.3,-0.047,-0.047,-2.317,1.321,0.001,5.0,100,-33.467225,-70.657605,0,MANUAL
716.55,-0.047,-0.047,-2.317,1.321,0.001,5.0,100,-33.467225,-70.657605,0,MANUAL
716.76,-0.047,-0.047,-2.317,1.321,0.001,5.0,100,-33.467225,-70.657605,0,MANUAL
717.12,-0.047,-0.047,-2.317,1.321,0.001,5.0,100,-33.467225,-70.657605,0,MANUAL
717.35,-0.047,-0.047,-2.317,1.321,0.001,5.0,100,-33.467225,-70.657605,0,MANUAL
717.55,-0.047,-0.047,-2.317,1.321,0.0,5.0,100,-33.467225,-70.657605,0,MANUAL
717.81,-0.047,-0.047,-2.317,1.321,0.0,5.0,100,-33.467225,-70.657605,0,MANUAL
718.04,-0.047,-0.047,-2.317,1.321,0.0,5.0,100,-33.467225,-70.657605,0,MANUAL
718.24,-0.047,-0.047,-2.317,1.337,0.0,5.0,100,-33.467225,-70.657605,0,MANUAL
718.5,-0.047,-0.047,-2.317,1.337,0.002,5.0,100,-33.467225,-70.657605,0,MANUAL
718.73,-0.047,-0.047,-2.317,1.337,0.002,5.0,100,-33.467225,-70.657605,0,MANUAL
718.93,-0.047,-0.047,-2.317,1.337,0.002,5.0,100,-33.467225,-70.657605,0,MANUAL
719.19,-0.047,-0.047,-2.317,1.337,0.002,5.0,100,-33.467225,-70.657605,0,MANUAL
719.4,-0.047,-0.047,-2.316,1.337,0.001,5.0,100,-33.467225,-70.657605,0,MANUAL
719.64,-0.047,-0.047,-2.316,1.337,0.001,5.0,100,-33.467225,-70.657605,0,MANUAL
719.86,-0.047,-0.047,-2.316,1.337,0.001,5.0,100,-33.467225,-70.657605,0,MANUAL
720.09,-0.047,-0.047,-2.317,1.337,0.001,5.0,100,-33.467225,-70.657605,0,MANUAL
720.35,-0.047,-0.047,-2.317,1.337,0.001,5.0,100,-33.467225,-70.657605,0,MANUAL
720.73,-0.047,-0.047,-2.317,1.337,0.001,5.0,100,-33.467225,-70.657605,0,MANUAL
720.91,-0.047,-0.047,-2.317,1.337,0.001,5.0,100,-33.467225,-70.657605,0,MANUAL
721.07,-0.047,-0.047,-2.317,1.337,0.001,5.0,100,-33.467225,-70.657605,0,MANUAL
721.4,-0.047,-0.047,-2.317,1.337,0.001,5.0,100,-33.467225,-70.657605,0,MANUAL
721.6,-0.047,-0.047,-2.317,1.337,0.001,5.0,100,-33.467225,-70.657605,0,MANUAL
721.99,-0.047,-0.047,-2.317,1.353,0.001,5.0,100,-33.467225,-70.657605,0,MANUAL
722.09,-0.047,-0.047,-2.317,1.353,0.0,5.0,100,-33.467225,-70.657605,0,MANUAL
722.3,-0.047,-0.047,-2.317,1.353,0.0,5.0,100,-33.467225,-70.657605,0,MANUAL
722.53,-0.047,-0.047,-2.317,1.353,0.0,5.0,100,-33.467225,-70.657605,0,MANUAL
722.78,-0.047,-0.047,-2.317,1.353,0.0,5.0,100,-33.467225,-70.657605,0,MANUAL
722.98,-0.047,-0.047,-2.317,1.353,0.0,5.0,100,-33.467225,-70.657605,0,MANUAL
723.21,-0.047,-0.047,-2.317,1.353,0.0,5.0,100,-33.467225,-70.657605,0,MANUAL
723.46,-0.047,-0.047,-2.317,1.353,0.0,5.0,100,-33.467225,-70.657605,0,MANUAL
723.69,-0.047,-0.047,-2.317,1.353,0.0,5.0,100,-33.467225,-70.657605,0,MANUAL
723.92,-0.047,-0.047,-2.317,1.353,0.001,5.0,100,-33.467225,-70.657605,0,MANUAL
724.15,-0.047,-0.047,-2.317,1.353,0.001,5.0,100,-33.467225,-70.657605,0,MANUAL
724.38,-0.047,-0.047,-2.317,1.353,0.001,5.0,100,-33.467225,-70.657605,0,MANUAL
724.63,-0.047,-0.047,-2.317,1.353,0.001,5.0,100,-33.467225,-70.657605,0,MANUAL
724.99,-0.047,-0.047,-2.317,1.353,0.001,5.0,100,-33.467225,-70.657605,0,MANUAL
725.18,-0.047,-0.047,-2.317,1.353,0.001,5.0,100,-33.467225,-70.657605,0,MANUAL
725.38,-0.047,-0.047,-2.317,1.368,0.001,5.0,100,-33.467225,-70.657605,0,MANUAL
725.66,-0.047,-0.047,-2.317,1.368,0.001,5.0,100,-33.467225,-70.657605,0,MANUAL
725.87,-0.047,-0.047,-2.317,1.368,0.001,5.0,100,-33.467225,-70.657605,0,MANUAL
726.1,-0.047,-0.047,-2.317,1.368,0.001,5.0,100,-33.467225,-70.657605,0,MANUAL
726.35,-0.047,-0.047,-2.317,1.368,0.001,5.0,100,-33.467225,-70.657605,0,MANUAL
726.55,-0.047,-0.047,-2.317,1.368,0.001,5.0,100,-33.467225,-70.657605,0,MANUAL
726.81,-0.047,-0.047,-2.317,1.368,0.001,5.0,100,-33.467225,-70.657605,0,MANUAL
727.03,-0.047,-0.047,-2.317,1.368,0.001,5.0,100,-33.467225,-70.657605,0,MANUAL
727.26,-0.047,-0.047,-2.317,1.368,0.001,5.0,100,-33.467225,-70.657605,0,MANUAL
727.52,-0.047,-0.047,-2.317,1.368,0.001,5.0,100,-33.467225,-70.657605,0,MANUAL
727.72,-0.047,-0.047,-2.317,1.368,0.001,5.0,100,-33.467225,-70.657605,0,MANUAL
727.98,-0.047,-0.047,-2.317,1.368,0.001,5.0,100,-33.467225,-70.657605,0,MANUAL
728.21,-0.047,-0.047,-2.317,1.368,0.001,5.0,100,-33.467225,-70.657605,0,MANUAL
728.56,-0.047,-0.047,-2.318,1.368,0.001,5.0,100,-33.467225,-70.657605,0,MANUAL
728.77,-0.047,-0.047,-2.318,1.368,0.001,5.0,100,-33.467225,-70.657605,0,MANUAL
729.12,-0.047,-0.047,-2.318,1.427,0.001,5.0,100,-33.467225,-70.657605,0,MANUAL
729.23,-0.047,-0.047,-2.318,1.427,0.0,5.0,100,-33.467225,-70.657605,0,MANUAL
729.45,-0.047,-0.047,-2.318,1.427,0.0,5.0,100,-33.467225,-70.657605,0,MANUAL
729.68,-0.047,-0.047,-2.318,1.427,0.0,5.0,100,-33.467225,-70.657605,0,MANUAL
729.91,-0.047,-0.047,-2.318,1.427,0.0,5.0,100,-33.467225,-70.657605,0,MANUAL
730.14,-0.047,-0.047,-2.318,1.427,0.001,5.0,100,-33.467225,-70.657605,0,MANUAL
730.37,-0.047,-0.047,-2.318,1.427,0.001,5.0,100,-33.467225,-70.657605,0,MANUAL
730.62,-0.047,-0.047,-2.318,1.427,0.001,5.0,100,-33.467225,-70.657605,0,MANUAL
730.85,-0.047,-0.047,-2.318,1.427,0.001,5.0,100,-33.467225,-70.657605,0,MANUAL
731.08,-0.047,-0.047,-2.318,1.427,0.002,5.0,100,-33.467225,-70.657605,0,MANUAL
731.31,-0.047,-0.047,-2.318,1.427,0.002,5.0,100,-33.467225,-70.657605,0,MANUAL
731.54,-0.047,-0.047,-2.318,1.427,0.002,5.0,100,-33.467225,-70.657605,0,MANUAL
731.79,-0.047,-0.047,-2.318,1.427,0.002,5.0,100,-33.467225,-70.657605,0,MANUAL
732.15,-0.047,-0.047,-2.318,1.427,0.002,5.0,100,-33.467225,-70.657605,0,MANUAL
732.23,-0.047,-0.047,-2.318,1.427,0.002,5.0,100,-33.467225,-70.657605,0,MANUAL
732.56,-0.047,-0.047,-2.318,1.482,0.002,5.0,100,-33.467225,-70.657605,0,MANUAL
732.84,-0.047,-0.047,-2.318,1.482,0.001,5.0,100,-33.467225,-70.657605,0,MANUAL
733.04,-0.047,-0.047,-2.318,1.482,0.001,5.0,100,-33.467225,-70.657605,0,MANUAL
733.27,-0.047,-0.047,-2.318,1.482,0.001,5.0,100,-33.467225,-70.657605,0,MANUAL
733.52,-0.047,-0.047,-2.318,1.482,0.001,5.0,100,-33.467225,-70.657605,0,MANUAL
733.73,-0.047,-0.047,-2.318,1.482,0.002,5.0,100,-33.467225,-70.657605,0,MANUAL
733.95,-0.047,-0.047,-2.318,1.482,0.002,5.0,100,-33.467225,-70.657605,0,MANUAL
734.21,-0.047,-0.047,-2.318,1.482,0.002,5.0,100,-33.467225,-70.657605,0,MANUAL
734.41,-0.047,-0.047,-2.318,1.482,0.002,5.0,100,-33.467225,-70.657605,0,MANUAL
734.64,-0.047,-0.047,-2.318,1.482,0.002,5.0,100,-33.467225,-70.657605,0,MANUAL
734.87,-0.047,-0.047,-2.318,1.482,0.002,5.0,100,-33.467225,-70.657605,0,MANUAL
735.1,-0.047,-0.047,-2.318,1.482,0.002,5.0,100,-33.467225,-70.657605,0,MANUAL
735.38,-0.047,-0.047,-2.318,1.482,0.002,5.0,100,-33.467225,-70.657605,0,MANUAL
735.74,-0.047,-0.047,-2.318,1.482,0.002,5.0,100,-33.467225,-70.657605,0,MANUAL
735.91,-0.047,-0.047,-2.318,1.482,0.002,5.0,100,-33.467225,-70.657605,0,MANUAL
736.14,-0.047,-0.047,-2.318,1.534,0.002,5.0,100,-33.467225,-70.657605,0,MANUAL
736.42,-0.047,-0.047,-2.318,1.534,0.002,5.0,100,-33.467225,-70.657605,0,MANUAL
736.6,-0.047,-0.047,-2.318,1.534,0.002,5.0,100,-33.467225,-70.657605,0,MANUAL
736.83,-0.047,-0.047,-2.318,1.534,0.002,5.0,100,-33.467225,-70.657605,0,MANUAL
737.11,-0.047,-0.047,-2.318,1.534,0.002,5.0,100,-33.467225,-70.657605,0,MANUAL
737.32,-0.047,-0.047,-2.318,1.534,0.002,5.0,100,-33.467225,-70.657605,0,MANUAL
737.52,-0.047,-0.047,-2.318,1.534,0.002,5.0,100,-33.467225,-70.657605,0,MANUAL
737.78,-0.047,-0.047,-2.318,1.534,0.002,5.0,100,-33.467225,-70.657605,0,MANUAL
738.01,-0.047,-0.047,-2.318,1.534,0.002,5.0,100,-33.467225,-70.657605,0,MANUAL
738.23,-0.047,-0.047,-2.318,1.534,0.001,5.0,100,-33.467225,-70.657605,0,MANUAL
738.49,-0.047,-0.047,-2.318,1.534,0.001,5.0,100,-33.467225,-70.657605,0,MANUAL
738.69,-0.047,-0.047,-2.319,1.534,0.001,5.0,100,-33.467225,-70.657605,0,MANUAL
738.95,-0.047,-0.047,-2.318,1.534,0.001,5.0,100,-33.467225,-70.657605,0,MANUAL
739.15,-0.047,-0.047,-2.318,1.534,0.001,5.0,100,-33.467225,-70.657605,0,MANUAL
739.38,-0.047,-0.047,-2.319,1.534,0.001,5.0,100,-33.467225,-70.657605,0,MANUAL
739.79,-0.047,-0.047,-2.319,1.579,0.001,5.0,100,-33.467225,-70.657605,0,MANUAL
740.0,-0.047,-0.047,-2.319,1.579,0.001,5.0,100,-33.467225,-70.657605,0,MANUAL
740.17,-0.047,-0.047,-2.319,1.579,0.001,5.0,100,-33.467225,-70.657605,0,MANUAL
740.4,-0.047,-0.047,-2.319,1.579,0.001,5.0,100,-33.467225,-70.657605,0,MANUAL
740.68,-0.047,-0.047,-2.319,1.579,0.001,5.0,100,-33.467225,-70.657605,0,MANUAL
740.89,-0.047,-0.047,-2.319,1.579,0.0,5.0,100,-33.467225,-70.657605,0,MANUAL
741.09,-0.047,-0.047,-2.319,1.579,0.0,5.0,100,-33.467225,-70.657605,0,MANUAL
741.35,-0.047,-0.047,-2.319,1.579,0.0,5.0,100,-33.467225,-70.657605,0,MANUAL
741.58,-0.047,-0.047,-2.319,1.579,0.0,5.0,100,-33.467225,-70.657605,0,MANUAL
741.81,-0.047,-0.047,-2.319,1.579,0.001,5.0,100,-33.467225,-70.657605,0,MANUAL
742.06,-0.047,-0.047,-2.319,1.579,0.001,5.0,100,-33.467225,-70.657605,0,MANUAL
742.26,-0.047,-0.047,-2.319,1.579,0.001,5.0,100,-33.467225,-70.657605,0,MANUAL
742.54,-0.047,-0.047,-2.319,1.579,0.002,5.0,100,-33.467225,-70.657605,0,MANUAL
742.72,-0.047,-0.047,-2.319,1.579,0.002,5.0,100,-33.467225,-70.657605,0,MANUAL
742.98,-0.047,-0.047,-2.319,1.579,0.002,5.0,100,-33.467225,-70.657605,0,MANUAL
743.46,-0.047,-0.047,-2.319,1.616,0.002,5.0,100,-33.467225,-70.657605,0,MANUAL
743.46,-0.047,-0.047,-2.319,1.616,0.001,5.0,100,-33.467225,-70.657605,0,MANUAL
743.77,-0.047,-0.047,-2.319,1.616,0.001,5.0,100,-33.467225,-70.657605,0,MANUAL
744.02,-0.047,-0.047,-2.319,1.616,0.001,5.0,100,-33.467225,-70.657605,0,MANUAL
744.28,-0.047,-0.047,-2.319,1.616,0.001,5.0,100,-33.467225,-70.657605,0,MANUAL
744.45,-0.047,-0.047,-2.319,1.616,0.002,5.0,100,-33.467225,-70.657605,0,MANUAL
744.71,-0.047,-0.047,-2.319,1.616,0.002,5.0,100,-33.467225,-70.657605,0,MANUAL
744.91,-0.047,-0.047,-2.319,1.616,0.002,5.0,100,-33.467225,-70.657605,0,MANUAL
745.17,-0.047,-0.047,-2.319,1.616,0.002,5.0,100,-33.467225,-70.657605,0,MANUAL
745.39,-0.047,-0.047,-2.319,1.616,0.0,5.0,100,-33.467225,-70.657605,0,MANUAL
745.62,-0.047,-0.047,-2.319,1.616,0.0,5.0,100,-33.467225,-70.657605,0,MANUAL
745.86,-0.047,-0.047,-2.319,1.616,0.0,5.0,100,-33.467225,-70.657605,0,MANUAL
746.11,-0.047,-0.047,-2.319,1.616,0.001,5.0,100,-33.467225,-70.657605,0,MANUAL
746.32,-0.047,-0.047,-2.319,1.616,0.001,5.0,100,-33.467225,-70.657605,0,MANUAL
746.55,-0.047,-0.047,-2.319,1.616,0.001,5.0,100,-33.467225,-70.657605,0,MANUAL
746.96,-0.047,-0.047,-2.319,1.644,0.001,5.0,100,-33.467225,-70.657605,0,MANUAL
747.01,-0.047,-0.047,-2.319,1.644,0.001,5.0,100,-33.467225,-70.657605,0,MANUAL
747.35,-0.047,-0.047,-2.319,1.644,0.001,5.0,100,-33.467225,-70.657605,0,MANUAL
747.56,-0.047,-0.047,-2.319,1.644,0.001,5.0,100,-33.467225,-70.657605,0,MANUAL
747.84,-0.047,-0.047,-2.319,1.644,0.001,5.0,100,-33.467225,-70.657605,0,MANUAL
748.04,-0.047,-0.047,-2.319,1.644,0.0,5.0,100,-33.467225,-70.657605,0,MANUAL
748.27,-0.047,-0.047,-2.319,1.644,0.0,5.0,100,-33.467225,-70.657605,0,MANUAL
748.52,-0.047,-0.047,-2.319,1.644,0.0,5.0,100,-33.467225,-70.657605,0,MANUAL
748.72,-0.047,-0.047,-2.319,1.644,0.0,5.0,100,-33.467225,-70.657605,0,MANUAL
748.95,-0.047,-0.047,-2.319,1.644,0.001,5.0,100,-33.467225,-70.657605,0,MANUAL
749.21,-0.047,-0.047,-2.319,1.644,0.001,5.0,100,-33.467225,-70.657605,0,MANUAL
749.44,-0.047,-0.047,-2.319,1.644,0.001,5.0,100,-33.467225,-70.657605,0,MANUAL
749.66,-0.047,-0.047,-2.319,1.644,0.001,5.0,100,-33.467225,-70.657605,0,MANUAL
749.89,-0.047,-0.047,-2.319,1.644,0.001,5.0,100,-33.467225,-70.657605,0,MANUAL
750.12,-0.047,-0.047,-2.319,1.644,0.001,5.0,100,-33.467225,-70.657605,0,MANUAL
750.61,-0.047,-0.047,-2.319,1.666,0.001,5.0,100,-33.467225,-70.657605,0,MANUAL
750.61,-0.047,-0.047,-2.319,1.666,0.001,5.0,100,-33.467225,-70.657605,0,MANUAL
750.81,-0.047,-0.047,-2.319,1.666,0.001,5.0,100,-33.467225,-70.657605,0,MANUAL
751.17,-0.047,-0.047,-2.319,1.666,0.001,5.0,100,-33.467225,-70.657605,0,MANUAL
751.45,-0.047,-0.047,-2.319,1.666,0.001,5.0,100,-33.467225,-70.657605,0,MANUAL
751.63,-0.047,-0.047,-2.319,1.666,0.0,5.0,100,-33.467225,-70.657605,0,MANUAL
751.85,-0.047,-0.047,-2.319,1.666,0.0,5.0,100,-33.467225,-70.657605,0,MANUAL
752.09,-0.047,-0.047,-2.319,1.666,0.0,5.0,100,-33.467225,-70.657605,0,MANUAL
752.32,-0.047,-0.047,-2.319,1.666,0.0,5.0,100,-33.467225,-70.657605,0,MANUAL
752.52,-0.047,-0.047,-2.319,1.666,0.001,5.0,100,-33.467225,-70.657605,0,MANUAL
752.8,-0.047,-0.047,-2.319,1.666,0.001,5.0,100,-33.467225,-70.657605,0,MANUAL
753.01,-0.047,-0.047,-2.319,1.666,0.001,5.0,100,-33.467225,-70.657605,0,MANUAL
753.27,-0.047,-0.047,-2.319,1.666,0.002,5.0,100,-33.467225,-70.657605,0,MANUAL
753.48,-0.047,-0.047,-2.319,1.666,0.002,5.0,100,-33.467225,-70.657605,0,MANUAL
753.73,-0.047,-0.047,-2.319,1.666,0.002,5.0,100,-33.467225,-70.657605,0,MANUAL
754.04,-0.047,-0.047,-2.319,1.693,0.002,5.0,100,-33.467225,-70.657605,0,MANUAL
754.17,-0.047,-0.047,-2.319,1.693,0.0,5.0,100,-33.467225,-70.657605,0,MANUAL
754.4,-0.047,-0.047,-2.319,1.693,0.0,5.0,100,-33.467225,-70.657605,0,MANUAL
754.72,-0.047,-0.047,-2.32,1.693,0.0,5.0,100,-33.467225,-70.657605,0,MANUAL
754.97,-0.047,-0.047,-2.32,1.693,0.0,5.0,100,-33.467225,-70.657605,0,MANUAL
755.2,-0.047,-0.047,-2.32,1.693,0.003,5.0,100,-33.467225,-70.657605,0,MANUAL
755.43,-0.047,-0.047,-2.32,1.693,0.003,5.0,100,-33.467225,-70.657605,0,MANUAL
755.69,-0.047,-0.047,-2.32,1.693,0.003,5.0,100,-33.467225,-70.657605,0,MANUAL
755.89,-0.047,-0.047,-2.32,1.693,0.003,5.0,100,-33.467225,-70.657605,0,MANUAL
756.12,-0.047,-0.047,-2.32,1.693,0.001,5.0,100,-33.467225,-70.657605,0,MANUAL
756.38,-0.047,-0.047,-2.32,1.693,0.001,5.0,100,-33.467225,-70.657605,0,MANUAL
756.58,-0.047,-0.047,-2.32,1.693,0.001,5.0,100,-33.467225,-70.657605,0,MANUAL
756.82,-0.047,-0.047,-2.32,1.693,0.001,5.0,100,-33.467225,-70.657605,0,MANUAL
757.05,-0.047,-0.047,-2.32,1.693,0.001,5.0,100,-33.467225,-70.657605,0,MANUAL
757.29,-0.047,-0.047,-2.32,1.693,0.001,5.0,100,-33.467225,-70.657605,0,MANUAL
757.77,-0.047,-0.047,-2.32,1.71,0.001,5.0,100,-33.467225,-70.657605,0,MANUAL
757.77,-0.047,-0.047,-2.32,1.71,0.001,5.0,100,-33.467225,-70.657605,0,MANUAL
757.98,-0.047,-0.047,-2.32,1.71,0.001,5.0,100,-33.467225,-70.657605,0,MANUAL
758.31,-0.047,-0.047,-2.32,1.71,0.001,5.0,100,-33.467225,-70.657605,0,MANUAL
758.59,-0.047,-0.047,-2.32,1.71,0.001,5.0,100,-33.467225,-70.657605,0,MANUAL
758.77,-0.047,-0.047,-2.32,1.71,0.001,5.0,100,-33.467225,-70.657605,0,MANUAL
759.01,-0.047,-0.047,-2.32,1.71,0.001,5.0,100,-33.467225,-70.657605,0,MANUAL
759.26,-0.047,-0.047,-2.32,1.71,0.001,5.0,100,-33.467225,-70.657605,0,MANUAL
759.49,-0.047,-0.047,-2.32,1.71,0.001,5.0,100,-33.467225,-70.657605,0,MANUAL
